"sim","mode","first_crossing","peak","final"
1,"history_naive",15,9.75464221329964e+285,9.75464221329964e+285
1,"practical_naive",NA,1.17032468613215,0.0920890179769254
1,"correct_conditional",NA,1.17275892774659,0.122912324134939
2,"history_naive",14,9.6478760479737e+285,9.6478760479737e+285
2,"practical_naive",NA,1.87494518131261,0.0304264963269241
2,"correct_conditional",NA,5.41811628460568,0.0065293298825336
3,"history_naive",15,9.80356208609588e+285,9.80356208609588e+285
3,"practical_naive",NA,4.85742575258357,0.158127608467844
3,"correct_conditional",NA,2.65739456270779,0.147781454605453
4,"history_naive",14,9.48516772864726e+285,9.48516772864726e+285
4,"practical_naive",NA,1.02672015689637,0.186594383196694
4,"correct_conditional",NA,2.38957877461225,1.59273925762844
5,"history_naive",15,9.66720078233755e+285,9.66720078233755e+285
5,"practical_naive",NA,1.27095933741299,0.191938000194891
5,"correct_conditional",NA,1.25691988877394,0.156000024761641
6,"history_naive",14,9.66720078233759e+285,9.66720078233759e+285
6,"practical_naive",NA,1.21749958996924,0.256091281114669
6,"correct_conditional",NA,1.42676761525552,0.289682664492861
7,"history_naive",14,7.46384898102985e+285,4.97589932068657e+285
7,"practical_naive",NA,1.17428305073365,0.176039223629866
7,"correct_conditional",NA,1.4072634877711,0.553314499169453
8,"history_naive",14,7.15670884193127e+285,4.77113922795418e+285
8,"practical_naive",NA,1.03385109739837,0.205172182343379
8,"correct_conditional",NA,1.09842510215026,0.239816272131713
9,"history_naive",15,7.1710437584043e+285,4.7806958389362e+285
9,"practical_naive",NA,2.76073528213599,0.215405703268688
9,"correct_conditional",NA,2.78775483411121,0.569484138554007
10,"history_naive",15,7.28676159996821e+285,4.85784106664547e+285
10,"practical_naive",NA,3.77796596553887,0.209191785135716
10,"correct_conditional",NA,1.56403306817908,0.131093968961295
11,"history_naive",14,7.39694241274012e+285,4.93129494182675e+285
11,"practical_naive",NA,3.47539229297582,0.979856822726483
11,"correct_conditional",NA,3.88869433228994,1.49770841867145
12,"history_naive",15,9.62858994375374e+285,9.62858994375374e+285
12,"practical_naive",NA,7.73433156044341,0.668479005715285
12,"correct_conditional",NA,2.39152474969505,0.517812688881357
13,"history_naive",14,9.72540754083175e+285,9.72540754083175e+285
13,"practical_naive",NA,1.03901884763045,0.431995711710591
13,"correct_conditional",NA,1.06166717913109,0.876034194879346
14,"history_naive",14,7.20700679434215e+285,4.8046711962281e+285
14,"practical_naive",NA,1.00611684815678,0.210286220880991
14,"correct_conditional",NA,1.02133360419116,0.184672754117064
15,"history_naive",14,7.31598165997473e+285,4.87732110664982e+285
15,"practical_naive",NA,2.23007925674158,1.09540236752927
15,"correct_conditional",NA,1.05380869076089,0.697766265806908
16,"history_naive",14,7.22144245781531e+285,4.81429497187687e+285
16,"practical_naive",NA,3.47108725342045,0.185104716712957
16,"correct_conditional",NA,2.45072160469341,0.540446545676155
17,"history_naive",14,9.71568213329094e+285,9.71568213329094e+285
17,"practical_naive",NA,1.30398513045617,0.138719957858459
17,"correct_conditional",NA,1.34212669449064,0.360138234083621
18,"history_naive",14,7.30135701263644e+285,4.86757134175763e+285
18,"practical_naive",NA,3.59488372114317,0.247695142935807
18,"correct_conditional",1317,153.5724083138,16.7643543611026
19,"history_naive",14,9.58054318369665e+285,9.58054318369665e+285
19,"practical_naive",NA,1.71232531122394,0.283619680269718
19,"correct_conditional",NA,1.48687924337306,0.76867646990969
20,"history_naive",14,7.04305631075847e+285,4.69537087383898e+285
20,"practical_naive",NA,1.29066542833904,1.01458379722768
20,"correct_conditional",NA,1.37714621495324,0.706498004108015
21,"history_naive",15,7.42660430001333e+285,4.95106953334222e+285
21,"practical_naive",NA,1.02488000688548,0.247354558525395
21,"correct_conditional",NA,1.01089549498112,0.367101327316854
22,"history_naive",14,9.85272729376982e+285,9.85272729376982e+285
22,"practical_naive",NA,13.7875568226425,7.14782398983533
22,"correct_conditional",NA,6.08309707758109,2.75624124230853
23,"history_naive",15,9.94184684273178e+285,9.94184684273178e+285
23,"practical_naive",NA,1.34794048727464,0.188785435808304
23,"correct_conditional",NA,1,0.158328215563413
24,"history_naive",15,9.63822817192565e+285,9.63822817192565e+285
24,"practical_naive",NA,3.57505832522277,0.333370366410226
24,"correct_conditional",NA,3.09998215898015,1.06566758946001
25,"history_naive",15,7.12812491819694e+285,4.75208327879796e+285
25,"practical_naive",NA,1.53591775963892,0.168230832536066
25,"correct_conditional",NA,2.54264441496578,0.429267554287612
26,"history_naive",14,9.50416655759594e+285,9.50416655759594e+285
26,"practical_naive",NA,1.29580235019918,0.162181258777789
26,"correct_conditional",NA,1.07624953837621,0.496666938007442
27,"history_naive",14,7.22144245781533e+285,4.81429497187689e+285
27,"practical_naive",2044,25.1339548215446,10.5570057450648
27,"correct_conditional",NA,6.46683730516962,0.616551931689304
28,"history_naive",14,9.93190499588902e+285,9.93190499588902e+285
28,"practical_naive",NA,1.08701801038124,0.228734902216535
28,"correct_conditional",NA,1.03182193792011,0.348126290607415
29,"history_naive",14,9.7059664511576e+285,9.7059664511576e+285
29,"practical_naive",NA,2.04198993144776,0.35713603034036
29,"correct_conditional",NA,1.71164605935521,0.0830248364612888
30,"history_naive",14,9.77418080072027e+285,9.77418080072027e+285
30,"practical_naive",NA,1.78236855860641,0.172635696883439
30,"correct_conditional",NA,2.54770922965916,0.306529552288772
31,"history_naive",14,7.25040058675312e+285,4.83360039116875e+285
31,"practical_naive",NA,3.50314546592732,0.26970503637277
31,"correct_conditional",NA,4.46245859970253,0.343040277210089
32,"history_naive",14,7.21422101535749e+285,4.809480676905e+285
32,"practical_naive",NA,2.55357137661084,1.12883894468862
32,"correct_conditional",NA,4.06580462967551,2.55270830987627
33,"history_naive",14,7.27219536352984e+285,4.84813024235323e+285
33,"practical_naive",NA,7.70509067132395,0.459431925454913
33,"correct_conditional",NA,6.05117797657994,0.289764020185427
34,"history_naive",14,9.74488757108632e+285,9.74488757108632e+285
34,"practical_naive",NA,7.16729144662555,0.268791637587733
34,"correct_conditional",NA,4.67638177084788,0.248811074224084
35,"history_naive",14,7.15670884193129e+285,4.77113922795419e+285
35,"practical_naive",NA,2.41057850642269,1.46424842298915
35,"correct_conditional",NA,1.23001242077709,0.910052406712239
36,"history_naive",15,9.76440661991957e+285,9.76440661991957e+285
36,"practical_naive",NA,3.45417849964838,0.183930339308496
36,"correct_conditional",NA,1.83724414047402,0.290623713355666
37,"history_naive",14,9.64787604797362e+285,9.64787604797362e+285
37,"practical_naive",NA,1.31942885346299,0.221873161461593
37,"correct_conditional",NA,1.27736067674204,0.446012648537828
38,"history_naive",14,9.5997330500637e+285,9.5997330500637e+285
38,"practical_naive",NA,1.14403611193534,0.200312227942062
38,"correct_conditional",NA,1.10711573360417,0.193948998767157
39,"history_naive",14,9.89223692761778e+285,9.89223692761778e+285
39,"practical_naive",NA,5.41350650839044,1.16566011229856
39,"correct_conditional",610,86.1630175419401,30.5216923046723
40,"history_naive",15,7.34531889300734e+285,4.89687926200489e+285
40,"practical_naive",NA,4.18237500757689,0.165303236342587
40,"correct_conditional",NA,3.01467834859594,0.153293387455673
41,"history_naive",15,9.6285899437537e+285,9.6285899437537e+285
41,"practical_naive",NA,1.23044513969356,0.176989745128735
41,"correct_conditional",NA,1.52076761981412,0.547056453203558
42,"history_naive",14,9.65753358155515e+285,9.65753358155515e+285
42,"practical_naive",179,32.0923912438847,0.0990555168914963
42,"correct_conditional",NA,17.9342465576789,0.0649323982556854
43,"history_naive",14,9.69626048470646e+285,9.69626048470646e+285
43,"practical_naive",NA,4.65219527570651,0.108082941767046
43,"correct_conditional",NA,2.95324139575217,0.0336756454834511
44,"history_naive",14,7.32330496493965e+285,4.88220330995977e+285
44,"practical_naive",NA,10.1749819454358,0.800626969397355
44,"correct_conditional",1029,30.8840423467298,12.4165565059974
45,"history_naive",15,7.20700679434212e+285,4.80467119622808e+285
45,"practical_naive",NA,8.08855755866315,1.91154018043722
45,"correct_conditional",NA,2.82121970264277,1.78896663020111
46,"history_naive",14,9.43783664687707e+285,9.43783664687707e+285
46,"practical_naive",NA,1.11380390241663,0.640619942928216
46,"correct_conditional",NA,1.08076733945172,0.504695936565772
47,"history_naive",14,7.27947483836824e+285,4.85298322557883e+285
47,"practical_naive",NA,1.35536207128711,0.664877368366229
47,"correct_conditional",NA,1.78785622177673,0.546910351108799
48,"history_naive",14,9.53273617745242e+285,9.53273617745242e+285
48,"practical_naive",NA,1.76072246287951,0.0888615795391206
48,"correct_conditional",NA,1.27126159756049,0.333924572295062
49,"history_naive",14,7.33063560054019e+285,4.88709040036013e+285
49,"practical_naive",NA,1.31424969834013,0.0920713892336088
49,"correct_conditional",NA,1.28480789902894,0.122667787963629
50,"history_naive",14,9.83303169190957e+285,9.83303169190957e+285
50,"practical_naive",NA,1.76888070638611,0.642544425825798
50,"correct_conditional",1255,41.1147559467769,29.6967254015602
51,"history_naive",14,9.59013331701365e+285,9.59013331701365e+285
51,"practical_naive",NA,1.14059422560138,0.209721602697146
51,"correct_conditional",NA,1.02022904672316,0.20513341377798
52,"history_naive",14,9.47568256091862e+285,9.47568256091862e+285
52,"practical_naive",NA,3.13683033425053,0.226636365420423
52,"correct_conditional",NA,2.23717937641759,0.31203815544168
53,"history_naive",14,9.73514268351523e+285,9.73514268351523e+285
53,"practical_naive",NA,6.56959669338707,0.485936522436236
53,"correct_conditional",NA,6.11503085549383,0.502299657566156
54,"history_naive",14,9.74488757108637e+285,9.74488757108637e+285
54,"practical_naive",NA,1.53367350777078,0.267931073348001
54,"correct_conditional",NA,3.05617904609602,0.528209435685336
55,"history_naive",14,9.85272729376982e+285,9.85272729376982e+285
55,"practical_naive",NA,1.65409368538669,0.146501871082379
55,"correct_conditional",NA,1.28481744163685,0.203508795443382
56,"history_naive",14,9.73514268351531e+285,9.73514268351531e+285
56,"practical_naive",NA,1.1767870893454,0.171772881700814
56,"correct_conditional",NA,1.09454714155785,0.205071673927516
57,"history_naive",14,9.76440661991954e+285,9.76440661991954e+285
57,"practical_naive",NA,1.03082420843985,0.210816129573085
57,"correct_conditional",NA,1.38027049607945,0.717035210566295
58,"history_naive",14,9.68656422422177e+285,9.68656422422177e+285
58,"practical_naive",NA,2.65746210002036,0.421250173906196
58,"correct_conditional",NA,1.7995041862763,0.138889368971875
59,"history_naive",15,9.48516772864725e+285,9.48516772864725e+285
59,"practical_naive",NA,1.06569552729524,0.504417330107715
59,"correct_conditional",NA,1.11832750479412,0.219628674617646
60,"history_naive",14,9.79375852400978e+285,9.79375852400978e+285
60,"practical_naive",NA,1.21911795211807,0.469890987361599
60,"correct_conditional",NA,1.00609183124312,0.572854246505051
61,"history_naive",14,9.51368023783377e+285,9.51368023783377e+285
61,"practical_naive",NA,2.26595108900965,0.280249285460318
61,"correct_conditional",NA,1.50311544726354,0.137158842069516
62,"history_naive",15,9.89223692761774e+285,9.89223692761774e+285
62,"practical_naive",NA,1.76541307707946,0.177913715745466
62,"correct_conditional",NA,1.67549873944108,0.883017503277785
63,"history_naive",14,9.51368023783375e+285,9.51368023783375e+285
63,"practical_naive",NA,2.99638413809161,0.0709522543437551
63,"correct_conditional",NA,1.76444099939991,0.0189489775624113
64,"history_naive",14,9.80356208609589e+285,9.80356208609589e+285
64,"practical_naive",NA,1.32239025676545,0.234543616317793
64,"correct_conditional",NA,1.25121434472359,0.420039772439748
65,"history_naive",15,9.7937585240098e+285,9.7937585240098e+285
65,"practical_naive",NA,2.06032281386241,0.286146625398968
65,"correct_conditional",NA,1.39639523102417,0.303168461825023
66,"history_naive",14,9.72540754083173e+285,9.72540754083173e+285
66,"practical_naive",NA,1.18723207765053,0.179353226458676
66,"correct_conditional",NA,1.21222003315793,0.16692579718242
67,"history_naive",14,9.94184684273176e+285,9.94184684273176e+285
67,"practical_naive",NA,1.61626002140327,0.217567835375832
67,"correct_conditional",NA,2.00244310957449,0.966047655847528
68,"history_naive",15,7.34531889300735e+285,4.8968792620049e+285
68,"practical_naive",NA,1.54932754660411,0.333949600480591
68,"correct_conditional",NA,1.3066238459841,0.346109102696647
69,"history_naive",15,7.2431501861664e+285,4.8287667907776e+285
69,"practical_naive",NA,2.04686608504458,0.114600978196586
69,"correct_conditional",NA,1.64615907806537,0.24201865014838
70,"history_naive",14,9.76440661991957e+285,9.76440661991957e+285
70,"practical_naive",NA,1.63293110934822,0.13561805487301
70,"correct_conditional",NA,1.57964941443795,0.167838399918648
71,"history_naive",14,9.69626048470645e+285,9.69626048470645e+285
71,"practical_naive",NA,1.99590770498097,0.310527136569004
71,"correct_conditional",NA,1.02440104244778,0.137292999070208
72,"history_naive",14,7.2649231681663e+285,4.84328211211086e+285
72,"practical_naive",NA,2.42264517724183,0.426600365834641
72,"correct_conditional",NA,3.62074024720349,0.803083913614838
73,"history_naive",14,9.91205111780224e+285,9.91205111780224e+285
73,"practical_naive",NA,1.21271576521306,0.212539397285065
73,"correct_conditional",NA,1.64919545969702,0.593188431316585
74,"history_naive",15,9.77418080072027e+285,9.77418080072027e+285
74,"practical_naive",NA,2.9682079169983,0.294222557182584
74,"correct_conditional",NA,2.09943987841036,0.16763459427301
75,"history_naive",14,9.78396476548575e+285,9.78396476548575e+285
75,"practical_naive",NA,2.11396269590326,1.08264555905411
75,"correct_conditional",NA,3.91605689547426,2.70592967369991
76,"history_naive",14,7.29405565562382e+285,4.86270377041588e+285
76,"practical_naive",NA,1.18137863197556,0.195517548059081
76,"correct_conditional",NA,1.49217236323182,0.280930846982967
77,"history_naive",14,9.76440661991957e+285,9.76440661991957e+285
77,"practical_naive",NA,2.05185158465693,0.508362729619756
77,"correct_conditional",NA,2.12249591246245,1.10927682913364
78,"history_naive",14,9.77418080072024e+285,9.77418080072024e+285
78,"practical_naive",NA,1.21653458763715,0.365021794834787
78,"correct_conditional",NA,1.04784866383642,0.418271704109165
79,"history_naive",14,9.70596645115758e+285,9.70596645115758e+285
79,"practical_naive",NA,1.11441054560567,0.166668948996345
79,"correct_conditional",NA,1.06251262797899,0.170077210011586
80,"history_naive",14,9.70596645115768e+285,9.70596645115768e+285
80,"practical_naive",NA,3.4887754328691,2.67587428619769
80,"correct_conditional",2550,26.4677640125907,20.2782242872569
81,"history_naive",14,7.19979978754778e+285,4.79986652503185e+285
81,"practical_naive",NA,11.5372444245262,0.113194703005271
81,"correct_conditional",NA,3.59645809306614,0.0234564263704585
82,"history_naive",15,7.10676192068894e+285,4.7378412804593e+285
82,"practical_naive",NA,1.18884771158953,0.376700813263645
82,"correct_conditional",NA,1.34120541768985,1.10163689635675
83,"history_naive",15,9.76440661991953e+285,9.76440661991953e+285
83,"practical_naive",NA,1.96547239801517,0.212205092782637
83,"correct_conditional",NA,4.47405668998804,1.04074925339624
84,"history_naive",14,7.36739899516323e+285,4.91159933010882e+285
84,"practical_naive",NA,1.2832269655499,0.201693481817142
84,"correct_conditional",NA,1.24334317977375,0.0772875551391763
85,"history_naive",14,7.34531889300733e+285,4.89687926200489e+285
85,"practical_naive",NA,1.15995909078771,0.241077016599523
85,"correct_conditional",NA,1.39247741563222,0.352018896226306
86,"history_naive",14,7.23590703598024e+285,4.82393802398683e+285
86,"practical_naive",NA,1.01478723850527,0.209921231867652
86,"correct_conditional",NA,1.74114490118917,0.420612286322662
87,"history_naive",14,7.38954547032736e+285,4.92636364688491e+285
87,"practical_naive",NA,1.37803594499329,0.169470612903821
87,"correct_conditional",NA,1.22716211372259,0.376824589048232
88,"history_naive",15,9.6768776599975e+285,9.6768776599975e+285
88,"practical_naive",NA,3.70054611029728,0.410862038050263
88,"correct_conditional",NA,5.25257089152676,3.35059024836051
89,"history_naive",14,9.55183028619457e+285,9.55183028619457e+285
89,"practical_naive",NA,1.23416788794723,0.252969708626291
89,"correct_conditional",NA,1.14369011034435,0.394489452973207
90,"history_naive",14,9.67687765999755e+285,9.67687765999755e+285
90,"practical_naive",NA,3.30281414824185,0.658232804787669
90,"correct_conditional",NA,1.62328467092232,0.552420201777267
91,"history_naive",14,9.81337546155741e+285,9.81337546155741e+285
91,"practical_naive",NA,1.01542657709972,0.21338283915611
91,"correct_conditional",NA,1.21202675244185,0.793498625336515
92,"history_naive",14,9.65753358155518e+285,9.65753358155518e+285
92,"practical_naive",NA,1.07398241842861,0.125015189768195
92,"correct_conditional",NA,1.0303483355648,0.184594661202827
93,"history_naive",15,9.59013331701358e+285,9.59013331701358e+285
93,"practical_naive",NA,2.18036222300984,0.214037411626878
93,"correct_conditional",NA,2.08883086151793,0.723607146969498
94,"history_naive",14,9.59013331701366e+285,9.59013331701366e+285
94,"practical_naive",NA,1.22027559543972,0.36342693871225
94,"correct_conditional",NA,1.48318847570317,0.424321173713725
95,"history_naive",14,9.7059664511576e+285,9.7059664511576e+285
95,"practical_naive",NA,1.94824092102804,0.266469264954218
95,"correct_conditional",NA,1.14697115363703,0.337809954544286
96,"history_naive",15,9.71568213329087e+285,9.71568213329087e+285
96,"practical_naive",NA,1.01085610410901,0.20214101485289
96,"correct_conditional",NA,1.2004353703301,0.476324579258191
97,"history_naive",14,7.33797357411437e+285,4.89198238274291e+285
97,"practical_naive",NA,7.49592275631808,0.0382968789789046
97,"correct_conditional",NA,3.04028072296564,0.413211035671693
98,"history_naive",14,7.35267156457192e+285,4.90178104304795e+285
98,"practical_naive",NA,1.25474124364495,0.202279612292401
98,"correct_conditional",NA,2.22599642324294,0.657325651878849
99,"history_naive",14,7.31598165997477e+285,4.87732110664984e+285
99,"practical_naive",NA,6.78192032031768,0.508541392982553
99,"correct_conditional",NA,16.8954302048719,5.42513739693742
100,"history_naive",14,9.56139167787241e+285,9.56139167787241e+285
100,"practical_naive",NA,1.0898832661873,0.224798131483341
100,"correct_conditional",NA,2.36823038380909,0.985860591546605
101,"history_naive",15,7.29405565562377e+285,4.86270377041585e+285
101,"practical_naive",NA,5.56475347032786,0.179941451748953
101,"correct_conditional",NA,2.65711914863139,0.443141520936295
102,"history_naive",15,9.68656422422177e+285,9.68656422422177e+285
102,"practical_naive",NA,1.06490393114077,0.231477962305726
102,"correct_conditional",NA,1.00346153846154,0.286325867795679
103,"history_naive",14,9.69626048470646e+285,9.69626048470646e+285
103,"practical_naive",NA,1,0.349451396891299
103,"correct_conditional",NA,1,0.278940142908763
104,"history_naive",14,9.71568213329089e+285,9.71568213329089e+285
104,"practical_naive",NA,2.05670677920802,0.236908099779866
104,"correct_conditional",NA,1.40069051909985,0.178526039455059
105,"history_naive",14,9.57096264051296e+285,9.57096264051296e+285
105,"practical_naive",NA,2.82264100446648,0.151573136178538
105,"correct_conditional",NA,3.06579680308083,0.343886687016237
106,"history_naive",14,9.62858994375374e+285,9.62858994375374e+285
106,"practical_naive",NA,1.15287271814326,0.183405943036589
106,"correct_conditional",NA,1.02093609519126,0.120251913852086
107,"history_naive",14,7.17822198038472e+285,4.78548132025648e+285
107,"practical_naive",NA,3.60667310455548,2.34392127683547
107,"correct_conditional",NA,2.40406406011913,0.857386898605882
108,"history_naive",14,9.84287456647602e+285,9.84287456647602e+285
108,"practical_naive",NA,1.37941589975326,0.202439499007985
108,"correct_conditional",NA,1.03370088273646,0.197504193206326
109,"history_naive",14,9.82319866021765e+285,9.82319866021765e+285
109,"practical_naive",NA,1.49596864516539,0.297981470475232
109,"correct_conditional",NA,1.16339056011653,0.355733419571005
110,"history_naive",15,7.36739899516318e+285,4.91159933010879e+285
110,"practical_naive",NA,1.98438429455691,0.201902222315905
110,"correct_conditional",NA,3.50203756034574,0.357976844503125
111,"history_naive",14,7.29405565562379e+285,4.86270377041586e+285
111,"practical_naive",NA,13.7701279844254,0.0220528352252614
111,"correct_conditional",NA,9.35379974896985,0.00489035863440056
112,"history_naive",14,9.58054318369667e+285,9.58054318369667e+285
112,"practical_naive",NA,6.59772735877542,0.11821698423086
112,"correct_conditional",NA,3.23785022285958,0.263035613160412
113,"history_naive",14,7.33797357411431e+285,4.89198238274287e+285
113,"practical_naive",NA,10.8582007634005,0.0153399514174097
113,"correct_conditional",NA,4.38854157138152,0.00234060720405375
114,"history_naive",14,9.82319866021763e+285,9.82319866021763e+285
114,"practical_naive",NA,1.12436856295616,0.213292638121938
114,"correct_conditional",NA,1.03553160755044,0.167216808473363
115,"history_naive",14,9.65753358155519e+285,9.65753358155519e+285
115,"practical_naive",NA,1.56506404041523,0.215745598986917
115,"correct_conditional",NA,1.16526072387616,0.412326346924374
116,"history_naive",14,9.84287456647605e+285,9.84287456647605e+285
116,"practical_naive",NA,1.34659449091371,0.157007149112074
116,"correct_conditional",NA,1.4300250087332,0.146979653885144
117,"history_naive",14,9.83303169190958e+285,9.83303169190958e+285
117,"practical_naive",NA,2.77221441104453,0.460711407931896
117,"correct_conditional",NA,2.23044841590707,0.197100484916219
118,"history_naive",14,7.19259998776026e+285,4.79506665850684e+285
118,"practical_naive",NA,1.86184291230367,0.0545094719291515
118,"correct_conditional",NA,1.69238142115249,0.206467658718302
119,"history_naive",14,9.79375852400978e+285,9.79375852400978e+285
119,"practical_naive",NA,3.78063703407795,0.16581069272447
119,"correct_conditional",NA,3.28137601373631,0.019302746500441
120,"history_naive",14,9.98171384775662e+285,9.98171384775662e+285
120,"practical_naive",NA,1.27312718452537,0.220797408668906
120,"correct_conditional",NA,1.48366830395471,0.386522851898174
121,"history_naive",14,7.27219536352985e+285,4.84813024235323e+285
121,"practical_naive",NA,1.0774571186582,0.168478252868495
121,"correct_conditional",NA,1.10629602190196,0.17909455827328
122,"history_naive",14,9.64787604797362e+285,9.64787604797362e+285
122,"practical_naive",NA,3.28039316629842,0.215030672687609
122,"correct_conditional",NA,1.4427282591271,0.218179689403491
123,"history_naive",14,7.33063560054019e+285,4.88709040036013e+285
123,"practical_naive",NA,2.64258530283526,0.192746407390423
123,"correct_conditional",NA,1.21657219178778,0.108276133737746
124,"history_naive",15,9.78396476548576e+285,9.78396476548576e+285
124,"practical_naive",NA,1.62261330908867,0.170074269876312
124,"correct_conditional",NA,2.40536528425574,1.01076044838824
125,"history_naive",14,9.64787604797369e+285,9.64787604797369e+285
125,"practical_naive",NA,1.5234372623009,0.209576698022356
125,"correct_conditional",NA,1.92871682737704,0.249183048166929
126,"history_naive",15,9.50416655759583e+285,9.50416655759583e+285
126,"practical_naive",NA,1.35647682918559,0.0473499816319579
126,"correct_conditional",NA,1.4571234699338,0.0272997691288706
127,"history_naive",14,7.33797357411432e+285,4.89198238274288e+285
127,"practical_naive",NA,1.31905341495354,0.221686876869124
127,"correct_conditional",NA,1.46971580205305,0.39378232406141
128,"history_naive",14,7.23590703598021e+285,4.82393802398681e+285
128,"practical_naive",NA,2.8129338928131,0.178459973854789
128,"correct_conditional",NA,2.90258763944955,0.195229694095356
129,"history_naive",15,9.65753358155519e+285,9.65753358155519e+285
129,"practical_naive",NA,1.00809718510805,0.29284044521091
129,"correct_conditional",NA,1.13926716086509,0.679716478559898
130,"history_naive",14,9.66720078233753e+285,9.66720078233753e+285
130,"practical_naive",NA,1.39414339726298,0.116304807082514
130,"correct_conditional",NA,1.10614758780553,0.399358396553436
131,"history_naive",14,7.28676159996818e+285,4.85784106664545e+285
131,"practical_naive",NA,1.39077508530285,0.282763164771117
131,"correct_conditional",NA,1.60737525475425,0.202158013624018
132,"history_naive",14,9.6575335815552e+285,9.6575335815552e+285
132,"practical_naive",NA,1.11270056437389,0.27120090422964
132,"correct_conditional",NA,1.40834288840381,0.979711593671083
133,"history_naive",14,9.6382281719257e+285,9.6382281719257e+285
133,"practical_naive",NA,1.23159966165934,0.228520412508258
133,"correct_conditional",NA,1.20124733504588,0.212615576941672
134,"history_naive",15,9.62858994375369e+285,9.62858994375369e+285
134,"practical_naive",357,64.5464375787856,0.511894896674056
134,"correct_conditional",NA,3.65494379311428,0.0154958519973639
135,"history_naive",15,9.72540754083175e+285,9.72540754083175e+285
135,"practical_naive",NA,2.99321408474461,1.13793684372722
135,"correct_conditional",NA,19.7319523630795,14.5059722324252
136,"history_naive",15,9.81337546155738e+285,9.81337546155738e+285
136,"practical_naive",NA,1.04272516390013,0.440483344490483
136,"correct_conditional",NA,1.11781050993988,0.498214156528438
137,"history_naive",14,7.27219536352981e+285,4.84813024235321e+285
137,"practical_naive",NA,1.37828133397863,0.29771585185776
137,"correct_conditional",NA,1.62750755752124,0.540373950854842
138,"history_naive",14,9.63822817192563e+285,9.63822817192563e+285
138,"practical_naive",NA,1.28039651459333,0.239950786327874
138,"correct_conditional",NA,1.68862701525555,0.816199056877307
139,"history_naive",15,7.29405565562381e+285,4.86270377041588e+285
139,"practical_naive",NA,3.65011855283892,0.235869521853236
139,"correct_conditional",NA,2.08958720814553,0.278106222629067
140,"history_naive",15,7.30135701263648e+285,4.86757134175765e+285
140,"practical_naive",NA,1.87421252433457,0.0351286486869849
140,"correct_conditional",NA,3.07976885205777,0.0651657316099047
141,"history_naive",14,9.68656422422178e+285,9.68656422422178e+285
141,"practical_naive",NA,1.08830803008675,0.239195507691491
141,"correct_conditional",NA,1.28385869296848,0.490479330725041
142,"history_naive",14,9.68656422422171e+285,9.68656422422171e+285
142,"practical_naive",NA,2.35881950622943,0.365419516352686
142,"correct_conditional",NA,2.07237870965119,0.196953962967258
143,"history_naive",14,7.3233049649397e+285,4.8822033099598e+285
143,"practical_naive",NA,1.06890476635345,0.191678522261859
143,"correct_conditional",NA,1.51543143622036,0.528320540521593
144,"history_naive",14,7.1854073877725e+285,4.79027159184833e+285
144,"practical_naive",NA,1.53639170488924,0.219366859971266
144,"correct_conditional",NA,1.38854681395773,0.548234252569986
145,"history_naive",15,9.50416655759584e+285,9.50416655759584e+285
145,"practical_naive",NA,2.82636009716047,0.137041320393078
145,"correct_conditional",NA,4.87417990482081,1.91398826847403
146,"history_naive",15,9.76440661991956e+285,9.76440661991956e+285
146,"practical_naive",NA,1.58890927974794,0.166520787452023
146,"correct_conditional",NA,1.14193172361974,0.277670388854089
147,"history_naive",14,9.74488757108635e+285,9.74488757108635e+285
147,"practical_naive",NA,5.67574169780199,0.406712721656091
147,"correct_conditional",NA,9.52131910030529,2.14262018601173
148,"history_naive",14,9.75464221329965e+285,9.75464221329965e+285
148,"practical_naive",NA,2.79414489945184,0.0259014445320139
148,"correct_conditional",NA,2.50173644294388,0.083237557431401
149,"history_naive",14,9.59013331701367e+285,9.59013331701367e+285
149,"practical_naive",924,21.3390735577185,1.02497436937018
149,"correct_conditional",NA,10.5096379297759,0.595933270977946
150,"history_naive",15,9.5997330500637e+285,9.5997330500637e+285
150,"practical_naive",NA,3.93169560442443,0.415918329963246
150,"correct_conditional",NA,10.0784975418835,4.13988632039714
151,"history_naive",15,9.66720078233757e+285,9.66720078233757e+285
151,"practical_naive",NA,1.58225683909467,0.0794279421760179
151,"correct_conditional",NA,1.11285564573304,0.218827741265847
152,"history_naive",15,9.72540754083174e+285,9.72540754083174e+285
152,"practical_naive",NA,1.90217678848039,0.213404358740095
152,"correct_conditional",NA,1.75763733056319,0.343930476008413
153,"history_naive",14,7.26492316816629e+285,4.84328211211086e+285
153,"practical_naive",1108,24.3957199364977,1.65911733126007
153,"correct_conditional",1062,73.6171810907593,36.0310568735131
154,"history_naive",15,7.34531889300733e+285,4.89687926200489e+285
154,"practical_naive",NA,1.13162352616396,0.23174851611598
154,"correct_conditional",NA,1.052980763387,0.185427209131738
155,"history_naive",14,9.60934239245619e+285,9.60934239245619e+285
155,"practical_naive",NA,1.92946028022606,0.221639529466272
155,"correct_conditional",NA,1.28819093297085,0.104198467379286
156,"history_naive",14,7.27219536352985e+285,4.84813024235323e+285
156,"practical_naive",NA,1.03936340562235,0.197951326091958
156,"correct_conditional",NA,1.29476449683283,0.337188196147799
157,"history_naive",15,9.69626048470642e+285,9.69626048470642e+285
157,"practical_naive",NA,1.10944381833923,0.427965745810846
157,"correct_conditional",NA,2.02922483051266,1.4861402675447
158,"history_naive",14,9.89223692761773e+285,9.89223692761773e+285
158,"practical_naive",NA,1.19111507576496,0.281173577936684
158,"correct_conditional",NA,1.01236990430277,0.242096081046913
159,"history_naive",14,9.59973305006368e+285,9.59973305006368e+285
159,"practical_naive",NA,1.13779391931237,0.198922396811315
159,"correct_conditional",NA,1.1539729359945,0.190022047389367
160,"history_naive",14,7.26492316816631e+285,4.84328211211088e+285
160,"practical_naive",NA,1.01721211241962,0.199861647105519
160,"correct_conditional",NA,1.01198646127919,0.343282861961957
161,"history_naive",15,9.6478760479736e+285,9.6478760479736e+285
161,"practical_naive",NA,1.4977594291231,0.2250041406503
161,"correct_conditional",NA,1.41841528933316,0.152027051475139
162,"history_naive",14,9.85272729376981e+285,9.85272729376981e+285
162,"practical_naive",NA,3.97849528334809,0.364073842664818
162,"correct_conditional",NA,2.41431608796482,0.226969205952343
163,"history_naive",14,9.94184684273173e+285,9.94184684273173e+285
163,"practical_naive",NA,1.46207321890881,0.500105126619355
163,"correct_conditional",NA,1.60766963370816,0.555976395036177
164,"history_naive",14,7.15670884193125e+285,4.77113922795417e+285
164,"practical_naive",NA,1.13109179966961,0.290383594493196
164,"correct_conditional",NA,1.64760215063715,0.339507974930213
165,"history_naive",14,7.20700679434211e+285,4.80467119622807e+285
165,"practical_naive",NA,5.13629011009241,0.270614004359127
165,"correct_conditional",NA,2.33692399958928,0.134428349972271
166,"history_naive",14,9.63822817192566e+285,9.63822817192566e+285
166,"practical_naive",NA,1.21910528631681,0.311497119677081
166,"correct_conditional",NA,1.15753569003559,0.435453872473585
167,"history_naive",15,7.24315018616636e+285,4.82876679077757e+285
167,"practical_naive",NA,2.6873415028497,0.175675222768753
167,"correct_conditional",NA,1.13875758153541,0.101998880814654
168,"history_naive",15,7.47879910043161e+285,4.98586606695441e+285
168,"practical_naive",NA,2.28562451908149,0.193048107084935
168,"correct_conditional",NA,2.02963308473995,0.334387253817881
169,"history_naive",14,9.60934239245618e+285,9.60934239245618e+285
169,"practical_naive",NA,7.56758474343027,0.424549366215779
169,"correct_conditional",NA,3.89881336139375,0.217237794290101
170,"history_naive",15,9.85272729376979e+285,9.85272729376979e+285
170,"practical_naive",299,26.4464410637689,0.179277395701357
170,"correct_conditional",NA,10.3462958135871,0.475775620148356
171,"history_naive",14,9.7156821332909e+285,9.7156821332909e+285
171,"practical_naive",NA,1.23468359426035,0.366913325827103
171,"correct_conditional",NA,1.57014973851873,1.51562008451391
172,"history_naive",15,9.57096264051294e+285,9.57096264051294e+285
172,"practical_naive",NA,1.33694658642801,0.187245656221376
172,"correct_conditional",NA,1.36018158987129,0.236942777175436
173,"history_naive",15,9.51368023783372e+285,9.51368023783372e+285
173,"practical_naive",NA,4.72167836119606,0.157130843418394
173,"correct_conditional",NA,2.79032196122724,0.219805593066201
174,"history_naive",15,9.60934239245623e+285,9.60934239245623e+285
174,"practical_naive",NA,2.91327932879426,0.151941801678041
174,"correct_conditional",NA,2.83262120863227,0.0857337444317267
175,"history_naive",14,9.67687765999755e+285,9.67687765999755e+285
175,"practical_naive",NA,1.41413256870372,0.513205452290128
175,"correct_conditional",NA,1.40239617854658,0.349613161078937
176,"history_naive",14,7.1854073877725e+285,4.79027159184833e+285
176,"practical_naive",NA,1.0012,0.207824704989352
176,"correct_conditional",NA,1.03659375508431,0.25918049261375
177,"history_naive",14,9.59973305006368e+285,9.59973305006368e+285
177,"practical_naive",NA,8.77828653029471,2.48601453607959
177,"correct_conditional",NA,3.36371733905118,0.68606091754696
178,"history_naive",15,9.66720078233749e+285,9.66720078233749e+285
178,"practical_naive",NA,4.15946768538751,3.86613474181408
178,"correct_conditional",NA,1.58912054738574,0.912634252235024
179,"history_naive",14,9.72540754083172e+285,9.72540754083172e+285
179,"practical_naive",NA,1.61451916293268,0.628761711033099
179,"correct_conditional",NA,3.70473353606732,1.68047556801986
180,"history_naive",15,9.45674067147939e+285,9.45674067147939e+285
180,"practical_naive",NA,2.00513335309431,0.197125406830149
180,"correct_conditional",NA,1.30565005590862,0.234419398933404
181,"history_naive",14,9.63822817192567e+285,9.63822817192567e+285
181,"practical_naive",NA,1.69624461463155,0.444634247563972
181,"correct_conditional",NA,1.46048377192563,0.319266843009798
182,"history_naive",15,9.64787604797368e+285,9.64787604797368e+285
182,"practical_naive",NA,14.1863442736001,0.200685626537784
182,"correct_conditional",NA,18.845124573248,1.0782032659279
183,"history_naive",15,9.57096264051294e+285,9.57096264051294e+285
183,"practical_naive",NA,3.67618258792698,0.131196211060812
183,"correct_conditional",NA,6.4471576754328,2.41403407178168
184,"history_naive",14,7.46384898102988e+285,4.97589932068658e+285
184,"practical_naive",NA,2.02837179249874,0.282851155767749
184,"correct_conditional",NA,3.13450668820662,1.16559541014224
185,"history_naive",15,7.27219536352985e+285,4.84813024235323e+285
185,"practical_naive",NA,1.05539249021301,0.214352866579888
185,"correct_conditional",NA,1.18707378503221,0.492750261656169
186,"history_naive",14,9.59013331701371e+285,9.59013331701371e+285
186,"practical_naive",NA,4.9449317842026,0.229135046059918
186,"correct_conditional",NA,2.67720706411849,0.258336903299966
187,"history_naive",15,9.61896135380999e+285,9.61896135380999e+285
187,"practical_naive",NA,1.04597867349549,0.197919263460515
187,"correct_conditional",NA,1.09539195453656,0.149450133086561
188,"history_naive",15,9.75464221329963e+285,9.75464221329963e+285
188,"practical_naive",NA,2.10901529497333,0.653571841444103
188,"correct_conditional",NA,3.59276039634527,0.667059660613045
189,"history_naive",14,9.83303169190958e+285,9.83303169190958e+285
189,"practical_naive",NA,1.48444470945216,0.763338896504356
189,"correct_conditional",NA,1.16832284271396,0.591651274133869
190,"history_naive",14,9.66720078233753e+285,9.66720078233753e+285
190,"practical_naive",NA,7.58863604086279,3.42274882884229
190,"correct_conditional",NA,7.71271728719822,0.365969658298218
191,"history_naive",14,9.65753358155514e+285,9.65753358155514e+285
191,"practical_naive",NA,1.50047614048066,0.127470721786654
191,"correct_conditional",NA,1.31479334685091,0.447439104627661
192,"history_naive",14,7.25040058675317e+285,4.83360039116878e+285
192,"practical_naive",NA,1.45326372215297,0.149022924771125
192,"correct_conditional",NA,1.65101626770333,0.143685403137808
193,"history_naive",14,9.66720078233758e+285,9.66720078233758e+285
193,"practical_naive",NA,1.7806522640538,0.551096392323416
193,"correct_conditional",NA,1.18266493132024,0.495812359545664
194,"history_naive",14,9.66720078233755e+285,9.66720078233755e+285
194,"practical_naive",NA,6.17425129386685,0.1128516186476
194,"correct_conditional",NA,3.69766318198168,0.122036395108601
195,"history_naive",15,7.2721953635299e+285,4.84813024235327e+285
195,"practical_naive",NA,1.83904992658729,0.470437477436723
195,"correct_conditional",NA,1.63327928773329,0.498681617415013
196,"history_naive",14,9.75464221329967e+285,9.75464221329967e+285
196,"practical_naive",NA,1.04532688908388,0.205820330415699
196,"correct_conditional",NA,1.03157434125496,0.23344139337624
197,"history_naive",14,7.30135701263646e+285,4.86757134175764e+285
197,"practical_naive",NA,18.339375727089,0.127356936448804
197,"correct_conditional",177,20.5915548171628,0.31796826710261
198,"history_naive",14,9.56139167787239e+285,9.56139167787239e+285
198,"practical_naive",NA,5.47844438489704,0.236520990436271
198,"correct_conditional",NA,7.40375411317469,0.776590437368745
199,"history_naive",14,9.63822817192566e+285,9.63822817192566e+285
199,"practical_naive",NA,2.38987995745693,0.15191005954346
199,"correct_conditional",NA,1.50283893263411,0.292747646327323
200,"history_naive",14,9.62858994375374e+285,9.62858994375374e+285
200,"practical_naive",NA,1.07618295046328,0.212472301756794
200,"correct_conditional",NA,1.1570844928473,0.416118630573855
201,"history_naive",14,9.65753358155521e+285,9.65753358155521e+285
201,"practical_naive",NA,5.20741684035653,0.483311731221672
201,"correct_conditional",NA,4.44415160428781,2.64662389513203
202,"history_naive",15,9.67687765999755e+285,9.67687765999755e+285
202,"practical_naive",NA,1.38776519035244,0.196317058233392
202,"correct_conditional",NA,1.04558614471344,0.22509213860681
203,"history_naive",14,9.68656422422175e+285,9.68656422422175e+285
203,"practical_naive",NA,2.67497280983573,0.165415270181331
203,"correct_conditional",NA,2.44865854908172,0.899059047814065
204,"history_naive",14,9.47568256091868e+285,9.47568256091868e+285
204,"practical_naive",NA,1.16690903005049,0.286479632775464
204,"correct_conditional",NA,1.11020474161399,0.0791553060824255
205,"history_naive",14,9.56139167787243e+285,9.56139167787243e+285
205,"practical_naive",NA,1.72646518311713,0.294184344727927
205,"correct_conditional",NA,1.30975926446068,0.209485800897834
206,"history_naive",15,7.20700679434214e+285,4.80467119622809e+285
206,"practical_naive",NA,1.44288296894986,0.260217185022137
206,"correct_conditional",NA,1.55738147939749,0.74532948613371
207,"history_naive",14,9.71568213329089e+285,9.71568213329089e+285
207,"practical_naive",NA,3.31588534793372,0.0804014337620844
207,"correct_conditional",NA,3.22230054432824,0.261524185510783
208,"history_naive",14,7.37477376893218e+285,4.91651584595479e+285
208,"practical_naive",NA,1.65750484173801,0.199920936911258
208,"correct_conditional",NA,1.16292531803212,0.200411404743513
209,"history_naive",14,9.71568213329095e+285,9.71568213329095e+285
209,"practical_naive",NA,1.13198893570796,0.334064620053415
209,"correct_conditional",NA,1.13066272991999,0.596715548189622
210,"history_naive",14,9.65753358155522e+285,9.65753358155522e+285
210,"practical_naive",NA,2.22718130678665,0.265429207232388
210,"correct_conditional",NA,4.60386465985746,0.919686482674073
211,"history_naive",14,9.7059664511576e+285,9.7059664511576e+285
211,"practical_naive",NA,1.52455077712025,0.218945766724023
211,"correct_conditional",NA,1.6519138910677,0.950257686189634
212,"history_naive",14,7.25040058675315e+285,4.83360039116877e+285
212,"practical_naive",NA,3.04790657572945,0.161318476836224
212,"correct_conditional",NA,5.56595187558048,0.44490866180838
213,"history_naive",14,7.35267156457189e+285,4.90178104304793e+285
213,"practical_naive",NA,6.43072649083353,0.155192434153361
213,"correct_conditional",NA,6.0912566593401,0.497536316185063
214,"history_naive",15,7.382155924857e+285,4.921437283238e+285
214,"practical_naive",NA,1.67606835449124,0.891847078069547
214,"correct_conditional",NA,1.23681862263219,0.204474194031241
215,"history_naive",14,9.71568213329092e+285,9.71568213329092e+285
215,"practical_naive",NA,2.44324973924372,0.126349658614014
215,"correct_conditional",NA,1.82166165163402,0.447501534623938
216,"history_naive",14,7.21422101535747e+285,4.80948067690498e+285
216,"practical_naive",NA,5.4763232002902,0.139846530779686
216,"correct_conditional",NA,6.1207547195522,0.681810959532088
217,"history_naive",15,7.33063560054017e+285,4.88709040036012e+285
217,"practical_naive",NA,1.22176797738353,0.208878219509993
217,"correct_conditional",NA,1.05227422393721,0.235062478444876
218,"history_naive",14,9.71568213329094e+285,9.71568213329094e+285
218,"practical_naive",NA,2.02203180679008,0.48021562761718
218,"correct_conditional",NA,2.61622292867253,0.826942423858903
219,"history_naive",14,9.72540754083169e+285,9.72540754083169e+285
219,"practical_naive",NA,6.82300740605981,0.371629725639996
219,"correct_conditional",NA,16.2899417866196,2.08629887104532
220,"history_naive",14,9.78396476548577e+285,9.78396476548577e+285
220,"practical_naive",NA,1.01106590120255,0.203694634597004
220,"correct_conditional",NA,1.02171765033724,0.405182638772452
221,"history_naive",15,9.80356208609587e+285,9.80356208609587e+285
221,"practical_naive",NA,1.12356994465367,0.2371580617336
221,"correct_conditional",NA,1.02496594078243,0.177648538654923
222,"history_naive",14,7.4787991004316e+285,4.9858660669544e+285
222,"practical_naive",NA,3.41377560443114,0.0929341528625119
222,"correct_conditional",NA,5.17933659469492,0.148867149619851
223,"history_naive",15,9.42839881023018e+285,9.42839881023018e+285
223,"practical_naive",NA,1.71844449203182,0.151135749967493
223,"correct_conditional",NA,1.42114929471221,0.316486766195858
224,"history_naive",14,7.32330496493964e+285,4.88220330995976e+285
224,"practical_naive",NA,1.79778620030263,0.162859889370855
224,"correct_conditional",NA,2.77333064301167,0.482300376036366
225,"history_naive",15,7.19979978754778e+285,4.79986652503185e+285
225,"practical_naive",NA,1.20972474777039,0.296358030900098
225,"correct_conditional",NA,1.09955230232059,0.584751365063688
226,"history_naive",14,9.6672007823375e+285,9.6672007823375e+285
226,"practical_naive",NA,1.21720982333262,0.187038518327315
226,"correct_conditional",NA,1.65295968482571,0.386522380974132
227,"history_naive",14,7.25040058675316e+285,4.83360039116877e+285
227,"practical_naive",NA,1.78896680048131,0.12332413935118
227,"correct_conditional",NA,2.35738293613536,0.639651592301747
228,"history_naive",15,9.62858994375375e+285,9.62858994375375e+285
228,"practical_naive",NA,1.96163292925044,0.256765985341258
228,"correct_conditional",NA,18.697681076799,4.57266226740686
229,"history_naive",15,7.36003159616809e+285,4.90668773077872e+285
229,"practical_naive",NA,4.11362611895461,0.172916155614261
229,"correct_conditional",NA,3.51330101543869,0.164161286843407
230,"history_naive",15,9.88234469069017e+285,9.88234469069017e+285
230,"practical_naive",NA,1.13675210801489,0.34856627980386
230,"correct_conditional",NA,2.2819793731067,0.991141352304278
231,"history_naive",14,7.27219536352985e+285,4.84813024235323e+285
231,"practical_naive",NA,5.26778970360674,0.890368162698153
231,"correct_conditional",NA,1.45205868444978,0.836972694887884
232,"history_naive",15,9.69626048470643e+285,9.69626048470643e+285
232,"practical_naive",NA,1.66129358088206,0.131014298735578
232,"correct_conditional",NA,3.45388894245389,0.676157139101053
233,"history_naive",14,9.67687765999753e+285,9.67687765999753e+285
233,"practical_naive",NA,9.65564544682839,0.0920801809313098
233,"correct_conditional",NA,6.6005950131053,0.21593282716215
234,"history_naive",14,7.29405565562381e+285,4.86270377041587e+285
234,"practical_naive",NA,1.20103239058827,0.346753956402963
234,"correct_conditional",NA,1.3367390860076,0.6619662122825
235,"history_naive",14,9.55183028619453e+285,9.55183028619453e+285
235,"practical_naive",NA,1.05471918733432,0.350658859012248
235,"correct_conditional",NA,1.01664844209113,0.428593583102951
236,"history_naive",14,9.72540754083172e+285,9.72540754083172e+285
236,"practical_naive",NA,2.85860245800511,0.24891645192622
236,"correct_conditional",NA,4.44929325435344,0.730693904531001
237,"history_naive",14,9.74488757108636e+285,9.74488757108636e+285
237,"practical_naive",NA,2.14469635941172,0.225970243289019
237,"correct_conditional",NA,1.97297535618503,0.140359540060827
238,"history_naive",14,9.61896135381e+285,9.61896135381e+285
238,"practical_naive",NA,2.04552551171493,0.254815335226071
238,"correct_conditional",NA,2.8218712079261,0.413733665473153
239,"history_naive",14,9.63822817192569e+285,9.63822817192569e+285
239,"practical_naive",NA,1.4399932598358,0.205494762030039
239,"correct_conditional",NA,1.40811056716617,0.48463485501073
240,"history_naive",15,9.98171384775659e+285,9.98171384775659e+285
240,"practical_naive",NA,8.87947245676235,0.444135309348626
240,"correct_conditional",NA,4.40199218992295,0.110259331233733
241,"history_naive",14,9.80356208609583e+285,9.80356208609583e+285
241,"practical_naive",NA,1.12397625393034,0.185185680195989
241,"correct_conditional",NA,1.49979357705257,0.233282463968849
242,"history_naive",14,7.34531889300728e+285,4.89687926200485e+285
242,"practical_naive",NA,12.1866261441089,5.94910587363735
242,"correct_conditional",NA,1.64737439519735,0.0812262609632488
243,"history_naive",15,9.69626048470646e+285,9.69626048470646e+285
243,"practical_naive",NA,5.18827250853113,0.569268255753346
243,"correct_conditional",NA,4.62035687586646,1.9630078446371
244,"history_naive",14,9.65753358155521e+285,9.65753358155521e+285
244,"practical_naive",NA,6.24150591528808,0.217011970709615
244,"correct_conditional",NA,8.40537871845147,0.421363889735177
245,"history_naive",15,9.57096264051294e+285,9.57096264051294e+285
245,"practical_naive",NA,1.75865759241181,0.442663504711023
245,"correct_conditional",NA,1.47833571296698,0.909255944338808
246,"history_naive",15,7.41175851801761e+285,4.94117234534508e+285
246,"practical_naive",NA,1.26977801510677,0.27059441859817
246,"correct_conditional",NA,2.26378730521345,0.188442542186647
247,"history_naive",14,7.20700679434211e+285,4.80467119622808e+285
247,"practical_naive",NA,1.04921180681905,0.290648075215176
247,"correct_conditional",NA,2.49602282244879,0.795067830957578
248,"history_naive",14,7.28676159996819e+285,4.85784106664546e+285
248,"practical_naive",NA,2.21585260886105,0.243377789396677
248,"correct_conditional",NA,1.86334016356402,0.314552428453228
249,"history_naive",14,9.59013331701364e+285,9.59013331701364e+285
249,"practical_naive",NA,2.44565473494843,0.193008965926159
249,"correct_conditional",NA,2.28691296560397,0.3909010627877
250,"history_naive",14,9.75464221329963e+285,9.75464221329963e+285
250,"practical_naive",NA,1.47191275508483,0.218980601591867
250,"correct_conditional",NA,1.3633257766445,0.124102729323775
251,"history_naive",15,7.32330496493968e+285,4.88220330995979e+285
251,"practical_naive",NA,2.13898946380854,0.404296689808794
251,"correct_conditional",NA,2.36084284537233,0.86060219307063
252,"history_naive",14,9.570962640513e+285,9.570962640513e+285
252,"practical_naive",NA,1.39829028705316,0.217596131219036
252,"correct_conditional",NA,1.70989362965744,0.668795727540128
253,"history_naive",14,7.37477376893215e+285,4.91651584595477e+285
253,"practical_naive",NA,2.04337959591242,0.172600126772883
253,"correct_conditional",NA,3.22464848902862,0.638356712861281
254,"history_naive",15,9.89223692761778e+285,9.89223692761778e+285
254,"practical_naive",NA,1.06069363861173,0.265528371296217
254,"correct_conditional",NA,1.03295409556333,0.227763438231794
255,"history_naive",15,9.68656422422176e+285,9.68656422422176e+285
255,"practical_naive",NA,1.37583580403256,0.146617760983989
255,"correct_conditional",NA,1.34925716843417,0.198528440442296
256,"history_naive",14,7.25765824499815e+285,4.83843882999877e+285
256,"practical_naive",NA,4.08357924565184,0.161261307233102
256,"correct_conditional",NA,2.33655767647811,0.210093875112879
257,"history_naive",15,7.33063560054021e+285,4.88709040036014e+285
257,"practical_naive",NA,1.60539276142759,0.195191484737644
257,"correct_conditional",NA,1.33189148657048,0.474857000561233
258,"history_naive",14,9.81337546155743e+285,9.81337546155743e+285
258,"practical_naive",NA,1.10980860401045,0.152144337645467
258,"correct_conditional",NA,1.4127673186041,0.265211821064639
259,"history_naive",14,9.72540754083172e+285,9.72540754083172e+285
259,"practical_naive",NA,1.0993299190337,0.0656730625089963
259,"correct_conditional",NA,1.08703260121502,0.0837533223120584
260,"history_naive",14,7.26492316816632e+285,4.84328211211088e+285
260,"practical_naive",NA,2.78781630852029,1.06663617038369
260,"correct_conditional",NA,3.15737472626871,1.07783130286185
261,"history_naive",14,9.80356208609588e+285,9.80356208609588e+285
261,"practical_naive",NA,1.20778310202498,0.441122532217174
261,"correct_conditional",NA,1.14496051603274,0.487288945661155
262,"history_naive",15,9.61896135380997e+285,9.61896135380997e+285
262,"practical_naive",NA,2.63019000153971,0.0964929387084698
262,"correct_conditional",NA,1.23405057873081,0.113370201380282
263,"history_naive",14,9.59973305006369e+285,9.59973305006369e+285
263,"practical_naive",NA,1.41854021856175,0.158575544114685
263,"correct_conditional",NA,2.59155590657311,0.415147924196682
264,"history_naive",14,7.4043467594996e+285,4.93623117299973e+285
264,"practical_naive",NA,2.17313449615586,0.523943461955843
264,"correct_conditional",NA,1.63180362733922,1.47417085151167
265,"history_naive",14,9.50416655759587e+285,9.50416655759587e+285
265,"practical_naive",NA,2.76814341882991,2.74941654100514
265,"correct_conditional",NA,18.8413795884408,18.8413795884408
266,"history_naive",15,7.2649231681663e+285,4.84328211211086e+285
266,"practical_naive",NA,12.7146263946765,0.165580760079022
266,"correct_conditional",379,34.0538635770983,0.493418363520927
267,"history_naive",15,7.28676159996822e+285,4.85784106664548e+285
267,"practical_naive",NA,4.07200689866305,0.0477880811892827
267,"correct_conditional",NA,1.83611048343162,0.0409355699348014
268,"history_naive",14,7.30866567831479e+285,4.87244378554319e+285
268,"practical_naive",NA,5.45471687696657,0.131683643326346
268,"correct_conditional",NA,1.81029083964067,0.192161701516694
269,"history_naive",14,9.66720078233753e+285,9.66720078233753e+285
269,"practical_naive",NA,1.20201357824522,0.368296524579799
269,"correct_conditional",NA,2.14513352646208,1.42904002138717
270,"history_naive",14,9.81337546155741e+285,9.81337546155741e+285
270,"practical_naive",NA,1.38773611627739,0.179207539618573
270,"correct_conditional",NA,1.3192163932968,0.191167589482734
271,"history_naive",14,9.61896135380992e+285,9.61896135380992e+285
271,"practical_naive",NA,5.40467836440133,0.470271109497913
271,"correct_conditional",NA,8.35940576150033,0.79366666390149
272,"history_naive",14,7.14955213308935e+285,4.76636808872623e+285
272,"practical_naive",NA,1.4155170832951,0.187997378809039
272,"correct_conditional",NA,1.07403692488844,0.225242890089058
273,"history_naive",14,9.61896135380998e+285,9.61896135380998e+285
273,"practical_naive",NA,1.53828150046396,0.176636974092746
273,"correct_conditional",NA,1.27330396343015,0.039840342378954
274,"history_naive",14,9.58054318369665e+285,9.58054318369665e+285
274,"practical_naive",NA,3.39452792196388,0.157922306741609
274,"correct_conditional",NA,4.04748696807237,2.51935701347357
275,"history_naive",14,9.49466239103829e+285,9.49466239103829e+285
275,"practical_naive",NA,1.03138378790092,0.329178430824752
275,"correct_conditional",NA,1.2609504926099,0.760283317090635
276,"history_naive",14,9.90213906668442e+285,9.90213906668442e+285
276,"practical_naive",NA,1.27912006751211,0.252571229314843
276,"correct_conditional",NA,1.52627786997088,0.0527559441925719
277,"history_naive",15,9.75464221329969e+285,9.75464221329969e+285
277,"practical_naive",NA,1.70257040118905,0.181809976590795
277,"correct_conditional",NA,3.99196093307982,0.971351345265862
278,"history_naive",15,9.65753358155516e+285,9.65753358155516e+285
278,"practical_naive",NA,1.19610896725236,0.282917187852056
278,"correct_conditional",NA,1.22158789484714,0.413721984602897
279,"history_naive",14,9.82319866021761e+285,9.82319866021761e+285
279,"practical_naive",NA,2.1173344729664,0.210040391989883
279,"correct_conditional",NA,3.23446702345197,0.806096318488636
280,"history_naive",15,9.89223692761776e+285,9.89223692761776e+285
280,"practical_naive",NA,15.0133998557527,0.420187731176937
280,"correct_conditional",NA,3.67945369645361,0.257594003460544
281,"history_naive",14,9.61896135380996e+285,9.61896135380996e+285
281,"practical_naive",NA,2.22739296986223,0.322042612778523
281,"correct_conditional",NA,3.35532136882979,1.41427190871666
282,"history_naive",14,9.57096264051293e+285,9.57096264051293e+285
282,"practical_naive",NA,1.05242846307987,0.39954473425894
282,"correct_conditional",NA,1.16735326987756,0.480196853123755
283,"history_naive",14,9.77418080072031e+285,9.77418080072031e+285
283,"practical_naive",NA,1.17541473095907,0.188076001512746
283,"correct_conditional",NA,1.52186179849785,0.959391934115208
284,"history_naive",14,9.52320344127502e+285,9.52320344127502e+285
284,"practical_naive",709,135.105590893221,2.62409197043253
284,"correct_conditional",NA,17.5369703407079,0.486265318820304
285,"history_naive",15,9.77418080072029e+285,9.77418080072029e+285
285,"practical_naive",NA,1.06443330891748,0.198653211827583
285,"correct_conditional",NA,1.03647119302055,0.153436071941736
286,"history_naive",14,7.30866567831474e+285,4.87244378554316e+285
286,"practical_naive",NA,2.53390367533778,0.171032182622474
286,"correct_conditional",NA,1.49057433813664,0.0392603212597124
287,"history_naive",15,9.75464221329965e+285,9.75464221329965e+285
287,"practical_naive",NA,1.0234543680594,0.204612042620244
287,"correct_conditional",NA,1.11851516126506,0.144029952731125
288,"history_naive",14,9.59013331701365e+285,9.59013331701365e+285
288,"practical_naive",NA,1.32636970881204,0.213448438972082
288,"correct_conditional",NA,1.24946633681983,0.227635148144002
289,"history_naive",14,7.22867112894423e+285,4.81911408596282e+285
289,"practical_naive",NA,1.36936073380087,0.980389762470642
289,"correct_conditional",NA,1.384103143993,0.969590768508566
290,"history_naive",15,9.74488757108635e+285,9.74488757108635e+285
290,"practical_naive",NA,2.4689581727497,0.23833860044278
290,"correct_conditional",NA,2.1074785413607,0.288951583210104
291,"history_naive",14,9.7741808007203e+285,9.7741808007203e+285
291,"practical_naive",NA,1.55239563953654,0.4326559771095
291,"correct_conditional",NA,1.34438663597837,0.252153638684329
292,"history_naive",14,7.1209967932787e+285,4.74733119551914e+285
292,"practical_naive",NA,2.39638257960369,0.230765755225615
292,"correct_conditional",NA,1.93978092348753,0.287782708866769
293,"history_naive",14,9.68656422422174e+285,9.68656422422174e+285
293,"practical_naive",NA,1.75252977419306,0.138077421828691
293,"correct_conditional",NA,1.91006803374872,0.334839359507801
294,"history_naive",15,9.83303169190959e+285,9.83303169190959e+285
294,"practical_naive",NA,2.29591443851719,0.144075089800561
294,"correct_conditional",NA,1.84753672027324,0.501962826669619
295,"history_naive",14,7.39694241274011e+285,4.93129494182674e+285
295,"practical_naive",NA,1.22926273866701,0.282981494808999
295,"correct_conditional",NA,1.39493484597523,0.612927931901831
296,"history_naive",15,9.83303169190952e+285,9.83303169190952e+285
296,"practical_naive",NA,1.28484051549082,0.823632798459666
296,"correct_conditional",NA,1.15173942646992,0.211003494835407
297,"history_naive",14,7.2142210153575e+285,4.809480676905e+285
297,"practical_naive",NA,4.24295865653092,0.341642984415723
297,"correct_conditional",NA,2.23175465881843,0.670058087171618
298,"history_naive",14,9.68656422422175e+285,9.68656422422175e+285
298,"practical_naive",NA,1.08674166807183,0.26195228873766
298,"correct_conditional",NA,1.46687911810701,0.394901509764495
299,"history_naive",14,9.72540754083176e+285,9.72540754083176e+285
299,"practical_naive",NA,1.01225891831146,0.204803210284982
299,"correct_conditional",NA,1,0.296801069053748
300,"history_naive",15,7.29405565562379e+285,4.86270377041586e+285
300,"practical_naive",NA,1.78788338772699,0.25890902768507
300,"correct_conditional",NA,1.64384353138187,0.24315316070098
301,"history_naive",15,9.51368023783377e+285,9.51368023783377e+285
301,"practical_naive",NA,2.9089863329999,0.179176833115263
301,"correct_conditional",NA,1.61162953536778,0.0409464100207926
302,"history_naive",15,9.78396476548572e+285,9.78396476548572e+285
302,"practical_naive",NA,1.22146079877699,0.266703968175375
302,"correct_conditional",NA,1.10270113630196,0.412354747983688
303,"history_naive",14,7.20700679434211e+285,4.80467119622808e+285
303,"practical_naive",NA,1.2697073975744,0.243316301556887
303,"correct_conditional",NA,1.26397793549381,0.343434679349385
304,"history_naive",15,7.27219536352984e+285,4.84813024235323e+285
304,"practical_naive",NA,2.9164296874778,0.228067389008835
304,"correct_conditional",NA,2.82834635773299,0.294269851727107
305,"history_naive",14,9.73514268351523e+285,9.73514268351523e+285
305,"practical_naive",NA,1.14646172245976,0.305081001871125
305,"correct_conditional",NA,1.17390301466771,0.443508366599037
306,"history_naive",14,9.68656422422175e+285,9.68656422422175e+285
306,"practical_naive",NA,3.2023697407626,0.221273664560373
306,"correct_conditional",NA,4.44618489745935,0.403803283540003
307,"history_naive",14,7.41917769571329e+285,4.94611846380886e+285
307,"practical_naive",NA,1.13258574018171,0.315427309839688
307,"correct_conditional",NA,1.31656079004506,0.255586900408067
308,"history_naive",14,9.54227845590838e+285,9.54227845590838e+285
308,"practical_naive",NA,1.52419919493546,0.233208075106999
308,"correct_conditional",NA,1.0102055550476,0.233502463074343
309,"history_naive",15,9.68656422422178e+285,9.68656422422178e+285
309,"practical_naive",NA,1.0197934762942,0.244664106415277
309,"correct_conditional",NA,1.00867576732557,0.516081514520149
310,"history_naive",14,9.68656422422177e+285,9.68656422422177e+285
310,"practical_naive",NA,3.86093245678223,0.310533024941521
310,"correct_conditional",NA,18.1489662732621,1.23381119581018
311,"history_naive",15,9.62858994375375e+285,9.62858994375375e+285
311,"practical_naive",1227,35.3479292938684,0.519437539031962
311,"correct_conditional",1053,52.9301045969877,1.57062992621596
312,"history_naive",14,9.59013331701365e+285,9.59013331701365e+285
312,"practical_naive",NA,1.38416108552241,0.260695505851136
312,"correct_conditional",NA,1.25228137328154,0.289296169196768
313,"history_naive",14,9.83303169190956e+285,9.83303169190956e+285
313,"practical_naive",NA,1.01777538091942,0.219630462439414
313,"correct_conditional",NA,1.36302888555606,0.832577797770508
314,"history_naive",14,9.72540754083175e+285,9.72540754083175e+285
314,"practical_naive",NA,5.36164597641107,0.149686972028377
314,"correct_conditional",NA,9.47320036068033,1.09508974914316
315,"history_naive",15,9.54227845590833e+285,9.54227845590833e+285
315,"practical_naive",NA,1.00519666328499,0.503575594044289
315,"correct_conditional",NA,1.76506985733493,1.2864702957501
316,"history_naive",14,9.68656422422176e+285,9.68656422422176e+285
316,"practical_naive",NA,2.27640171376269,0.263901132109773
316,"correct_conditional",NA,6.72077367285276,1.12814926222662
317,"history_naive",15,9.85272729376984e+285,9.85272729376984e+285
317,"practical_naive",NA,1.00436329780228,0.209591944436367
317,"correct_conditional",NA,1.00346153846154,0.299804717053224
318,"history_naive",14,9.76440661991957e+285,9.76440661991957e+285
318,"practical_naive",NA,1.00768136503077,0.20342312537349
318,"correct_conditional",NA,1.00381728154023,0.702486347363513
319,"history_naive",14,7.24315018616639e+285,4.82876679077759e+285
319,"practical_naive",NA,1.84092473791686,0.997801963807529
319,"correct_conditional",NA,1.5311081529858,0.781211013249197
320,"history_naive",14,7.11387579648546e+285,4.74258386432364e+285
320,"practical_naive",NA,1.15447730677158,0.260202701548467
320,"correct_conditional",NA,1.10827594192886,0.344767087705381
321,"history_naive",14,9.68656422422175e+285,9.68656422422175e+285
321,"practical_naive",NA,1.04291411025112,0.333767483815058
321,"correct_conditional",NA,1.24129103560862,0.794014106180847
322,"history_naive",14,9.6478760479737e+285,9.6478760479737e+285
322,"practical_naive",NA,1.22455248625937,0.082187776773874
322,"correct_conditional",NA,1.64318807471674,0.298044208271957
323,"history_naive",15,9.51368023783373e+285,9.51368023783373e+285
323,"practical_naive",1072,60.6001522119578,6.7341762300751
323,"correct_conditional",1134,33.701872614307,6.64407972850238
324,"history_naive",15,7.22144245781528e+285,4.81429497187685e+285
324,"practical_naive",NA,2.05406242295375,0.0902738881367851
324,"correct_conditional",NA,1.3872181568567,0.0921416706453819
325,"history_naive",15,7.25765824499812e+285,4.83843882999875e+285
325,"practical_naive",NA,1.57355424056034,0.164900451350265
325,"correct_conditional",NA,1.53936957686959,0.102232683930683
326,"history_naive",14,7.22144245781533e+285,4.81429497187689e+285
326,"practical_naive",NA,1.61829643679621,0.582237390273688
326,"correct_conditional",NA,1.11085784187005,0.146002638385667
327,"history_naive",15,9.60934239245619e+285,9.60934239245619e+285
327,"practical_naive",NA,2.44460420958295,0.214408510281472
327,"correct_conditional",NA,2.18116931727249,0.66980628177483
328,"history_naive",14,7.14955213308937e+285,4.76636808872624e+285
328,"practical_naive",NA,5.10019749848008,0.0298349197986903
328,"correct_conditional",NA,11.877717938643,0.948261372849973
329,"history_naive",15,7.19979978754777e+285,4.79986652503185e+285
329,"practical_naive",NA,2.08918940877974,0.614863055571963
329,"correct_conditional",NA,1.6752012767471,0.36836103504695
330,"history_naive",15,9.84287456647605e+285,9.84287456647605e+285
330,"practical_naive",NA,1.09849355531087,0.307596502892028
330,"correct_conditional",NA,1.34815104407739,0.606183532263413
331,"history_naive",14,7.41917769571334e+285,4.9461184638089e+285
331,"practical_naive",NA,1.01545752673164,0.358413464829008
331,"correct_conditional",NA,1.04776918523099,0.455144490693215
332,"history_naive",15,9.65753358155515e+285,9.65753358155515e+285
332,"practical_naive",NA,1.17939533080887,0.219665608970867
332,"correct_conditional",NA,1.23722471305379,0.314483473650331
333,"history_naive",15,7.4862853858174e+285,4.99085692387827e+285
333,"practical_naive",NA,1.06570136289357,0.415745804840512
333,"correct_conditional",NA,1.105718586767,0.369377852100183
334,"history_naive",15,9.89223692761772e+285,9.89223692761772e+285
334,"practical_naive",NA,1.05624846842727,0.209431335484381
334,"correct_conditional",NA,1.06329583920936,0.168861711341608
335,"history_naive",14,7.1854073877725e+285,4.79027159184833e+285
335,"practical_naive",NA,1.04288361214134,0.160004039629386
335,"correct_conditional",NA,1.10327733294943,0.358017810713879
336,"history_naive",14,9.75464221329963e+285,9.75464221329963e+285
336,"practical_naive",NA,1.12310260021759,0.173876640820272
336,"correct_conditional",NA,1.37925198048634,0.254812290922819
337,"history_naive",14,9.7937585240098e+285,9.7937585240098e+285
337,"practical_naive",NA,1.95305112195537,0.185331893066585
337,"correct_conditional",NA,1.41040933026544,0.528630660291746
338,"history_naive",15,9.77418080072028e+285,9.77418080072028e+285
338,"practical_naive",NA,1.08995685552818,0.183510151844176
338,"correct_conditional",NA,1.10550686076171,0.335385877680074
339,"history_naive",14,9.62858994375369e+285,9.62858994375369e+285
339,"practical_naive",NA,4.06227996672726,0.206403778763926
339,"correct_conditional",NA,7.35843072259253,0.0922753897303253
340,"history_naive",15,7.25040058675318e+285,4.83360039116878e+285
340,"practical_naive",NA,1.08475610653947,0.20507073878211
340,"correct_conditional",NA,1.16723466597823,0.239466497636524
341,"history_naive",14,9.79375852400981e+285,9.79375852400981e+285
341,"practical_naive",NA,1.39394266649462,0.186367241862894
341,"correct_conditional",NA,1.16953498691601,0.330996641536308
342,"history_naive",15,9.77418080072026e+285,9.77418080072026e+285
342,"practical_naive",NA,1.25681857138605,0.22486982906873
342,"correct_conditional",NA,1.41734789255863,0.46301233251758
343,"history_naive",15,9.67687765999753e+285,9.67687765999753e+285
343,"practical_naive",NA,1.59512144824549,0.227261242104601
343,"correct_conditional",NA,1.26828414851078,0.578956906047876
344,"history_naive",14,9.78396476548575e+285,9.78396476548575e+285
344,"practical_naive",NA,1.8644140079508,0.220037154777495
344,"correct_conditional",NA,2.10655586387262,0.578533842769276
345,"history_naive",14,7.27947483836821e+285,4.85298322557881e+285
345,"practical_naive",NA,1.15574370104964,0.275426412295761
345,"correct_conditional",NA,5.03089124332624,2.67748396091838
346,"history_naive",14,7.42660430001332e+285,4.95106953334221e+285
346,"practical_naive",NA,1.04521419911796,0.334766976585278
346,"correct_conditional",NA,1.24187303388655,0.843412968193992
347,"history_naive",15,9.89223692761775e+285,9.89223692761775e+285
347,"practical_naive",NA,3.60988608321011,0.207287313292351
347,"correct_conditional",NA,3.28356709136712,0.26506472824977
348,"history_naive",14,9.73514268351526e+285,9.73514268351526e+285
348,"practical_naive",NA,1.31603579149497,0.154375632489845
348,"correct_conditional",NA,1.35008002885597,0.125095572117745
349,"history_naive",15,7.27219536352983e+285,4.84813024235322e+285
349,"practical_naive",NA,1.06856200276344,0.22992670427463
349,"correct_conditional",NA,1.07079573549763,0.265044439640942
350,"history_naive",15,9.88234469069013e+285,9.88234469069013e+285
350,"practical_naive",NA,2.9923968474604,0.141530519556607
350,"correct_conditional",NA,1.23968422282284,0.0941339224751336
351,"history_naive",15,9.80356208609587e+285,9.80356208609587e+285
351,"practical_naive",NA,1.54760279398862,0.226532950712271
351,"correct_conditional",NA,3.9114853231225,0.65130409697267
352,"history_naive",15,7.2214424578153e+285,4.81429497187687e+285
352,"practical_naive",NA,15.8075781373998,0.0587718072692659
352,"correct_conditional",NA,15.7825202826272,0.080908017211844
353,"history_naive",14,7.15670884193124e+285,4.77113922795416e+285
353,"practical_naive",NA,1.31303009029094,0.537648984838714
353,"correct_conditional",NA,1.44695079124732,0.237090519888787
354,"history_naive",15,7.2649231681663e+285,4.84328211211087e+285
354,"practical_naive",NA,2.92064744522616,0.701175404872237
354,"correct_conditional",NA,9.59201022653696,2.26198815997751
355,"history_naive",14,9.67687765999751e+285,9.67687765999751e+285
355,"practical_naive",NA,1.49147155465131,0.207094673317629
355,"correct_conditional",NA,1.74018650564425,0.496677248317918
356,"history_naive",14,9.8231986602176e+285,9.8231986602176e+285
356,"practical_naive",NA,1.16590455775282,0.190255762305766
356,"correct_conditional",NA,1.1636281496618,0.284779622180394
357,"history_naive",14,9.45674067147935e+285,9.45674067147935e+285
357,"practical_naive",NA,2.23118402663359,0.168790962071744
357,"correct_conditional",NA,3.03125351012485,0.31422263298934
358,"history_naive",15,9.8231986602176e+285,9.8231986602176e+285
358,"practical_naive",NA,2.03906442324284,0.123643608760055
358,"correct_conditional",NA,3.82841708290826,0.136774964789068
359,"history_naive",15,9.66720078233753e+285,9.66720078233753e+285
359,"practical_naive",NA,1.20081812608983,0.203152332281006
359,"correct_conditional",NA,1.2862071227071,0.389061877680864
360,"history_naive",14,9.69626048470647e+285,9.69626048470647e+285
360,"practical_naive",NA,1.74807697953732,0.190851557798305
360,"correct_conditional",NA,2.27066680385462,0.205555205271749
361,"history_naive",14,7.30866567831477e+285,4.87244378554318e+285
361,"practical_naive",NA,1.17634276865175,0.204404507415463
361,"correct_conditional",NA,1.11817948091596,0.251066637403756
362,"history_naive",15,7.41917769571335e+285,4.9461184638089e+285
362,"practical_naive",NA,1.39361751349457,0.16764863571525
362,"correct_conditional",NA,1.32361878389746,0.32574191486005
363,"history_naive",15,7.29405565562383e+285,4.86270377041589e+285
363,"practical_naive",NA,1.22635629129235,0.584496218036764
363,"correct_conditional",NA,1.67989416419697,0.951506512842441
364,"history_naive",15,9.68656422422175e+285,9.68656422422175e+285
364,"practical_naive",NA,2.60477202229723,0.071191340692074
364,"correct_conditional",NA,1.75578495297862,0.0792614666525129
365,"history_naive",15,9.78396476548578e+285,9.78396476548578e+285
365,"practical_naive",NA,1.22644243639168,0.245578153675551
365,"correct_conditional",NA,1.59250011853359,0.628179400327498
366,"history_naive",14,7.36003159616811e+285,4.90668773077874e+285
366,"practical_naive",NA,1.33169780417565,0.206565248152423
366,"correct_conditional",NA,1.50421117618903,0.281651579952416
367,"history_naive",14,9.57096264051295e+285,9.57096264051295e+285
367,"practical_naive",NA,2.10690825863494,0.785688455025408
367,"correct_conditional",NA,2.35004634121243,1.00057204820574
368,"history_naive",14,9.63822817192567e+285,9.63822817192567e+285
368,"practical_naive",NA,1.04048174458277,0.213271787784793
368,"correct_conditional",NA,1.8113473954938,0.812870013259402
369,"history_naive",15,7.25765824499814e+285,4.83843882999876e+285
369,"practical_naive",NA,3.30902815377909,2.54990294974814
369,"correct_conditional",NA,1.02534846127364,0.427989303127565
370,"history_naive",14,7.3526715645719e+285,4.90178104304793e+285
370,"practical_naive",NA,1.29580754585323,0.216486946265651
370,"correct_conditional",NA,1.51827794190618,0.499541933726741
371,"history_naive",15,9.86258988365344e+285,9.86258988365344e+285
371,"practical_naive",NA,1.03644267383714,0.218584208028022
371,"correct_conditional",NA,1.0183393552513,0.239881935232987
372,"history_naive",15,9.77418080072029e+285,9.77418080072029e+285
372,"practical_naive",NA,2.23044997062022,1.07820318334848
372,"correct_conditional",NA,3.52296398468016,1.47405628988249
373,"history_naive",14,9.78396476548577e+285,9.78396476548577e+285
373,"practical_naive",NA,3.27950284026973,0.159724543548938
373,"correct_conditional",NA,12.7320458621265,1.25714235839277
374,"history_naive",15,9.87246234599951e+285,9.87246234599951e+285
374,"practical_naive",NA,1.78525303823395,0.739621055532101
374,"correct_conditional",NA,1.60447307792839,0.149800745983204
375,"history_naive",14,9.50416655759584e+285,9.50416655759584e+285
375,"practical_naive",NA,2.69176137601677,0.906138811851905
375,"correct_conditional",NA,2.53715044987813,1.34580410603158
376,"history_naive",14,9.61896135380999e+285,9.61896135380999e+285
376,"practical_naive",NA,1.59756896809957,0.10318146484114
376,"correct_conditional",NA,1.76739538531498,0.388556613984182
377,"history_naive",14,7.22867112894425e+285,4.81911408596283e+285
377,"practical_naive",NA,1.5867699762105,0.270143439575054
377,"correct_conditional",NA,1.27254198866992,0.156494295745407
378,"history_naive",14,9.78396476548574e+285,9.78396476548574e+285
378,"practical_naive",NA,1.0464104782729,0.225253018877205
378,"correct_conditional",NA,1.00846479996378,0.201324045863633
379,"history_naive",14,9.60934239245624e+285,9.60934239245624e+285
379,"practical_naive",NA,1.54042027144176,0.524461405766721
379,"correct_conditional",NA,1.12690542796723,0.748509107144055
380,"history_naive",14,9.71568213329087e+285,9.71568213329087e+285
380,"practical_naive",NA,1.36429702983687,0.306559149209089
380,"correct_conditional",NA,1.22091522114245,0.48682331601208
381,"history_naive",15,9.8133754615574e+285,9.8133754615574e+285
381,"practical_naive",NA,1.08804977451584,0.206803280811806
381,"correct_conditional",NA,1.07828816844098,0.301402857015704
382,"history_naive",14,7.38954547032735e+285,4.9263636468849e+285
382,"practical_naive",NA,1.41660049972129,0.157312491351656
382,"correct_conditional",NA,1.9374817720271,0.443688993754531
383,"history_naive",15,9.67687765999751e+285,9.67687765999751e+285
383,"practical_naive",NA,1.0016,0.380770045141959
383,"correct_conditional",NA,1.11755436514862,1.05781364725991
384,"history_naive",14,9.66720078233753e+285,9.66720078233753e+285
384,"practical_naive",NA,1.44216293992993,0.189355339968754
384,"correct_conditional",NA,1.39190362341785,0.161060861933732
385,"history_naive",15,7.4043467594996e+285,4.93623117299973e+285
385,"practical_naive",NA,1.32910491236096,0.264541054845423
385,"correct_conditional",NA,1.26007619596861,0.20409338795053
386,"history_naive",15,9.54227845590832e+285,9.54227845590832e+285
386,"practical_naive",NA,1.06791076696122,0.477124013937722
386,"correct_conditional",NA,1.05702670578775,0.610074462395211
387,"history_naive",14,9.76440661991957e+285,9.76440661991957e+285
387,"practical_naive",NA,2.71374766561666,0.153142925334965
387,"correct_conditional",NA,1.99127927422005,0.130814868850082
388,"history_naive",15,9.68656422422171e+285,9.68656422422171e+285
388,"practical_naive",NA,1,0.341402704213974
388,"correct_conditional",NA,1.00473124637674,0.244856721878985
389,"history_naive",14,7.20700679434213e+285,4.80467119622809e+285
389,"practical_naive",NA,1.17269569755868,0.19663308954283
389,"correct_conditional",NA,1.34842813908256,0.224201167045162
390,"history_naive",15,9.523203441275e+285,9.523203441275e+285
390,"practical_naive",NA,17.3297531728823,0.39939961402583
390,"correct_conditional",NA,16.6692621279114,0.221643940938555
391,"history_naive",14,7.33063560054023e+285,4.88709040036016e+285
391,"practical_naive",NA,2.37331043412698,0.203798111369239
391,"correct_conditional",NA,1.55915989224861,0.22794871863628
392,"history_naive",14,9.66720078233756e+285,9.66720078233756e+285
392,"practical_naive",NA,1.02128298286589,0.205868759594446
392,"correct_conditional",NA,1.36399345700231,0.34659501322842
393,"history_naive",14,9.60934239245623e+285,9.60934239245623e+285
393,"practical_naive",NA,1.07309952596798,0.207517174781253
393,"correct_conditional",NA,1.28011300920614,0.367456108462479
394,"history_naive",15,9.8527272937698e+285,9.8527272937698e+285
394,"practical_naive",NA,1.14981119038302,0.233236790121513
394,"correct_conditional",NA,1.04696635561396,0.458446967445202
395,"history_naive",14,9.76440661991952e+285,9.76440661991952e+285
395,"practical_naive",NA,1.60718333616844,0.242871748701271
395,"correct_conditional",NA,2.80255783774736,1.18116785831682
396,"history_naive",15,9.67687765999747e+285,9.67687765999747e+285
396,"practical_naive",NA,1,0.248484441375388
396,"correct_conditional",NA,1.07096205024635,0.443583665294197
397,"history_naive",14,9.65753358155521e+285,9.65753358155521e+285
397,"practical_naive",NA,1.15554133911277,0.193837182650492
397,"correct_conditional",NA,1.03028870705625,0.481191148383697
398,"history_naive",15,9.67687765999754e+285,9.67687765999754e+285
398,"practical_naive",NA,2.04020891506481,0.232639429714832
398,"correct_conditional",NA,1.67855089103027,0.37696258969924
399,"history_naive",14,7.3526715645719e+285,4.90178104304793e+285
399,"practical_naive",NA,1.44905789679589,0.361995210322487
399,"correct_conditional",NA,1.58862110351895,0.586251859374638
400,"history_naive",14,9.60934239245621e+285,9.60934239245621e+285
400,"practical_naive",NA,1.11337435905519,0.26705851505433
400,"correct_conditional",NA,1.37860537952656,0.414482444415907
401,"history_naive",14,9.56139167787242e+285,9.56139167787242e+285
401,"practical_naive",NA,1.24949930431953,0.191969347060613
401,"correct_conditional",NA,1.57666226254516,0.417361819755838
402,"history_naive",14,9.67687765999749e+285,9.67687765999749e+285
402,"practical_naive",NA,3.02414199651189,0.681489094983151
402,"correct_conditional",NA,2.71755249256726,1.25893903566785
403,"history_naive",14,7.19259998776024e+285,4.79506665850683e+285
403,"practical_naive",NA,1.53746572796788,0.203218939595026
403,"correct_conditional",NA,1.2316551477133,0.308072819547577
404,"history_naive",14,9.64787604797367e+285,9.64787604797367e+285
404,"practical_naive",NA,5.20176143949457,1.19564485690129
404,"correct_conditional",NA,7.9338591755204,2.03261657246179
405,"history_naive",15,9.69626048470646e+285,9.69626048470646e+285
405,"practical_naive",NA,3.3938690602386,0.168106819425518
405,"correct_conditional",NA,1.99145503699126,0.033498873425757
406,"history_naive",15,7.39694241274006e+285,4.93129494182671e+285
406,"practical_naive",NA,1.02860216867673,0.285944907718442
406,"correct_conditional",NA,1.23696964770527,0.229707671556576
407,"history_naive",15,9.6478760479736e+285,9.6478760479736e+285
407,"practical_naive",NA,1.34287065195317,0.296342343920506
407,"correct_conditional",NA,1.31578008872462,0.415237636497487
408,"history_naive",14,9.74488757108637e+285,9.74488757108637e+285
408,"practical_naive",NA,2.18958950176183,0.123726883035171
408,"correct_conditional",NA,1.34163868151393,0.10892858131619
409,"history_naive",14,9.58054318369668e+285,9.58054318369668e+285
409,"practical_naive",NA,1.01786989158881,0.211984739326433
409,"correct_conditional",NA,1.00547048386716,0.567919206430737
410,"history_naive",14,7.44892874691675e+285,4.9659524979445e+285
410,"practical_naive",NA,3.1475601691335,0.0966361031355116
410,"correct_conditional",NA,2.60504144537809,0.105933905587308
411,"history_naive",15,7.25040058675315e+285,4.83360039116876e+285
411,"practical_naive",NA,10.4507955549833,0.201172941494177
411,"correct_conditional",NA,13.5208208990991,0.937988633853284
412,"history_naive",14,7.18540738777248e+285,4.79027159184832e+285
412,"practical_naive",NA,2.19537429862796,0.126139439829028
412,"correct_conditional",NA,2.85376544211623,0.197424270575888
413,"history_naive",14,9.91205111780224e+285,9.91205111780224e+285
413,"practical_naive",NA,2.04333549866623,0.189334960628423
413,"correct_conditional",NA,4.06605554558662,3.25383332471653
414,"history_naive",14,9.58054318369665e+285,9.58054318369665e+285
414,"practical_naive",NA,2.40016715247242,0.202382501867543
414,"correct_conditional",NA,1.24156038590742,0.124125889914017
415,"history_naive",15,9.80356208609589e+285,9.80356208609589e+285
415,"practical_naive",NA,1.89559898362688,0.178505056893571
415,"correct_conditional",NA,3.82344753384587,1.0932486059004
416,"history_naive",14,9.40014188956754e+285,9.40014188956754e+285
416,"practical_naive",NA,1.32651343032164,0.320750374175348
416,"correct_conditional",NA,1.30040008123808,0.114996034870697
417,"history_naive",15,9.61896135380998e+285,9.61896135380998e+285
417,"practical_naive",NA,1.31202848561123,0.299941946944832
417,"correct_conditional",NA,1.95171204103028,0.905496407402998
418,"history_naive",14,9.60934239245615e+285,9.60934239245615e+285
418,"practical_naive",NA,1.14642808675069,0.309107820460708
418,"correct_conditional",NA,1.02844151926582,0.339925840247129
419,"history_naive",14,9.86258988365349e+285,9.86258988365349e+285
419,"practical_naive",NA,1.38694925908938,0.216286327695677
419,"correct_conditional",NA,1.05363405698518,0.157418095416607
420,"history_naive",14,9.67687765999753e+285,9.67687765999753e+285
420,"practical_naive",NA,1.91495296399541,0.21611437325191
420,"correct_conditional",NA,2.01523233481102,0.354840220784662
421,"history_naive",14,9.58054318369661e+285,9.58054318369661e+285
421,"practical_naive",NA,1.08526987006533,0.2589079132107
421,"correct_conditional",NA,1.01397439429947,0.16063801485352
422,"history_naive",14,9.48516772864724e+285,9.48516772864724e+285
422,"practical_naive",NA,1.3197274378537,0.195726379620973
422,"correct_conditional",NA,1.39135173495297,0.204149573240634
423,"history_naive",15,7.32330496493965e+285,4.88220330995977e+285
423,"practical_naive",NA,1.9753373540082,0.236443919988011
423,"correct_conditional",NA,16.7587706588157,5.29518624338356
424,"history_naive",14,7.23590703598024e+285,4.82393802398682e+285
424,"practical_naive",NA,1.62326402026957,0.0945645811352779
424,"correct_conditional",NA,1.26318469346875,0.129078402646835
425,"history_naive",14,7.1997997875478e+285,4.79986652503187e+285
425,"practical_naive",NA,9.4742188772789,0.225597640439026
425,"correct_conditional",666,21.5082715364388,0.92022613443491
426,"history_naive",14,7.13526017837528e+285,4.75684011891685e+285
426,"practical_naive",NA,3.50615093103466,0.167515834605401
426,"correct_conditional",NA,1.45828147590008,0.655146307514651
427,"history_naive",15,9.51368023783371e+285,9.51368023783371e+285
427,"practical_naive",NA,1.60507832324939,0.207339316272305
427,"correct_conditional",NA,1.19814923870381,0.700728814143939
428,"history_naive",14,9.82319866021763e+285,9.82319866021763e+285
428,"practical_naive",NA,1.43225249182055,0.276151549788811
428,"correct_conditional",NA,1.81826419239785,0.927075749961318
429,"history_naive",15,9.65753358155516e+285,9.65753358155516e+285
429,"practical_naive",NA,1.39222942401276,0.179745242842627
429,"correct_conditional",NA,5.52683201025947,1.13343498294758
430,"history_naive",14,7.30135701263643e+285,4.86757134175762e+285
430,"practical_naive",NA,1.00116200327606,0.210770537803981
430,"correct_conditional",NA,1.0390856796399,0.129681100931668
431,"history_naive",15,7.20700679434213e+285,4.80467119622809e+285
431,"practical_naive",NA,1.10936191463921,0.205934477507722
431,"correct_conditional",NA,1.34004031675136,0.294228637822225
432,"history_naive",14,9.55183028619456e+285,9.55183028619456e+285
432,"practical_naive",NA,1.0573304867909,0.141613921481552
432,"correct_conditional",NA,1.02243814201183,0.367441406095578
433,"history_naive",15,9.59013331701365e+285,9.59013331701365e+285
433,"practical_naive",NA,5.96848481418238,0.264666266372298
433,"correct_conditional",NA,3.29043690077048,1.03619794411747
434,"history_naive",14,9.69626048470642e+285,9.69626048470642e+285
434,"practical_naive",NA,2.70449172133361,0.283830542776295
434,"correct_conditional",NA,2.54404415924653,0.440105043719201
435,"history_naive",14,7.3306356005402e+285,4.88709040036013e+285
435,"practical_naive",NA,1.24889600040926,0.189246186808198
435,"correct_conditional",NA,1.25653625667688,0.28786948814358
436,"history_naive",14,9.90213906668449e+285,9.90213906668449e+285
436,"practical_naive",NA,2.86414025076956,0.226985529769539
436,"correct_conditional",NA,2.22986131529422,0.257229699696618
437,"history_naive",14,7.27219536352984e+285,4.84813024235323e+285
437,"practical_naive",NA,1.00403416615385,0.194732715480991
437,"correct_conditional",NA,1.02104190324822,0.120590028624119
438,"history_naive",14,9.7156821332909e+285,9.7156821332909e+285
438,"practical_naive",NA,1.55829356392763,0.108612486154195
438,"correct_conditional",NA,1.60889266107623,0.141309538229187
439,"history_naive",14,9.53273617745242e+285,9.53273617745242e+285
439,"practical_naive",NA,1.25005097837012,0.156602621178311
439,"correct_conditional",NA,1.41964681374684,0.594155555500047
440,"history_naive",14,7.17104375840432e+285,4.78069583893622e+285
440,"practical_naive",NA,1.9081461980136,0.219378751980322
440,"correct_conditional",NA,3.01764253764827,1.32525417277583
441,"history_naive",14,9.88234469069018e+285,9.88234469069018e+285
441,"practical_naive",1464,27.5705366605247,0.556471929010422
441,"correct_conditional",NA,3.44694607022664,0.245928980478665
442,"history_naive",15,9.7937585240098e+285,9.7937585240098e+285
442,"practical_naive",NA,1.25350129677178,0.633532523182485
442,"correct_conditional",NA,1.15640126116081,0.673083967618189
443,"history_naive",14,9.69626048470644e+285,9.69626048470644e+285
443,"practical_naive",NA,1.36678598296145,1.04292195687679
443,"correct_conditional",NA,1.46991078813137,0.788538297484193
444,"history_naive",14,7.19259998776024e+285,4.79506665850683e+285
444,"practical_naive",NA,3.88227321471464,0.251795173003512
444,"correct_conditional",NA,1.33288768619653,0.308988985436894
445,"history_naive",15,9.53273617745244e+285,9.53273617745244e+285
445,"practical_naive",NA,1.45404419743397,0.249864028002178
445,"correct_conditional",NA,1.11021098889571,0.157054306784468
446,"history_naive",15,7.1997997875478e+285,4.79986652503187e+285
446,"practical_naive",NA,1.40914318744762,0.272297929823425
446,"correct_conditional",NA,1.19711399452908,0.0915375727548443
447,"history_naive",14,9.50416655759589e+285,9.50416655759589e+285
447,"practical_naive",NA,1.25743924247054,0.525400366977279
447,"correct_conditional",NA,2.385213107738,1.90515282209949
448,"history_naive",14,9.65753358155522e+285,9.65753358155522e+285
448,"practical_naive",NA,1.29905142058512,0.18924278679464
448,"correct_conditional",NA,1.13965865404285,0.389600749638893
449,"history_naive",14,9.98171384775656e+285,9.98171384775656e+285
449,"practical_naive",NA,1.03361722732285,0.470868680753264
449,"correct_conditional",NA,1.02458875325603,0.91582607894377
450,"history_naive",15,9.74488757108635e+285,9.74488757108635e+285
450,"practical_naive",1679,22.31327033909,0.989338906498046
450,"correct_conditional",NA,2.93772789250712,0.0660536715390669
451,"history_naive",14,9.5901333170136e+285,9.5901333170136e+285
451,"practical_naive",NA,6.21670849568766,0.0513780234160642
451,"correct_conditional",793,30.5444875029347,20.7986835886597
452,"history_naive",14,9.88234469069018e+285,9.88234469069018e+285
452,"practical_naive",NA,2.22703736552222,0.292573653239471
452,"correct_conditional",NA,1.30902195735708,0.340710530890433
453,"history_naive",15,9.68656422422174e+285,9.68656422422174e+285
453,"practical_naive",NA,2.69643907597113,0.266533185883552
453,"correct_conditional",NA,4.51564805785826,1.17635211577018
454,"history_naive",14,9.93190499588905e+285,9.93190499588905e+285
454,"practical_naive",NA,2.27475700292893,0.163913131344204
454,"correct_conditional",NA,1.37998137015392,0.124722902014992
455,"history_naive",15,7.26492316816631e+285,4.84328211211088e+285
455,"practical_naive",NA,1.43547467918845,0.970656202962908
455,"correct_conditional",NA,1.02654100669628,0.222652730990551
456,"history_naive",14,9.77418080072027e+285,9.77418080072027e+285
456,"practical_naive",NA,1.26307975452922,0.246099497141585
456,"correct_conditional",NA,1.10904409982567,0.997022267105468
457,"history_naive",15,7.27947483836822e+285,4.85298322557881e+285
457,"practical_naive",NA,1.53429279923963,0.278216851767658
457,"correct_conditional",NA,1.2143716888874,0.347154349426412
458,"history_naive",14,7.17822198038473e+285,4.78548132025648e+285
458,"practical_naive",NA,1.19023513569138,0.232525960700961
458,"correct_conditional",NA,1.47656539179705,0.786301201585755
459,"history_naive",14,9.42839881023015e+285,9.42839881023015e+285
459,"practical_naive",NA,7.03968367017828,1.56203902822753
459,"correct_conditional",NA,4.92765620492766,0.838131895262386
460,"history_naive",15,7.27219536352986e+285,4.84813024235324e+285
460,"practical_naive",NA,1.07681800236084,0.207678791895335
460,"correct_conditional",NA,1.06413927455093,0.391642963650503
461,"history_naive",14,7.23590703598025e+285,4.82393802398684e+285
461,"practical_naive",NA,1.46523976263198,0.331828807504598
461,"correct_conditional",NA,1.29797024527032,0.373469555658907
462,"history_naive",14,9.58054318369663e+285,9.58054318369663e+285
462,"practical_naive",NA,2.2085109113431,0.20664582937657
462,"correct_conditional",NA,1.27374707410115,0.2173471282223
463,"history_naive",15,7.22867112894425e+285,4.81911408596283e+285
463,"practical_naive",NA,14.6855087695365,2.91985424819839
463,"correct_conditional",NA,9.85342009771978,0.501481827829844
464,"history_naive",15,1.001171897955e+286,1.001171897955e+286
464,"practical_naive",NA,3.10348903330443,0.154892966754103
464,"correct_conditional",NA,1.05118435608851,0.0622551233530165
465,"history_naive",14,9.7741808007203e+285,9.7741808007203e+285
465,"practical_naive",437,323.235267162644,0.161282552977262
465,"correct_conditional",425,195.723834099419,2.10527700385116
466,"history_naive",14,7.21422101535748e+285,4.80948067690499e+285
466,"practical_naive",NA,1.16779614536685,0.530308249238958
466,"correct_conditional",NA,1.24815719280853,0.697865464367923
467,"history_naive",14,9.68656422422181e+285,9.68656422422181e+285
467,"practical_naive",NA,1.93422101561903,0.280805602142347
467,"correct_conditional",NA,2.60885373207278,0.214459611259919
468,"history_naive",14,7.40434675949962e+285,4.93623117299975e+285
468,"practical_naive",NA,4.8525215567428,0.332116205919548
468,"correct_conditional",NA,3.12406612365099,0.535984474606658
469,"history_naive",15,9.59013331701364e+285,9.59013331701364e+285
469,"practical_naive",NA,1.14053056688488,0.201436033678683
469,"correct_conditional",NA,1.04980691837282,0.230429315439929
470,"history_naive",14,9.76440661991958e+285,9.76440661991958e+285
470,"practical_naive",207,34.2036870800931,0.148923183261233
470,"correct_conditional",NA,4.49142441678328,0.028629193472326
471,"history_naive",14,9.79375852400979e+285,9.79375852400979e+285
471,"practical_naive",NA,1.67081309450807,0.361403653132171
471,"correct_conditional",NA,2.39327971751264,2.12667773889481
472,"history_naive",14,9.69626048470649e+285,9.69626048470649e+285
472,"practical_naive",NA,2.76653051402321,0.237880107918407
472,"correct_conditional",NA,4.7734615401141,1.03134435024616
473,"history_naive",14,7.22867112894425e+285,4.81911408596283e+285
473,"practical_naive",NA,1.80778296746854,0.0723722468086507
473,"correct_conditional",NA,1.43258919223312,0.0581728175090931
474,"history_naive",14,9.4095514410085e+285,9.4095514410085e+285
474,"practical_naive",NA,2.19201955871351,0.089145355877777
474,"correct_conditional",NA,2.00459128260316,0.244709915110708
475,"history_naive",15,7.19979978754775e+285,4.79986652503183e+285
475,"practical_naive",NA,10.3847193568598,0.793447748089109
475,"correct_conditional",NA,6.20162471198239,0.73833734431862
476,"history_naive",14,7.31598165997472e+285,4.87732110664981e+285
476,"practical_naive",NA,4.11220344074388,0.23077878754234
476,"correct_conditional",NA,2.28279652894058,0.214207750786434
477,"history_naive",15,7.28676159996818e+285,4.85784106664546e+285
477,"practical_naive",NA,2.03145271973268,0.299750965028545
477,"correct_conditional",NA,1.04717645493764,0.337020514675427
478,"history_naive",14,9.71568213329094e+285,9.71568213329094e+285
478,"practical_naive",NA,1.45272457484405,0.172991801481602
478,"correct_conditional",NA,1.11847037761534,0.195712727455442
479,"history_naive",15,9.77418080072032e+285,9.77418080072032e+285
479,"practical_naive",NA,1.48801578697736,0.174784890838084
479,"correct_conditional",NA,1.4990999547668,0.0790952379811023
480,"history_naive",14,7.2431501861664e+285,4.8287667907776e+285
480,"practical_naive",NA,1.22018733806448,0.242426567244565
480,"correct_conditional",NA,1.21508043573491,0.511049084605269
481,"history_naive",15,9.83303169190961e+285,9.83303169190961e+285
481,"practical_naive",151,20.0300904693203,0.0660087387144659
481,"correct_conditional",142,25.3292719859858,0.207879382214184
482,"history_naive",14,9.73514268351528e+285,9.73514268351528e+285
482,"practical_naive",NA,6.59543942676617,0.659332302278999
482,"correct_conditional",NA,5.611976093167,0.786839507973092
483,"history_naive",14,7.30135701263648e+285,4.86757134175765e+285
483,"practical_naive",NA,3.63487995848459,0.343128839055651
483,"correct_conditional",NA,3.06898288702405,0.373585680292081
484,"history_naive",14,9.61896135381e+285,9.61896135381e+285
484,"practical_naive",NA,2.0751260422434,0.136173696900338
484,"correct_conditional",NA,2.39360509679011,0.392255326806862
485,"history_naive",15,9.63822817192564e+285,9.63822817192564e+285
485,"practical_naive",NA,2.09400864206495,0.215688736265471
485,"correct_conditional",NA,2.00093011789176,0.400122219188021
486,"history_naive",14,7.3526715645719e+285,4.90178104304793e+285
486,"practical_naive",NA,1.23386507248472,0.22074535411313
486,"correct_conditional",NA,1.32783259090344,0.147931265537965
487,"history_naive",14,7.31598165997476e+285,4.87732110664984e+285
487,"practical_naive",NA,1.76737346039779,0.202507123208513
487,"correct_conditional",NA,2.44168238871969,0.362761094685022
488,"history_naive",14,7.32330496493966e+285,4.88220330995977e+285
488,"practical_naive",NA,1.44385009537307,0.0898035949849073
488,"correct_conditional",NA,4.60073763154875,0.276642620783736
489,"history_naive",15,9.85272729376982e+285,9.85272729376982e+285
489,"practical_naive",NA,2.07346785334225,0.41272988881767
489,"correct_conditional",NA,1.47633694884738,0.346757787807699
490,"history_naive",14,7.19979978754781e+285,4.79986652503187e+285
490,"practical_naive",NA,1.88743365901805,0.239905116094314
490,"correct_conditional",NA,1.60371028806767,0.57347540263957
491,"history_naive",14,7.09255550360953e+285,4.72837033573968e+285
491,"practical_naive",NA,1.20347160920172,0.114359143524816
491,"correct_conditional",NA,1.29538150458988,0.18531230516524
492,"history_naive",14,7.30135701263647e+285,4.86757134175764e+285
492,"practical_naive",NA,3.2476649454609,0.343557464040384
492,"correct_conditional",NA,1.78438525487407,0.460110796894892
493,"history_naive",14,9.69626048470646e+285,9.69626048470646e+285
493,"practical_naive",NA,1.29943956783076,0.206835336335345
493,"correct_conditional",NA,1.15416172807026,0.148231874426606
494,"history_naive",15,7.33063560054021e+285,4.88709040036014e+285
494,"practical_naive",NA,1.79152285252541,0.508887426034232
494,"correct_conditional",NA,1.70343728742034,1.36074806306325
495,"history_naive",15,7.1209967932787e+285,4.74733119551914e+285
495,"practical_naive",NA,2.906815427648,0.140648309019941
495,"correct_conditional",NA,1.50643935235466,0.0747472792716612
496,"history_naive",15,9.61896135380998e+285,9.61896135380998e+285
496,"practical_naive",NA,2.35619825551907,0.241215277557405
496,"correct_conditional",NA,5.46267111436891,1.77323756698804
497,"history_naive",15,7.19979978754779e+285,4.79986652503186e+285
497,"practical_naive",NA,1.96453972268187,0.157466502967626
497,"correct_conditional",NA,1.39966440914527,0.179233787258226
498,"history_naive",14,7.23590703598024e+285,4.82393802398683e+285
498,"practical_naive",NA,1.3388482430369,0.173964690913554
498,"correct_conditional",NA,1.84508638493893,0.532397589415761
499,"history_naive",14,9.84287456647602e+285,9.84287456647602e+285
499,"practical_naive",NA,1.04869377307046,0.141592918590878
499,"correct_conditional",NA,1.10878918809519,0.284307095844157
500,"history_naive",14,9.84287456647599e+285,9.84287456647599e+285
500,"practical_naive",NA,2.33147390392485,0.255906750322516
500,"correct_conditional",NA,1.4323947951638,0.170304452784606
501,"history_naive",14,9.65753358155517e+285,9.65753358155517e+285
501,"practical_naive",NA,1.26287811545345,0.217233906978978
501,"correct_conditional",NA,1.1076307924565,0.528990267615193
502,"history_naive",14,9.60934239245617e+285,9.60934239245617e+285
502,"practical_naive",NA,1.28458169484067,0.167665097755031
502,"correct_conditional",NA,1.18465453400662,0.19839369979899
503,"history_naive",15,9.65753358155525e+285,9.65753358155525e+285
503,"practical_naive",NA,1.99277360214746,0.179274747531057
503,"correct_conditional",NA,1.65410404163224,0.214235515623743
504,"history_naive",15,7.33063560054024e+285,4.88709040036016e+285
504,"practical_naive",NA,1.8700272545809,0.521571184867074
504,"correct_conditional",NA,2.82129549608012,2.26787079765746
505,"history_naive",14,9.66720078233754e+285,9.66720078233754e+285
505,"practical_naive",NA,3.11309480195123,0.187440790296568
505,"correct_conditional",NA,2.00496123715938,0.111971161232098
506,"history_naive",15,9.78396476548578e+285,9.78396476548578e+285
506,"practical_naive",NA,1.07379507568605,0.188711194655645
506,"correct_conditional",NA,1.21624650874394,0.323329805566182
507,"history_naive",14,7.0996551587683e+285,4.73310343917887e+285
507,"practical_naive",NA,1.71487007308791,0.176439336332617
507,"correct_conditional",NA,2.07728243969292,0.617785160388938
508,"history_naive",14,7.46384898102984e+285,4.97589932068656e+285
508,"practical_naive",NA,2.48601880244974,0.358256480425812
508,"correct_conditional",NA,6.33858628413171,0.908997329676465
509,"history_naive",14,7.1281249181969e+285,4.75208327879793e+285
509,"practical_naive",NA,1.04917373550161,0.218701693897523
509,"correct_conditional",NA,1.03694217122412,0.328286484458095
510,"history_naive",14,7.13526017837533e+285,4.75684011891689e+285
510,"practical_naive",NA,10.1319556377479,0.375232884043709
510,"correct_conditional",NA,4.13156090113089,0.717646125435048
511,"history_naive",14,9.64787604797363e+285,9.64787604797363e+285
511,"practical_naive",NA,1.06852463811635,0.150220611732676
511,"correct_conditional",NA,1.13366784795185,0.380916359529515
512,"history_naive",14,9.4946623910383e+285,9.4946623910383e+285
512,"practical_naive",NA,3.14475225179554,0.42819549092786
512,"correct_conditional",NA,7.61528959051267,6.13723319598947
513,"history_naive",15,9.79375852400973e+285,9.79375852400973e+285
513,"practical_naive",NA,5.85779259187204,1.95375094155348
513,"correct_conditional",NA,3.75311661178547,2.77677480902621
514,"history_naive",14,9.62858994375366e+285,9.62858994375366e+285
514,"practical_naive",NA,5.2608768698224,0.196240479282231
514,"correct_conditional",NA,3.20755700667131,0.362214280208133
515,"history_naive",14,9.85272729376984e+285,9.85272729376984e+285
515,"practical_naive",NA,3.64117065140935,1.35280915518237
515,"correct_conditional",NA,8.93706547813447,4.55390490320989
516,"history_naive",14,7.35267156457192e+285,4.90178104304795e+285
516,"practical_naive",NA,1.50477054572028,0.193220741527829
516,"correct_conditional",NA,1.33493867442629,0.265263740198652
517,"history_naive",14,9.91205111780222e+285,9.91205111780222e+285
517,"practical_naive",NA,1.01497416370637,0.250180820918273
517,"correct_conditional",NA,1.03705990009188,0.293869337894326
518,"history_naive",14,9.8527272937698e+285,9.8527272937698e+285
518,"practical_naive",NA,3.47752316669685,0.202413713297687
518,"correct_conditional",NA,3.49952639842548,0.617718539051992
519,"history_naive",14,7.49377916498247e+285,4.99585277665498e+285
519,"practical_naive",NA,1.37807724162734,0.199306418342089
519,"correct_conditional",NA,1.376172800879,0.31110761060956
520,"history_naive",14,9.62858994375371e+285,9.62858994375371e+285
520,"practical_naive",NA,1.37363086034803,0.205580838488566
520,"correct_conditional",NA,1.09956902605752,0.165098330215794
521,"history_naive",14,7.17822198038469e+285,4.78548132025646e+285
521,"practical_naive",NA,1.09705118477511,0.378040103369215
521,"correct_conditional",NA,1.30074243095654,1.00845915422398
522,"history_naive",14,9.70596645115762e+285,9.70596645115762e+285
522,"practical_naive",NA,2.19917922868806,0.099330306100585
522,"correct_conditional",NA,1.42637733799759,0.212758034220002
523,"history_naive",14,9.60934239245614e+285,9.60934239245614e+285
523,"practical_naive",NA,1.91285956767591,0.230740098513766
523,"correct_conditional",NA,1.48668593366471,0.120188630609792
524,"history_naive",15,9.71568213329093e+285,9.71568213329093e+285
524,"practical_naive",NA,1.06833541065204,0.205452636088699
524,"correct_conditional",NA,1.03383257771306,0.226981063284228
525,"history_naive",15,9.4472839308079e+285,9.4472839308079e+285
525,"practical_naive",NA,1.61314957986643,0.12959933349809
525,"correct_conditional",NA,1.12741892048608,0.177604778210333
526,"history_naive",14,7.41917769571338e+285,4.94611846380892e+285
526,"practical_naive",NA,3.19116321844599,0.366042526327232
526,"correct_conditional",NA,5.28913151537737,1.42331387614404
527,"history_naive",15,7.38954547032735e+285,4.9263636468849e+285
527,"practical_naive",NA,3.43939905461118,0.161476214941043
527,"correct_conditional",NA,2.27960240752514,0.466817857057317
528,"history_naive",14,7.33063560054022e+285,4.88709040036015e+285
528,"practical_naive",NA,1.22147918424746,0.128816087709263
528,"correct_conditional",NA,1.34035541435039,0.134247387462251
529,"history_naive",14,7.30866567831477e+285,4.87244378554318e+285
529,"practical_naive",NA,1.06384987029472,0.224257029572354
529,"correct_conditional",NA,1.07128571962267,0.355199651125148
530,"history_naive",14,9.48516772864727e+285,9.48516772864727e+285
530,"practical_naive",NA,2.09448134264045,0.207477830788374
530,"correct_conditional",NA,1.17918581564184,0.101157444521308
531,"history_naive",14,7.14240258095624e+285,4.76160172063749e+285
531,"practical_naive",NA,1.02778904603744,0.247424497734877
531,"correct_conditional",NA,1.79812151397157,0.865363588588348
532,"history_naive",14,9.58054318369663e+285,9.58054318369663e+285
532,"practical_naive",NA,16.104956614236,1.63786953804124
532,"correct_conditional",NA,15.4356734147917,4.32337158930385
533,"history_naive",14,7.14240258095623e+285,4.76160172063749e+285
533,"practical_naive",NA,3.15510214741726,0.205025832088855
533,"correct_conditional",NA,2.68087644571135,0.330327315702995
534,"history_naive",15,7.11387579648546e+285,4.74258386432364e+285
534,"practical_naive",1876,41.5595570161397,13.3078420445392
534,"correct_conditional",1329,48.0294397605427,22.2878447139053
535,"history_naive",15,9.49466239103833e+285,9.49466239103833e+285
535,"practical_naive",NA,1.17983789291105,0.176034016103627
535,"correct_conditional",NA,1.55398416645863,0.260581390271297
536,"history_naive",14,9.6285899437537e+285,9.6285899437537e+285
536,"practical_naive",NA,1.32839435393562,0.408624908892472
536,"correct_conditional",NA,1.85652949147605,0.185998979179679
537,"history_naive",14,7.21422101535751e+285,4.809480676905e+285
537,"practical_naive",NA,1.34653526793851,0.666291235493233
537,"correct_conditional",NA,1.96865318088504,1.15325738680037
538,"history_naive",15,9.78396476548578e+285,9.78396476548578e+285
538,"practical_naive",NA,1.96499695188777,0.0459018423900927
538,"correct_conditional",NA,1.79526906324745,0.00565543762718852
539,"history_naive",14,9.78396476548577e+285,9.78396476548577e+285
539,"practical_naive",NA,1.45303359462714,0.135452403272966
539,"correct_conditional",NA,2.72969605481398,0.766378023455163
540,"history_naive",15,9.58054318369667e+285,9.58054318369667e+285
540,"practical_naive",NA,1.5457711351528,0.0984079780656297
540,"correct_conditional",NA,2.15328414556962,0.944124227842955
541,"history_naive",14,7.26492316816632e+285,4.84328211211088e+285
541,"practical_naive",NA,1.37971574668753,0.187050624369946
541,"correct_conditional",NA,1.31386501117638,0.323450988544465
542,"history_naive",15,7.3526715645719e+285,4.90178104304793e+285
542,"practical_naive",NA,5.8658193732586,0.730360383659006
542,"correct_conditional",NA,1.85412677403436,0.481133305622952
543,"history_naive",14,9.57096264051297e+285,9.57096264051297e+285
543,"practical_naive",NA,1.99359072835339,0.04393078742109
543,"correct_conditional",NA,1.28923988311601,0.0942065258215134
544,"history_naive",15,7.38215592485702e+285,4.92143728323801e+285
544,"practical_naive",NA,2.96719917750896,0.956846664718046
544,"correct_conditional",NA,1.0837124300065,0.0717133201317802
545,"history_naive",15,9.5997330500637e+285,9.5997330500637e+285
545,"practical_naive",NA,2.71780294453229,0.0443268332895378
545,"correct_conditional",NA,1.88143573824397,0.00321630737527038
546,"history_naive",15,7.24315018616638e+285,4.82876679077759e+285
546,"practical_naive",NA,6.39855640215829,0.0983372993512715
546,"correct_conditional",NA,5.22205528789441,0.300954694587347
547,"history_naive",15,9.5805431836966e+285,9.5805431836966e+285
547,"practical_naive",NA,3.73378776883141,0.192578082833294
547,"correct_conditional",NA,1.16368599805014,0.380376599739754
548,"history_naive",14,7.17104375840433e+285,4.78069583893622e+285
548,"practical_naive",NA,1.26058224435072,0.254390857855125
548,"correct_conditional",NA,1.32202758430332,0.538239650818928
549,"history_naive",14,7.30866567831473e+285,4.87244378554315e+285
549,"practical_naive",NA,4.04926936262711,0.197636664041828
549,"correct_conditional",NA,9.626242907197,1.48710570308463
550,"history_naive",14,9.69626048470641e+285,9.69626048470641e+285
550,"practical_naive",NA,1.19190783367647,0.254012345675932
550,"correct_conditional",NA,2.33617664192352,0.521550276745172
551,"history_naive",14,9.92197309089313e+285,9.92197309089313e+285
551,"practical_naive",NA,1.10638329923274,0.180326063936754
551,"correct_conditional",NA,1.07510479635473,0.302306034062581
552,"history_naive",15,7.35267156457192e+285,4.90178104304795e+285
552,"practical_naive",NA,3.60182388077901,0.21599031849469
552,"correct_conditional",NA,2.01821266116353,0.16776482184069
553,"history_naive",14,7.33063560054021e+285,4.88709040036014e+285
553,"practical_naive",NA,1.44177954774778,0.565531582691264
553,"correct_conditional",NA,1.1800851245328,0.567003056640093
554,"history_naive",14,9.75464221329966e+285,9.75464221329966e+285
554,"practical_naive",NA,2.31060989373082,0.529588235071252
554,"correct_conditional",NA,1.34099443918916,0.239615790650974
555,"history_naive",14,9.72540754083173e+285,9.72540754083173e+285
555,"practical_naive",NA,1.24743340105905,0.139334507881903
555,"correct_conditional",NA,1.49442943452699,0.513245333580204
556,"history_naive",14,7.38215592485702e+285,4.92143728323801e+285
556,"practical_naive",NA,1.16608193956596,0.275778858764988
556,"correct_conditional",NA,1.14679464237541,0.303577450118364
557,"history_naive",14,7.17822198038469e+285,4.78548132025646e+285
557,"practical_naive",NA,1.15225550949804,0.211369408249023
557,"correct_conditional",NA,1.00631653124345,0.149244352691258
558,"history_naive",15,9.73514268351527e+285,9.73514268351527e+285
558,"practical_naive",NA,1.7416478413259,0.218881703116519
558,"correct_conditional",NA,1.62203287006987,0.293684043477272
559,"history_naive",15,9.89223692761774e+285,9.89223692761774e+285
559,"practical_naive",NA,1.00282475376177,0.194835016531506
559,"correct_conditional",NA,1.22806335002978,0.699318669537719
560,"history_naive",14,9.61896135380996e+285,9.61896135380996e+285
560,"practical_naive",NA,1.50331903540795,0.0527094203783811
560,"correct_conditional",NA,1.15407190488488,0.0883784335826059
561,"history_naive",15,9.78396476548578e+285,9.78396476548578e+285
561,"practical_naive",NA,1.74113820462336,0.179266053070344
561,"correct_conditional",NA,1.21518207264076,0.265263354108804
562,"history_naive",15,9.59013331701372e+285,9.59013331701372e+285
562,"practical_naive",NA,1.84007586695646,0.187304932180402
562,"correct_conditional",NA,1.19800700343085,0.325083046199067
563,"history_naive",14,9.95179864137312e+285,9.95179864137312e+285
563,"practical_naive",NA,1.01677729667394,0.224071249509152
563,"correct_conditional",NA,1.03123809078751,0.326787187719183
564,"history_naive",14,7.3600315961681e+285,4.90668773077873e+285
564,"practical_naive",NA,2.42066573832777,0.0827366265939742
564,"correct_conditional",NA,2.74765671005713,0.410778030755337
565,"history_naive",15,7.19259998776028e+285,4.79506665850685e+285
565,"practical_naive",NA,15.4730196085716,0.347197814481184
565,"correct_conditional",NA,3.97862560786558,0.167324153950911
566,"history_naive",14,9.60934239245621e+285,9.60934239245621e+285
566,"practical_naive",NA,1.59937997364237,0.37149212586626
566,"correct_conditional",NA,2.26912162085301,0.940964032143534
567,"history_naive",14,7.2940556556238e+285,4.86270377041586e+285
567,"practical_naive",NA,1.00102564102564,0.357311549529978
567,"correct_conditional",NA,1.41536144926084,0.596277375550286
568,"history_naive",14,7.15670884193129e+285,4.77113922795419e+285
568,"practical_naive",NA,1.14956082893797,0.211939821580553
568,"correct_conditional",NA,1.45611565417612,0.471692050400437
569,"history_naive",15,9.31587822924076e+285,9.31587822924076e+285
569,"practical_naive",NA,1.15922031971381,0.186757677800823
569,"correct_conditional",NA,1.06265983542497,0.271300413312856
570,"history_naive",15,7.20700679434211e+285,4.80467119622807e+285
570,"practical_naive",NA,1.37892851914317,0.420535535780222
570,"correct_conditional",NA,1.10727597176159,0.63067042241406
571,"history_naive",15,9.56139167787246e+285,9.56139167787246e+285
571,"practical_naive",NA,7.20031044219359,0.231605966059737
571,"correct_conditional",NA,1.50334494342796,0.106684547767231
572,"history_naive",14,9.50416655759586e+285,9.50416655759586e+285
572,"practical_naive",NA,1.12357487338668,0.259112386124466
572,"correct_conditional",NA,1.04682329574748,0.0707322885512061
573,"history_naive",14,9.57096264051293e+285,9.57096264051293e+285
573,"practical_naive",NA,1.56314905518236,0.0848040583854752
573,"correct_conditional",NA,2.24695149012341,0.103999839038485
574,"history_naive",15,7.25765824499814e+285,4.83843882999876e+285
574,"practical_naive",NA,1.62340723630577,0.824320292109263
574,"correct_conditional",NA,2.36550665937602,1.67420887642012
575,"history_naive",14,7.2431501861664e+285,4.8287667907776e+285
575,"practical_naive",NA,1.42167307659188,0.248839960326915
575,"correct_conditional",NA,2.06979829751844,0.38876767062824
576,"history_naive",14,9.87246234599944e+285,9.87246234599944e+285
576,"practical_naive",NA,1.16961141682176,0.159535895883067
576,"correct_conditional",NA,1.04543563805678,0.20236167030376
577,"history_naive",14,7.32330496493971e+285,4.88220330995981e+285
577,"practical_naive",NA,1.5747056412045,0.1732841973101
577,"correct_conditional",NA,1.54366846797991,0.320484667556549
578,"history_naive",14,9.8823446906902e+285,9.8823446906902e+285
578,"practical_naive",NA,1.64516749469335,0.121525174078003
578,"correct_conditional",NA,1.88929059243666,0.301146836596827
579,"history_naive",14,9.57096264051295e+285,9.57096264051295e+285
579,"practical_naive",NA,1.64305004218375,0.210438475388725
579,"correct_conditional",NA,2.20100023417268,0.408507645821999
580,"history_naive",14,9.74488757108634e+285,9.74488757108634e+285
580,"practical_naive",NA,1.41605144519891,1.20819532898116
580,"correct_conditional",NA,1.04343105356828,0.474638083958201
581,"history_naive",14,9.7351426835153e+285,9.7351426835153e+285
581,"practical_naive",NA,7.87494774346257,0.499012040782831
581,"correct_conditional",NA,2.78730854023322,0.234107356372287
582,"history_naive",14,7.47879910043162e+285,4.98586606695441e+285
582,"practical_naive",NA,5.78187107721223,0.29484123051134
582,"correct_conditional",NA,3.5524988975641,0.571737198638864
583,"history_naive",14,7.41917769571333e+285,4.94611846380889e+285
583,"practical_naive",NA,5.84931723584167,0.235650606616602
583,"correct_conditional",NA,2.05891887459064,0.0797019454922165
584,"history_naive",15,9.83303169190955e+285,9.83303169190955e+285
584,"practical_naive",NA,3.620473920824,0.247655183097523
584,"correct_conditional",NA,4.00132718145455,0.102112659463188
585,"history_naive",14,9.89223692761774e+285,9.89223692761774e+285
585,"practical_naive",NA,2.85685328180228,0.0840400024716249
585,"correct_conditional",NA,1.63671914510036,0.0160268429065208
586,"history_naive",15,9.68656422422177e+285,9.68656422422177e+285
586,"practical_naive",NA,7.01845974956341,0.429658229526527
586,"correct_conditional",NA,5.47427470570735,1.22706161996881
587,"history_naive",14,9.4851677286473e+285,9.4851677286473e+285
587,"practical_naive",NA,1.17045190256849,0.431825448551733
587,"correct_conditional",NA,1.0160305923292,0.374479701711652
588,"history_naive",14,9.52320344127501e+285,9.52320344127501e+285
588,"practical_naive",NA,1.11968282996743,0.386886749976732
588,"correct_conditional",NA,1.11325676400796,0.637927078916269
589,"history_naive",15,7.29405565562381e+285,4.86270377041588e+285
589,"practical_naive",NA,2.09890129833686,0.211636165401193
589,"correct_conditional",NA,1.8694151692317,0.170080012274818
590,"history_naive",14,9.82319866021763e+285,9.82319866021763e+285
590,"practical_naive",NA,2.36383409694317,0.297409679745515
590,"correct_conditional",NA,1.54493767585674,0.215818825712711
591,"history_naive",14,7.4266043000133e+285,4.9510695333422e+285
591,"practical_naive",NA,1.13511251929058,0.23818092779511
591,"correct_conditional",NA,1.1924739009807,0.704414902791199
592,"history_naive",15,7.38954547032732e+285,4.92636364688488e+285
592,"practical_naive",NA,1.33841908882528,0.194117826516667
592,"correct_conditional",NA,1.55111450001692,0.406495900075661
593,"history_naive",14,7.30866567831478e+285,4.87244378554319e+285
593,"practical_naive",NA,3.77811312627268,0.138052260725569
593,"correct_conditional",NA,10.6229055487938,0.907992598741733
594,"history_naive",14,9.72540754083177e+285,9.72540754083177e+285
594,"practical_naive",NA,5.10151411841665,0.659652516399219
594,"correct_conditional",298,21.6276968106905,0.63513395786745
595,"history_naive",14,9.53273617745241e+285,9.53273617745241e+285
595,"practical_naive",NA,1.04762989774781,0.2131331098275
595,"correct_conditional",NA,1.00234769217467,0.231105883092647
596,"history_naive",15,9.76440661991957e+285,9.76440661991957e+285
596,"practical_naive",NA,2.03732856163591,0.139624445421728
596,"correct_conditional",NA,1.97544546341255,0.112634645335159
597,"history_naive",15,9.50416655759593e+285,9.50416655759593e+285
597,"practical_naive",NA,5.45317602005195,0.891280775058677
597,"correct_conditional",NA,5.86189559789244,1.12818689777871
598,"history_naive",15,9.65753358155519e+285,9.65753358155519e+285
598,"practical_naive",NA,1.594984574862,0.190177629727542
598,"correct_conditional",NA,1.31742196433198,0.187381851373509
599,"history_naive",14,9.9418468427318e+285,9.9418468427318e+285
599,"practical_naive",NA,1.55394724395032,0.126010115233911
599,"correct_conditional",NA,2.20787564446629,0.431511076136939
600,"history_naive",15,9.72540754083175e+285,9.72540754083175e+285
600,"practical_naive",192,44.3342288258566,0.0477145016750795
600,"correct_conditional",NA,4.118461711572,0.176664671026641
601,"history_naive",14,9.87246234599945e+285,9.87246234599945e+285
601,"practical_naive",NA,1.26897707337029,0.0549193844213725
601,"correct_conditional",NA,1.5558642691034,0.158615167730216
602,"history_naive",15,7.29405565562382e+285,4.86270377041588e+285
602,"practical_naive",NA,4.09195325094363,0.168867573077978
602,"correct_conditional",NA,4.79200908795605,0.266894284983753
603,"history_naive",15,7.31598165997474e+285,4.87732110664983e+285
603,"practical_naive",NA,1.05595783831328,0.189461424425309
603,"correct_conditional",NA,1.0626303236779,0.32715789307272
604,"history_naive",14,9.68656422422174e+285,9.68656422422174e+285
604,"practical_naive",NA,1.23787530890913,0.652212870827931
604,"correct_conditional",NA,3.08566212799767,1.91374404422204
605,"history_naive",14,7.17822198038471e+285,4.78548132025647e+285
605,"practical_naive",NA,1.64812196429377,0.216859487413824
605,"correct_conditional",NA,1.86455475069045,0.342909380422113
606,"history_naive",14,7.19259998776024e+285,4.79506665850682e+285
606,"practical_naive",NA,1.71663973804533,0.22976562278802
606,"correct_conditional",NA,2.18802275232349,0.284750537161455
607,"history_naive",15,9.60934239245622e+285,9.60934239245622e+285
607,"practical_naive",NA,3.46915322293553,0.141255525883925
607,"correct_conditional",NA,1.96120807749349,0.704216882494017
608,"history_naive",14,9.65753358155521e+285,9.65753358155521e+285
608,"practical_naive",NA,1.02224966800074,0.368604837910353
608,"correct_conditional",NA,1.8242456956698,0.83507216578868
609,"history_naive",15,7.25040058675315e+285,4.83360039116877e+285
609,"practical_naive",NA,3.27168580947133,0.281155756162722
609,"correct_conditional",NA,2.70752101063135,0.851169968058273
610,"history_naive",14,9.7644066199196e+285,9.7644066199196e+285
610,"practical_naive",NA,2.62888736811766,0.250207269451019
610,"correct_conditional",NA,7.011012447748,1.21837264205398
611,"history_naive",15,9.53273617745248e+285,9.53273617745248e+285
611,"practical_naive",NA,1.50471010861458,0.265656495348079
611,"correct_conditional",NA,1.02429351967295,0.486424805309876
612,"history_naive",14,9.68656422422179e+285,9.68656422422179e+285
612,"practical_naive",NA,1.05827252617375,0.711228561464832
612,"correct_conditional",NA,1.18235062012572,0.591605146367802
613,"history_naive",15,9.66720078233753e+285,9.66720078233753e+285
613,"practical_naive",NA,1.81970534760913,0.181408296196167
613,"correct_conditional",NA,1.7370332973487,0.198485300716245
614,"history_naive",14,9.74488757108632e+285,9.74488757108632e+285
614,"practical_naive",NA,2.35681555397669,0.38326313222996
614,"correct_conditional",NA,1.30845944807838,0.618024193891989
615,"history_naive",14,9.66720078233754e+285,9.66720078233754e+285
615,"practical_naive",NA,1.07250996839452,0.297313173515464
615,"correct_conditional",NA,1.06861947555866,0.438458864682519
616,"history_naive",15,7.31598165997475e+285,4.87732110664983e+285
616,"practical_naive",NA,2.02110899631064,0.16255002102256
616,"correct_conditional",NA,1.33481451975896,0.240982410900243
617,"history_naive",14,9.75464221329966e+285,9.75464221329966e+285
617,"practical_naive",NA,1.6732350786158,0.18783051341673
617,"correct_conditional",NA,2.25153823508514,0.33661487832478
618,"history_naive",14,9.63822817192562e+285,9.63822817192562e+285
618,"practical_naive",NA,1.07632325247532,0.203799289384725
618,"correct_conditional",NA,1.06718985520973,0.0643488462886703
619,"history_naive",15,9.65753358155518e+285,9.65753358155518e+285
619,"practical_naive",NA,1.06319401683297,0.261784472491589
619,"correct_conditional",NA,2.38346275147378,1.11492983221401
620,"history_naive",14,9.70596645115761e+285,9.70596645115761e+285
620,"practical_naive",NA,3.99057402180398,0.0295872216573736
620,"correct_conditional",NA,3.09177626548648,0.0545456314625175
621,"history_naive",14,9.82319866021763e+285,9.82319866021763e+285
621,"practical_naive",NA,11.5038756102834,1.66234164422184
621,"correct_conditional",NA,7.9495295803609,0.75789706796288
622,"history_naive",14,9.70596645115758e+285,9.70596645115758e+285
622,"practical_naive",NA,1.03461641175648,0.249196150365015
622,"correct_conditional",NA,1.00540708628616,0.287840282973166
623,"history_naive",14,9.5805431836966e+285,9.5805431836966e+285
623,"practical_naive",NA,6.00529297690802,0.115167909684603
623,"correct_conditional",NA,6.83320124860453,0.0795064000090653
624,"history_naive",14,9.89223692761776e+285,9.89223692761776e+285
624,"practical_naive",NA,2.01879066538544,0.213379960225245
624,"correct_conditional",NA,2.46057186252792,0.618383550401371
625,"history_naive",15,9.61896135381e+285,9.61896135381e+285
625,"practical_naive",NA,1.00366812392021,0.224910915849698
625,"correct_conditional",NA,1.03255343717877,0.395821272157484
626,"history_naive",14,9.7254075408317e+285,9.7254075408317e+285
626,"practical_naive",NA,1.66672293933213,0.216625054665527
626,"correct_conditional",NA,1.59161005721235,0.381843177941684
627,"history_naive",14,9.57096264051294e+285,9.57096264051294e+285
627,"practical_naive",NA,1.55675057444898,0.164267097053379
627,"correct_conditional",NA,1.35409445676245,0.428240097336228
628,"history_naive",14,9.73514268351525e+285,9.73514268351525e+285
628,"practical_naive",NA,1.42016212919655,0.573697183563493
628,"correct_conditional",NA,1.81464871519767,0.816889427656119
629,"history_naive",15,9.68656422422173e+285,9.68656422422173e+285
629,"practical_naive",NA,1.452872178708,0.283176547845615
629,"correct_conditional",NA,1.55987781693207,0.697286355214813
630,"history_naive",14,7.42660430001329e+285,4.95106953334219e+285
630,"practical_naive",NA,3.86375265098467,0.0900548493690302
630,"correct_conditional",NA,2.00887887558645,0.12040372956179
631,"history_naive",15,7.19979978754775e+285,4.79986652503184e+285
631,"practical_naive",NA,2.68539762996564,0.40936105612894
631,"correct_conditional",NA,1.36115159307923,0.120487459402789
632,"history_naive",14,9.62858994375373e+285,9.62858994375373e+285
632,"practical_naive",NA,1.07338116015817,0.168926248221951
632,"correct_conditional",NA,1.27370097297922,0.538208213840311
633,"history_naive",15,7.42660430001334e+285,4.95106953334222e+285
633,"practical_naive",NA,1.1205219686762,0.535581196615578
633,"correct_conditional",NA,1.38714340605867,0.739579538053116
634,"history_naive",14,7.2431501861664e+285,4.8287667907776e+285
634,"practical_naive",NA,2.69892582864275,0.16702609871951
634,"correct_conditional",NA,3.80249670081523,0.255780158425403
635,"history_naive",14,9.79375852400979e+285,9.79375852400979e+285
635,"practical_naive",NA,9.54591634717252,0.391044591517379
635,"correct_conditional",NA,2.3531543399486,0.0435766382090701
636,"history_naive",14,9.58054318369665e+285,9.58054318369665e+285
636,"practical_naive",NA,1.4409764429445,0.266323817114846
636,"correct_conditional",NA,1.1228877749096,0.125235567646254
637,"history_naive",15,9.71568213329091e+285,9.71568213329091e+285
637,"practical_naive",NA,1.4850676628654,0.0964813173214003
637,"correct_conditional",NA,9.86442285694409,4.9101547076043
638,"history_naive",15,9.82319866021767e+285,9.82319866021767e+285
638,"practical_naive",NA,1.57381964506986,0.176020951935329
638,"correct_conditional",NA,1.63350089824037,0.557458898990014
639,"history_naive",14,9.69626048470645e+285,9.69626048470645e+285
639,"practical_naive",NA,1.62040361129343,0.186773606640794
639,"correct_conditional",NA,1.04889303776675,0.237441419363934
640,"history_naive",14,9.81337546155744e+285,9.81337546155744e+285
640,"practical_naive",NA,1.01870299374489,0.259126094693083
640,"correct_conditional",NA,1.07396182750214,0.261750186539152
641,"history_naive",14,9.72540754083174e+285,9.72540754083174e+285
641,"practical_naive",NA,1.17093806702606,0.226931487733446
641,"correct_conditional",NA,1.2342139068734,0.222909394303307
642,"history_naive",14,9.52320344127506e+285,9.52320344127506e+285
642,"practical_naive",NA,8.83404450506705,0.170479653184708
642,"correct_conditional",NA,2.59552910935723,0.619211910470481
643,"history_naive",14,9.57096264051292e+285,9.57096264051292e+285
643,"practical_naive",NA,8.39959984637827,1.7262643496675
643,"correct_conditional",NA,1.5774690099734,0.227013534626261
644,"history_naive",14,7.2649231681663e+285,4.84328211211087e+285
644,"practical_naive",NA,1.03527033129337,0.221939376664193
644,"correct_conditional",NA,1.13868251101892,0.463134680912132
645,"history_naive",14,7.33063560054023e+285,4.88709040036015e+285
645,"practical_naive",NA,1.08463887057742,0.201000408629478
645,"correct_conditional",NA,1.24933278926624,0.5194226448985
646,"history_naive",15,9.71568213329088e+285,9.71568213329088e+285
646,"practical_naive",NA,1.38259086104407,0.207454506722257
646,"correct_conditional",NA,2.02655128651424,0.678587840110463
647,"history_naive",15,9.80356208609589e+285,9.80356208609589e+285
647,"practical_naive",NA,1.77675043544339,0.232931897434044
647,"correct_conditional",NA,1.42178045710065,0.282874775270634
648,"history_naive",14,7.36003159616808e+285,4.90668773077872e+285
648,"practical_naive",NA,1.87440246211311,0.264096561626061
648,"correct_conditional",NA,1.28073818555229,0.594880536259307
649,"history_naive",14,9.86258988365348e+285,9.86258988365348e+285
649,"practical_naive",NA,5.45903519118586,0.162192677906212
649,"correct_conditional",NA,1.86731059817695,0.0250629518237214
650,"history_naive",14,9.83303169190952e+285,9.83303169190952e+285
650,"practical_naive",NA,1.17756353819276,0.22499757927787
650,"correct_conditional",NA,1.14806724958491,0.603502577557685
651,"history_naive",14,9.61896135380999e+285,9.61896135380999e+285
651,"practical_naive",NA,1.0033779160696,0.259011699271243
651,"correct_conditional",NA,1.16396376919641,0.313999052889098
652,"history_naive",14,9.49466239103832e+285,9.49466239103832e+285
652,"practical_naive",NA,1.09029166888473,0.642422104425641
652,"correct_conditional",NA,1.17158421257491,0.616890285695313
653,"history_naive",14,9.76440661991952e+285,9.76440661991952e+285
653,"practical_naive",NA,1.19537196205097,0.177683168149811
653,"correct_conditional",NA,1.32837832894704,0.229899890152612
654,"history_naive",14,7.27219536352984e+285,4.84813024235323e+285
654,"practical_naive",NA,1.54405494993266,0.288798736411105
654,"correct_conditional",NA,1.88713218544033,0.660372588952376
655,"history_naive",14,7.19979978754781e+285,4.79986652503187e+285
655,"practical_naive",NA,1.05104090225167,0.172290960288054
655,"correct_conditional",NA,1.00778076923077,0.100774937803343
656,"history_naive",14,7.32330496493966e+285,4.88220330995977e+285
656,"practical_naive",NA,1.07561940353016,0.224269868947144
656,"correct_conditional",NA,1.38295317368109,0.693570266537223
657,"history_naive",14,9.73514268351523e+285,9.73514268351523e+285
657,"practical_naive",NA,1.80828204805905,0.139864463259431
657,"correct_conditional",NA,1.04920891657629,0.0948441025285032
658,"history_naive",15,9.58054318369661e+285,9.58054318369661e+285
658,"practical_naive",NA,1.94137577727876,0.164834591906755
658,"correct_conditional",NA,1.79027978777913,0.461976681342029
659,"history_naive",15,7.44147981816988e+285,4.96098654544659e+285
659,"practical_naive",NA,2.34147786495269,0.286101208580331
659,"correct_conditional",NA,2.79680916605764,1.2498676276736
660,"history_naive",15,9.79375852400974e+285,9.79375852400974e+285
660,"practical_naive",NA,1.09225613658743,0.232777245370902
660,"correct_conditional",NA,1.08748821680649,0.308199870700746
661,"history_naive",14,9.82319866021764e+285,9.82319866021764e+285
661,"practical_naive",NA,1.05032079426798,0.226509978556576
661,"correct_conditional",NA,1.25875668294189,0.910722582820785
662,"history_naive",15,9.84287456647607e+285,9.84287456647607e+285
662,"practical_naive",NA,1.14948456502861,0.221892161727135
662,"correct_conditional",NA,1.20645561224726,0.16421216070672
663,"history_naive",15,9.5613916778724e+285,9.5613916778724e+285
663,"practical_naive",NA,1.3293071549735,0.248569076996117
663,"correct_conditional",NA,1.69813142948002,0.419453602467241
664,"history_naive",14,9.7156821332909e+285,9.7156821332909e+285
664,"practical_naive",NA,1.19839423985008,0.140003298583016
664,"correct_conditional",NA,1.48288023285722,0.686053705682292
665,"history_naive",14,9.49466239103835e+285,9.49466239103835e+285
665,"practical_naive",NA,1.30742235185141,0.306067233554272
665,"correct_conditional",NA,1.03047694633573,0.275832430050078
666,"history_naive",14,9.53273617745246e+285,9.53273617745246e+285
666,"practical_naive",NA,1.26801710061398,0.240269353179418
666,"correct_conditional",NA,2.23249079770251,0.664678356193712
667,"history_naive",14,9.80356208609588e+285,9.80356208609588e+285
667,"practical_naive",NA,18.4860559303347,0.0932929156717003
667,"correct_conditional",NA,8.59912597261098,0.186691530149772
668,"history_naive",14,9.91205111780229e+285,9.91205111780229e+285
668,"practical_naive",NA,1.8834993632048,0.194623185330684
668,"correct_conditional",NA,1.05297699745609,0.152906949589252
669,"history_naive",14,7.25765824499816e+285,4.83843882999878e+285
669,"practical_naive",NA,1.09353388478361,0.224470149927367
669,"correct_conditional",NA,1.02838123209263,0.193512424799678
670,"history_naive",14,9.72540754083175e+285,9.72540754083175e+285
670,"practical_naive",NA,4.3246007771595,0.192931574981348
670,"correct_conditional",NA,4.25663298510251,0.76833597143115
671,"history_naive",14,9.67687765999753e+285,9.67687765999753e+285
671,"practical_naive",NA,2.6092882151603,0.19349868701686
671,"correct_conditional",NA,1.05212054772905,0.0557082321898443
672,"history_naive",15,7.23590703598026e+285,4.82393802398684e+285
672,"practical_naive",NA,7.85652807484034,0.0826724003198109
672,"correct_conditional",NA,3.35867569590094,0.208569408314215
673,"history_naive",14,9.67687765999759e+285,9.67687765999759e+285
673,"practical_naive",NA,1.00140783138913,0.241065122795767
673,"correct_conditional",NA,1.00544973805031,0.436316333673407
674,"history_naive",14,7.40434675949957e+285,4.93623117299972e+285
674,"practical_naive",NA,1.8441659354639,0.0671811089192211
674,"correct_conditional",NA,1.83355486470373,0.0817182932797946
675,"history_naive",14,9.61896135381e+285,9.61896135381e+285
675,"practical_naive",NA,1.84614526147166,0.829583671538446
675,"correct_conditional",NA,1.12379180176011,0.28396619862116
676,"history_naive",15,9.60934239245621e+285,9.60934239245621e+285
676,"practical_naive",NA,1.91866116839101,0.767720219729086
676,"correct_conditional",NA,1.1921889668862,0.556237463765295
677,"history_naive",15,7.36003159616806e+285,4.90668773077871e+285
677,"practical_naive",NA,1.21847021732602,0.225346396473883
677,"correct_conditional",NA,1.03900855391859,0.102045362638937
678,"history_naive",14,9.59013331701368e+285,9.59013331701368e+285
678,"practical_naive",NA,1.34256536778933,0.306051130346964
678,"correct_conditional",NA,1.21661105943048,0.123984548048821
679,"history_naive",15,9.73514268351523e+285,9.73514268351523e+285
679,"practical_naive",NA,1.09514707887555,0.15198996785971
679,"correct_conditional",NA,1.52628564844597,0.325321877815903
680,"history_naive",15,7.38215592485701e+285,4.92143728323801e+285
680,"practical_naive",NA,1.29843934538894,0.867621800951679
680,"correct_conditional",NA,2.05673835171006,1.52410130265029
681,"history_naive",14,7.2867615999682e+285,4.85784106664546e+285
681,"practical_naive",NA,1.26898453276814,0.179944542104527
681,"correct_conditional",NA,1.27288020468511,0.364749056874697
682,"history_naive",14,9.71568213329091e+285,9.71568213329091e+285
682,"practical_naive",NA,1.74917429990773,0.194724276213607
682,"correct_conditional",NA,2.36011879380045,0.356342175129333
683,"history_naive",14,9.62858994375371e+285,9.62858994375371e+285
683,"practical_naive",NA,5.53551063238167,0.38098840996065
683,"correct_conditional",NA,4.87774196797452,0.310794768811965
684,"history_naive",14,1.00017072605705e+286,1.00017072605705e+286
684,"practical_naive",NA,16.6042141134939,0.0718476397960732
684,"correct_conditional",NA,2.23627980574634,0.0183073451851743
685,"history_naive",15,9.59013331701364e+285,9.59013331701364e+285
685,"practical_naive",NA,1.24201901565529,0.186460300697729
685,"correct_conditional",NA,1.17437700620546,0.192921943476228
686,"history_naive",14,9.80356208609587e+285,9.80356208609587e+285
686,"practical_naive",178,29.3888014421462,0.0167236768276062
686,"correct_conditional",185,46.2923811808368,0.105651340102561
687,"history_naive",15,9.64787604797368e+285,9.64787604797368e+285
687,"practical_naive",NA,3.89720442104275,0.27077744071954
687,"correct_conditional",NA,6.82184636808372,1.18538734235394
688,"history_naive",14,9.62858994375377e+285,9.62858994375377e+285
688,"practical_naive",NA,1.95577993544744,0.210150241072414
688,"correct_conditional",NA,1.13607265183101,0.194325358197234
689,"history_naive",14,7.27947483836822e+285,4.85298322557881e+285
689,"practical_naive",NA,2.26410463472139,0.194754620845726
689,"correct_conditional",NA,1.86148792177578,0.385942848402591
690,"history_naive",14,9.54227845590838e+285,9.54227845590838e+285
690,"practical_naive",NA,6.21180269914704,0.188591465823534
690,"correct_conditional",NA,3.91103095392339,0.317057802328499
691,"history_naive",14,9.70596645115768e+285,9.70596645115768e+285
691,"practical_naive",NA,1.14678608986874,0.791288428618198
691,"correct_conditional",NA,1.0411869081089,0.496238800769391
692,"history_naive",14,7.34531889300731e+285,4.89687926200488e+285
692,"practical_naive",NA,6.21323806615797,0.305314432143377
692,"correct_conditional",NA,7.72040122013455,3.75573857256395
693,"history_naive",14,7.19259998776024e+285,4.79506665850682e+285
693,"practical_naive",NA,3.19100687677908,0.226365682702662
693,"correct_conditional",NA,1.61541875685655,0.1684552224645
694,"history_naive",14,7.11387579648543e+285,4.74258386432362e+285
694,"practical_naive",NA,1.57229414294266,0.123006815872869
694,"correct_conditional",NA,2.16430697458307,0.0452544370256463
695,"history_naive",15,7.30135701263646e+285,4.86757134175764e+285
695,"practical_naive",NA,1.09652369840676,0.175737539840754
695,"correct_conditional",NA,1.10021561440474,0.284088629205905
696,"history_naive",14,9.75464221329962e+285,9.75464221329962e+285
696,"practical_naive",NA,1.86261469860989,0.414603360101099
696,"correct_conditional",NA,2.84441747700436,0.685157287974565
697,"history_naive",14,7.17822198038471e+285,4.78548132025647e+285
697,"practical_naive",NA,1.09443047001386,0.197223833107264
697,"correct_conditional",NA,1.15852317561173,0.321095146911723
698,"history_naive",15,9.63822817192572e+285,9.63822817192572e+285
698,"practical_naive",NA,1.64407585145082,0.157003162657553
698,"correct_conditional",NA,1.31562140733176,0.163456688771733
699,"history_naive",15,9.66720078233758e+285,9.66720078233758e+285
699,"practical_naive",NA,2.13292980349377,0.171184413938335
699,"correct_conditional",NA,2.23950185068919,0.293242360459978
700,"history_naive",14,9.66720078233753e+285,9.66720078233753e+285
700,"practical_naive",NA,1.11144784527761,0.249224159858546
700,"correct_conditional",NA,1.06373758310536,0.379265726395925
701,"history_naive",15,9.60934239245619e+285,9.60934239245619e+285
701,"practical_naive",NA,1.21128551764539,0.221679591795375
701,"correct_conditional",NA,3.12482719765555,0.886424070967641
702,"history_naive",14,7.25040058675312e+285,4.83360039116875e+285
702,"practical_naive",NA,1.36444496838551,0.418575306433862
702,"correct_conditional",NA,1.08512335321208,0.474569777235922
703,"history_naive",14,9.73514268351521e+285,9.73514268351521e+285
703,"practical_naive",NA,1.15776472211394,0.18927202191237
703,"correct_conditional",NA,1.28492185215115,0.399396073345826
704,"history_naive",15,9.77418080072027e+285,9.77418080072027e+285
704,"practical_naive",NA,2.11678013270855,0.15869720474822
704,"correct_conditional",NA,1.14057319160589,0.197358357806386
705,"history_naive",14,9.60934239245617e+285,9.60934239245617e+285
705,"practical_naive",NA,1.59191710297798,0.651845798260634
705,"correct_conditional",NA,1.6709431052017,0.991730927926955
706,"history_naive",14,9.80356208609584e+285,9.80356208609584e+285
706,"practical_naive",NA,1.12318816842079,0.474707418428446
706,"correct_conditional",NA,1.28058946825741,0.690284164681086
707,"history_naive",14,9.56139167787245e+285,9.56139167787245e+285
707,"practical_naive",NA,1.45465672903874,0.109310467939497
707,"correct_conditional",NA,1.5011971038954,0.356022851150305
708,"history_naive",14,7.27219536352981e+285,4.84813024235321e+285
708,"practical_naive",NA,1.18165793182205,0.196558613718931
708,"correct_conditional",NA,1.25935472566072,0.582380611377068
709,"history_naive",14,7.17822198038471e+285,4.78548132025648e+285
709,"practical_naive",NA,1.44991745483624,0.236360152119764
709,"correct_conditional",NA,1.55504297793675,0.22673265457635
710,"history_naive",15,9.7059664511576e+285,9.7059664511576e+285
710,"practical_naive",519,25.0319328279334,0.140782297899554
710,"correct_conditional",NA,10.445982890126,0.175545069615817
711,"history_naive",14,9.63822817192567e+285,9.63822817192567e+285
711,"practical_naive",NA,1.43592835484247,0.186972451561352
711,"correct_conditional",NA,1.23120358311171,0.189771479970675
712,"history_naive",14,7.29405565562384e+285,4.86270377041589e+285
712,"practical_naive",NA,3.43993987427074,0.241948520873595
712,"correct_conditional",NA,2.24139864691999,0.189499692858341
713,"history_naive",14,9.62858994375376e+285,9.62858994375376e+285
713,"practical_naive",NA,7.8866494365315,0.557097565903898
713,"correct_conditional",NA,2.39079635890443,0.132511881887355
714,"history_naive",15,9.58054318369665e+285,9.58054318369665e+285
714,"practical_naive",NA,2.39341357058912,0.296407247751002
714,"correct_conditional",NA,1.08369139158828,0.077915387359056
715,"history_naive",14,7.30866567831477e+285,4.87244378554318e+285
715,"practical_naive",NA,1.05326234080352,0.17736250743368
715,"correct_conditional",NA,1.11938777318547,0.11620722968068
716,"history_naive",14,1.00217407202702e+286,1.00217407202702e+286
716,"practical_naive",NA,1.12084833343316,0.120768225312463
716,"correct_conditional",NA,1.09588549642135,0.336811083387292
717,"history_naive",14,9.80356208609582e+285,9.80356208609582e+285
717,"practical_naive",NA,2.87724617705839,1.13718783135873
717,"correct_conditional",NA,1.58239037119229,0.410429308778533
718,"history_naive",14,9.81337546155745e+285,9.81337546155745e+285
718,"practical_naive",NA,1.4509917368188,0.898257329469376
718,"correct_conditional",NA,1.00551169299724,0.223799813342547
719,"history_naive",14,9.64787604797365e+285,9.64787604797365e+285
719,"practical_naive",NA,1.32471919829143,0.741224769037084
719,"correct_conditional",NA,7.7904055587642,6.6097485209663
720,"history_naive",14,7.09965515876829e+285,4.73310343917886e+285
720,"practical_naive",NA,1.09133079970318,0.235919029587891
720,"correct_conditional",NA,1.73551483578178,0.423592728138147
721,"history_naive",15,9.75464221329964e+285,9.75464221329964e+285
721,"practical_naive",NA,8.96772087707402,0.0710716938629665
721,"correct_conditional",NA,2.28364564283531,0.0204815432947418
722,"history_naive",15,9.49466239103831e+285,9.49466239103831e+285
722,"practical_naive",NA,9.77016830501262,0.24619232333081
722,"correct_conditional",NA,2.37660552158107,0.178535799852472
723,"history_naive",14,9.88234469069017e+285,9.88234469069017e+285
723,"practical_naive",NA,1.38915960659116,0.128121769238786
723,"correct_conditional",NA,1.7057022681243,0.0830258749869907
724,"history_naive",14,9.8823446906902e+285,9.8823446906902e+285
724,"practical_naive",NA,2.77373427033113,0.195332326083347
724,"correct_conditional",NA,2.02716668534428,0.2600303380042
725,"history_naive",14,9.62858994375377e+285,9.62858994375377e+285
725,"practical_naive",NA,1.01332188004905,0.204569725711732
725,"correct_conditional",NA,1.02092921135355,0.48494743826152
726,"history_naive",14,9.84287456647603e+285,9.84287456647603e+285
726,"practical_naive",NA,1.10768079532959,0.418047516027993
726,"correct_conditional",NA,1.40734843895255,0.596305783597642
727,"history_naive",14,9.6093423924561e+285,9.6093423924561e+285
727,"practical_naive",NA,3.55704110954225,0.994235575169583
727,"correct_conditional",NA,8.33791994621099,1.6798159355004
728,"history_naive",14,7.3453188930073e+285,4.89687926200487e+285
728,"practical_naive",NA,2.05397766389315,0.131036565965304
728,"correct_conditional",NA,2.07569459663176,0.185005375257897
729,"history_naive",14,9.69626048470645e+285,9.69626048470645e+285
729,"practical_naive",NA,5.53118133235701,0.25587005851073
729,"correct_conditional",NA,3.10089243096095,1.18424078260832
730,"history_naive",14,9.69626048470649e+285,9.69626048470649e+285
730,"practical_naive",NA,1.0921688082146,0.204139634101941
730,"correct_conditional",NA,1.32095789975149,0.36494179545031
731,"history_naive",14,9.5709626405129e+285,9.5709626405129e+285
731,"practical_naive",NA,3.82915552575394,0.226530438466806
731,"correct_conditional",NA,3.61040441211776,0.691579980422612
732,"history_naive",15,9.64787604797363e+285,9.64787604797363e+285
732,"practical_naive",NA,2.66691004633095,1.0524649939174
732,"correct_conditional",NA,1.25993858920259,0.140981514838707
733,"history_naive",14,9.88234469069018e+285,9.88234469069018e+285
733,"practical_naive",NA,1.3674004586307,0.156950230591556
733,"correct_conditional",NA,1.2136351715638,0.231418662490567
734,"history_naive",15,9.71568213329091e+285,9.71568213329091e+285
734,"practical_naive",NA,19.8658592406138,6.08114862417829
734,"correct_conditional",NA,4.1058715591113,2.13586231804515
735,"history_naive",14,7.05010641717564e+285,4.70007094478376e+285
735,"practical_naive",NA,1.44680527933034,0.322948101875983
735,"correct_conditional",NA,1.59702924947218,0.977148047743718
736,"history_naive",15,9.59013331701363e+285,9.59013331701363e+285
736,"practical_naive",NA,1.06922634676999,0.289775240103815
736,"correct_conditional",NA,1.10620518066505,0.520478399582184
737,"history_naive",14,7.33797357411433e+285,4.89198238274289e+285
737,"practical_naive",NA,1.4146226611205,0.218710669505526
737,"correct_conditional",NA,1.18339094232348,0.191272116358348
738,"history_naive",14,9.70596645115765e+285,9.70596645115765e+285
738,"practical_naive",NA,3.75002168646032,0.302241741606198
738,"correct_conditional",NA,1.13466241685171,0.0410114316669249
739,"history_naive",14,9.71568213329087e+285,9.71568213329087e+285
739,"practical_naive",NA,1.18955940525365,0.167338896124229
739,"correct_conditional",NA,1.27622806777384,0.367728391208201
740,"history_naive",14,9.72540754083175e+285,9.72540754083175e+285
740,"practical_naive",NA,5.78974646034688,0.183203935268122
740,"correct_conditional",NA,8.89114790265941,0.90194107660784
741,"history_naive",14,9.79375852400978e+285,9.79375852400978e+285
741,"practical_naive",NA,1.33869907230263,0.140529176607763
741,"correct_conditional",NA,1.38731944797025,0.176528617258922
742,"history_naive",15,9.63822817192566e+285,9.63822817192566e+285
742,"practical_naive",NA,1.01571823553433,0.211015455719961
742,"correct_conditional",NA,1.02197217520007,0.302307949942955
743,"history_naive",14,9.50416655759586e+285,9.50416655759586e+285
743,"practical_naive",NA,2.19548479651168,0.347970051852463
743,"correct_conditional",NA,1.84951276137825,1.15349905222104
744,"history_naive",14,9.5422784559084e+285,9.5422784559084e+285
744,"practical_naive",NA,1.01429062525713,0.351364924125731
744,"correct_conditional",NA,1.02111903090072,0.486903678733397
745,"history_naive",14,9.87246234599943e+285,9.87246234599943e+285
745,"practical_naive",NA,1.11582520850612,0.195213698426892
745,"correct_conditional",NA,1.24538117733912,0.438392411500999
746,"history_naive",15,9.8231986602176e+285,9.8231986602176e+285
746,"practical_naive",829,51.0055072092352,0.282127383217446
746,"correct_conditional",NA,14.9386454157751,1.94001687134318
747,"history_naive",14,9.68656422422175e+285,9.68656422422175e+285
747,"practical_naive",NA,3.17401316585458,0.0362798902957895
747,"correct_conditional",NA,1.32197690005746,0.00222531194980976
748,"history_naive",15,9.61896135381001e+285,9.61896135381001e+285
748,"practical_naive",NA,1.00140865092931,0.328387041975173
748,"correct_conditional",NA,1.14807717484952,0.661864003056507
749,"history_naive",15,7.27219536352983e+285,4.84813024235322e+285
749,"practical_naive",NA,1.79372242488836,0.0968750799751171
749,"correct_conditional",NA,3.98596682460226,1.34636015478851
750,"history_naive",14,7.19979978754778e+285,4.79986652503185e+285
750,"practical_naive",NA,15.19670547897,0.474857388551201
750,"correct_conditional",NA,13.6080766651224,1.26021657598217
751,"history_naive",15,9.68656422422171e+285,9.68656422422171e+285
751,"practical_naive",NA,2.05411686574358,0.314477879259703
751,"correct_conditional",NA,1.64255778943512,0.57218489832046
752,"history_naive",14,9.83303169190957e+285,9.83303169190957e+285
752,"practical_naive",NA,1.09957479083086,0.190233867463219
752,"correct_conditional",NA,1.11061156265767,0.26350042699925
753,"history_naive",15,7.33797357411433e+285,4.89198238274289e+285
753,"practical_naive",460,33.9661004850126,0.155759905971802
753,"correct_conditional",549,21.0987294936333,2.5278111532697
754,"history_naive",14,9.64787604797359e+285,9.64787604797359e+285
754,"practical_naive",NA,1.89391457747964,0.312584091837955
754,"correct_conditional",NA,1.35497551900762,0.452840613701103
755,"history_naive",15,9.87246234599947e+285,9.87246234599947e+285
755,"practical_naive",NA,1.17049635816398,0.292421163480512
755,"correct_conditional",NA,1.61856563122902,0.558779729883687
756,"history_naive",14,7.2940556556238e+285,4.86270377041587e+285
756,"practical_naive",NA,1.66023100653258,0.0388491408887363
756,"correct_conditional",NA,1.51017081935973,0.127983015215783
757,"history_naive",14,9.89223692761775e+285,9.89223692761775e+285
757,"practical_naive",NA,2.7653583291846,0.186728716886056
757,"correct_conditional",NA,1.24742213480497,0.173915114103369
758,"history_naive",14,9.60934239245614e+285,9.60934239245614e+285
758,"practical_naive",NA,1.21058397438195,0.278199363878989
758,"correct_conditional",NA,1.23016173004779,0.418450911924531
759,"history_naive",14,9.64787604797364e+285,9.64787604797364e+285
759,"practical_naive",NA,1.07771731961305,0.160064775095205
759,"correct_conditional",NA,1.09279981310729,0.263507284834044
760,"history_naive",15,7.29405565562383e+285,4.86270377041588e+285
760,"practical_naive",NA,1.86880885358768,0.112842082574512
760,"correct_conditional",NA,1.68289525472703,0.0848909157135974
761,"history_naive",14,9.89223692761769e+285,9.89223692761769e+285
761,"practical_naive",1966,24.7898177840766,2.6277258684255
761,"correct_conditional",NA,15.7242289011843,4.86027230119464
762,"history_naive",14,7.34531889300733e+285,4.89687926200489e+285
762,"practical_naive",NA,10.9009771030085,0.252690802465894
762,"correct_conditional",NA,9.52224356100435,0.768855070260768
763,"history_naive",14,7.39694241274007e+285,4.93129494182671e+285
763,"practical_naive",NA,1.71726109834458,0.0962512662428273
763,"correct_conditional",NA,5.62607631988156,0.818443703175675
764,"history_naive",14,7.14240258095627e+285,4.76160172063752e+285
764,"practical_naive",NA,2.04982640447979,0.470105350770527
764,"correct_conditional",NA,1.9208666578414,0.671563632032923
765,"history_naive",14,9.63822817192563e+285,9.63822817192563e+285
765,"practical_naive",NA,1.22775985958896,0.216881127766437
765,"correct_conditional",NA,1.22463476176678,0.308445991861866
766,"history_naive",15,7.19259998776025e+285,4.79506665850683e+285
766,"practical_naive",NA,1.18259323128411,0.485191921346314
766,"correct_conditional",NA,1.00147976796458,0.321327160888522
767,"history_naive",14,7.36739899516323e+285,4.91159933010882e+285
767,"practical_naive",NA,1.05926095504055,0.150177563314735
767,"correct_conditional",NA,1.15206220934624,0.410997205299959
768,"history_naive",14,9.70596645115765e+285,9.70596645115765e+285
768,"practical_naive",NA,2.07966715369962,0.146441569404819
768,"correct_conditional",NA,1.97493223564361,0.596422749024832
769,"history_naive",14,9.78396476548576e+285,9.78396476548576e+285
769,"practical_naive",NA,5.52119756272623,0.216229134212273
769,"correct_conditional",NA,8.02221500494673,1.63368300192038
770,"history_naive",14,9.73514268351527e+285,9.73514268351527e+285
770,"practical_naive",NA,2.59923361091748,0.10607388545911
770,"correct_conditional",NA,1.25339485443277,0.345159598033891
771,"history_naive",14,9.76440661991954e+285,9.76440661991954e+285
771,"practical_naive",NA,6.25447651400038,0.224344080999757
771,"correct_conditional",NA,3.78758746069352,0.262734353778672
772,"history_naive",15,9.75464221329962e+285,9.75464221329962e+285
772,"practical_naive",NA,1.77819682765442,0.178504265128719
772,"correct_conditional",NA,2.11492519465473,0.245441471585663
773,"history_naive",15,9.59973305006373e+285,9.59973305006373e+285
773,"practical_naive",NA,2.71719425887627,0.156807736063768
773,"correct_conditional",NA,1.99931260064903,0.283783321151951
774,"history_naive",14,9.6575335815552e+285,9.6575335815552e+285
774,"practical_naive",NA,5.79820452187563,0.0943044498230008
774,"correct_conditional",NA,4.35753968085829,0.28066221422734
775,"history_naive",15,9.66720078233752e+285,9.66720078233752e+285
775,"practical_naive",NA,1.41129761325699,0.207082755368658
775,"correct_conditional",NA,1.02651069860291,0.197728308129091
776,"history_naive",14,9.41897041141996e+285,9.41897041141996e+285
776,"practical_naive",NA,1.82572984582694,0.21921874474834
776,"correct_conditional",NA,1.21587769902502,0.134299801771689
777,"history_naive",14,9.81337546155741e+285,9.81337546155741e+285
777,"practical_naive",NA,2.23879994563953,0.185965422107969
777,"correct_conditional",NA,2.75918438018476,1.22410758467896
778,"history_naive",14,7.42660430001332e+285,4.95106953334221e+285
778,"practical_naive",NA,1.62310374807605,0.132885509191354
778,"correct_conditional",NA,3.85596709985609,0.683498073967092
779,"history_naive",14,9.67687765999755e+285,9.67687765999755e+285
779,"practical_naive",NA,1.43200620926625,0.371666556778498
779,"correct_conditional",NA,1.3836889100052,0.611500482949496
780,"history_naive",14,9.47568256091865e+285,9.47568256091865e+285
780,"practical_naive",NA,2.07078443896416,0.453706205121764
780,"correct_conditional",NA,2.72154092704545,0.371232246358715
781,"history_naive",14,9.5901333170137e+285,9.5901333170137e+285
781,"practical_naive",NA,1.36932431115787,0.208897941844238
781,"correct_conditional",NA,1.23770108918463,0.989097451810895
782,"history_naive",14,7.35267156457188e+285,4.90178104304792e+285
782,"practical_naive",NA,5.13602042179997,0.41532199291651
782,"correct_conditional",1870,22.3989804123498,2.11933485746846
783,"history_naive",14,9.81337546155738e+285,9.81337546155738e+285
783,"practical_naive",NA,1.37362742613451,0.318673080722875
783,"correct_conditional",NA,1.32523217212163,0.967836762155182
784,"history_naive",14,7.27219536352984e+285,4.84813024235323e+285
784,"practical_naive",NA,15.397272852038,0.85879155290333
784,"correct_conditional",NA,12.8803402422855,0.598069097838278
785,"history_naive",15,9.68656422422175e+285,9.68656422422175e+285
785,"practical_naive",NA,1.59965904721077,0.227441027286249
785,"correct_conditional",NA,1.4407205355501,0.224726007157708
786,"history_naive",14,9.69626048470648e+285,9.69626048470648e+285
786,"practical_naive",NA,1.10902384487829,0.185279216380189
786,"correct_conditional",NA,1.55070555992517,0.569064061879705
787,"history_naive",14,9.74488757108638e+285,9.74488757108638e+285
787,"practical_naive",NA,1.77975202733999,0.280534779645818
787,"correct_conditional",NA,1.0004,0.433471185542589
788,"history_naive",14,7.15670884193126e+285,4.77113922795417e+285
788,"practical_naive",NA,2.49060377397086,0.106389537967951
788,"correct_conditional",NA,1.72007025189282,0.0460144364266779
789,"history_naive",15,9.66720078233755e+285,9.66720078233755e+285
789,"practical_naive",NA,1.26781768647759,0.201293232303619
789,"correct_conditional",NA,1.24690422447747,0.167653384402341
790,"history_naive",14,7.1710437584043e+285,4.7806958389362e+285
790,"practical_naive",NA,1.3010615011693,0.213189844979598
790,"correct_conditional",NA,3.43748357744146,0.244562580952856
791,"history_naive",15,9.59013331701369e+285,9.59013331701369e+285
791,"practical_naive",NA,2.92410077425255,0.454394476419056
791,"correct_conditional",NA,1.45648494586831,0.438452874339175
792,"history_naive",14,9.62858994375374e+285,9.62858994375374e+285
792,"practical_naive",NA,1.5945738048202,0.17643830770637
792,"correct_conditional",NA,1.31636415309954,0.192509764382396
793,"history_naive",15,9.69626048470648e+285,9.69626048470648e+285
793,"practical_naive",NA,2.28499603925661,0.212032242516083
793,"correct_conditional",NA,1.53979931295853,0.038932891062605
794,"history_naive",14,9.7741808007202e+285,9.7741808007202e+285
794,"practical_naive",NA,1.49215068691386,0.0858765927613858
794,"correct_conditional",NA,1.96618711344749,0.20124541174313
795,"history_naive",14,7.33063560054021e+285,4.88709040036014e+285
795,"practical_naive",NA,1.01421623793988,0.202551122147285
795,"correct_conditional",NA,1.00155430769231,0.223688662962284
796,"history_naive",14,9.61896135380996e+285,9.61896135380996e+285
796,"practical_naive",NA,2.44290914615842,0.16821736509734
796,"correct_conditional",NA,3.11605600715967,0.221632909110456
797,"history_naive",14,7.30866567831475e+285,4.87244378554317e+285
797,"practical_naive",NA,1.10217143328178,0.234013147075586
797,"correct_conditional",NA,1.05245249340678,0.272424087055461
798,"history_naive",15,7.25765824499816e+285,4.83843882999877e+285
798,"practical_naive",NA,2.09454392161411,0.0577101916822792
798,"correct_conditional",NA,1.27502349922297,0.0144982099799713
799,"history_naive",14,9.73514268351529e+285,9.73514268351529e+285
799,"practical_naive",NA,1.39835655012475,0.204878307537087
799,"correct_conditional",NA,3.03037108723691,0.66305883034949
800,"history_naive",14,9.46620687835769e+285,9.46620687835769e+285
800,"practical_naive",NA,1.6208757632491,0.311306593411562
800,"correct_conditional",NA,2.10931401475311,0.955454350545023
801,"history_naive",15,9.68656422422175e+285,9.68656422422175e+285
801,"practical_naive",NA,1.24664572033695,0.188387285693288
801,"correct_conditional",NA,1.30147626806623,0.211788964554555
802,"history_naive",15,9.74488757108635e+285,9.74488757108635e+285
802,"practical_naive",NA,3.3619581624114,0.428579442506977
802,"correct_conditional",NA,4.72882237027552,0.851311165855793
803,"history_naive",14,9.9219730908931e+285,9.9219730908931e+285
803,"practical_naive",NA,1.63342801956485,0.150820017521274
803,"correct_conditional",NA,1.16591335437302,0.223127859124635
804,"history_naive",15,9.60934239245613e+285,9.60934239245613e+285
804,"practical_naive",NA,1.71507775609048,0.261439671640398
804,"correct_conditional",NA,1.90925862118068,0.423203077224823
805,"history_naive",15,9.6962604847065e+285,9.6962604847065e+285
805,"practical_naive",NA,1.01875127592679,0.243660469235019
805,"correct_conditional",NA,1.01461361683115,0.447662731609427
806,"history_naive",14,9.85272729376978e+285,9.85272729376978e+285
806,"practical_naive",NA,1.72517912581243,0.170682436115115
806,"correct_conditional",NA,1.37323964661576,0.091900759042852
807,"history_naive",14,9.62858994375374e+285,9.62858994375374e+285
807,"practical_naive",NA,1.614229261986,0.291493756975207
807,"correct_conditional",NA,1.40089035852748,0.38243864301686
808,"history_naive",14,9.87246234599948e+285,9.87246234599948e+285
808,"practical_naive",NA,1.05359678822022,0.174270131308052
808,"correct_conditional",NA,1.15065120254057,0.267826605980245
809,"history_naive",14,9.57096264051291e+285,9.57096264051291e+285
809,"practical_naive",NA,1.7858926114361,0.221175997391071
809,"correct_conditional",NA,1.48846096759462,0.25558311335209
810,"history_naive",14,9.66720078233756e+285,9.66720078233756e+285
810,"practical_naive",NA,1.69767001264996,0.478609494070829
810,"correct_conditional",NA,1.9149190144779,0.778408455055284
811,"history_naive",14,7.03601325444773e+285,4.69067550296515e+285
811,"practical_naive",NA,3.62215244635429,0.0759951641378291
811,"correct_conditional",NA,2.11470388835877,0.275938998538596
812,"history_naive",14,9.78396476548575e+285,9.78396476548575e+285
812,"practical_naive",184,48.6838685747222,0.147959518092489
812,"correct_conditional",194,27.2601083528896,0.0659797564410473
813,"history_naive",15,9.4946623910383e+285,9.4946623910383e+285
813,"practical_naive",NA,1.77257339326038,0.145723407320881
813,"correct_conditional",NA,1.48557433296647,0.139875663897742
814,"history_naive",14,9.67687765999753e+285,9.67687765999753e+285
814,"practical_naive",NA,2.57980512613291,0.231970050548802
814,"correct_conditional",NA,1.73695863989342,0.623931332908175
815,"history_naive",14,9.76440661991959e+285,9.76440661991959e+285
815,"practical_naive",NA,4.44250841790244,0.0719203900234572
815,"correct_conditional",NA,11.9899103157945,1.67037763927189
816,"history_naive",14,7.26492316816632e+285,4.84328211211088e+285
816,"practical_naive",NA,4.05106848644032,0.295863977160368
816,"correct_conditional",NA,4.78418176173469,0.514420130639755
817,"history_naive",15,9.6382281719257e+285,9.6382281719257e+285
817,"practical_naive",NA,10.0404316853071,0.180860724690698
817,"correct_conditional",NA,1.63941274019295,0.182786126521408
818,"history_naive",15,9.78396476548579e+285,9.78396476548579e+285
818,"practical_naive",NA,1.33011790408791,0.16164581454789
818,"correct_conditional",NA,1.0920055943614,0.158171932123098
819,"history_naive",14,7.30135701263646e+285,4.86757134175764e+285
819,"practical_naive",NA,2.17062563371157,0.633718882186645
819,"correct_conditional",NA,1.96236433751731,0.894192502098977
820,"history_naive",15,7.30866567831472e+285,4.87244378554315e+285
820,"practical_naive",NA,1.21063466781303,0.269178292239522
820,"correct_conditional",NA,1.38709710961384,0.549219778487319
821,"history_naive",14,9.74488757108632e+285,9.74488757108632e+285
821,"practical_naive",NA,1.26589910546956,0.201507283804023
821,"correct_conditional",NA,1.30129668144785,0.342834940559861
822,"history_naive",15,1.00720001014461e+286,1.00720001014461e+286
822,"practical_naive",NA,1.54155157814977,0.191979084370689
822,"correct_conditional",NA,2.24674720801959,0.310336491153339
823,"history_naive",14,9.7741808007203e+285,9.7741808007203e+285
823,"practical_naive",NA,2.69640128971695,0.655514252181106
823,"correct_conditional",NA,3.34373852198936,3.00080444939264
824,"history_naive",14,9.85272729376976e+285,9.85272729376976e+285
824,"practical_naive",NA,5.2675891518442,0.194364111244964
824,"correct_conditional",NA,2.05797784957189,0.059185108580238
825,"history_naive",15,7.14240258095624e+285,4.7616017206375e+285
825,"practical_naive",NA,3.04086666398298,1.07084498421892
825,"correct_conditional",NA,2.38370423578233,2.11441502069851
826,"history_naive",14,9.58054318369663e+285,9.58054318369663e+285
826,"practical_naive",NA,1.17222854838036,0.203840472323032
826,"correct_conditional",NA,1.21051209306888,0.426048067968685
827,"history_naive",14,7.30135701263645e+285,4.86757134175763e+285
827,"practical_naive",NA,3.69692110342772,0.243657741216935
827,"correct_conditional",NA,1.55712902333427,0.166220768878848
828,"history_naive",14,7.30866567831476e+285,4.87244378554317e+285
828,"practical_naive",NA,1.15167876298432,0.218256906609271
828,"correct_conditional",NA,1.15837931137012,0.260929182725103
829,"history_naive",14,7.2867615999682e+285,4.85784106664546e+285
829,"practical_naive",NA,1.65231333237195,0.488782472061633
829,"correct_conditional",NA,2.97340834203762,1.73984675551068
830,"history_naive",14,9.71568213329093e+285,9.71568213329093e+285
830,"practical_naive",NA,2.0400138566894,0.150807777091473
830,"correct_conditional",NA,2.1395122873808,0.506101993891219
831,"history_naive",14,9.58054318369665e+285,9.58054318369665e+285
831,"practical_naive",348,121.605213485872,0.531148643171845
831,"correct_conditional",409,52.237827981239,1.26340010539799
832,"history_naive",14,9.57096264051291e+285,9.57096264051291e+285
832,"practical_naive",NA,1.83135171959643,0.191793797299929
832,"correct_conditional",NA,1.57629245611936,0.588284256258625
833,"history_naive",14,9.83303169190957e+285,9.83303169190957e+285
833,"practical_naive",NA,1.16903765727729,0.249929335519843
833,"correct_conditional",NA,1.4737911080206,0.878428008463217
834,"history_naive",14,7.26492316816631e+285,4.84328211211087e+285
834,"practical_naive",NA,1.00568030594131,0.207820161686332
834,"correct_conditional",NA,1.0135681158494,0.258971434805887
835,"history_naive",15,7.18540738777245e+285,4.7902715918483e+285
835,"practical_naive",NA,1.07804074070069,0.197152105185653
835,"correct_conditional",NA,1.39262109494587,0.24833651951348
836,"history_naive",14,9.70596645115762e+285,9.70596645115762e+285
836,"practical_naive",141,111.298854201409,0.0815830835411517
836,"correct_conditional",157,76.7533002806997,1.59153743046859
837,"history_naive",15,7.30866567831475e+285,4.87244378554317e+285
837,"practical_naive",NA,1.74685816280617,0.0385804597634621
837,"correct_conditional",NA,1.24112401685375,0.0734617204744725
838,"history_naive",15,9.77418080072032e+285,9.77418080072032e+285
838,"practical_naive",NA,1.53665283911623,0.332602414797114
838,"correct_conditional",NA,1.31053115887173,0.293181307817676
839,"history_naive",15,7.12099679327873e+285,4.74733119551916e+285
839,"practical_naive",NA,1.20804419711282,0.86956293946786
839,"correct_conditional",NA,1.30354735392261,0.518864967810484
840,"history_naive",15,7.38215592485703e+285,4.92143728323802e+285
840,"practical_naive",NA,1.33114803699705,0.264124119432039
840,"correct_conditional",NA,1.05745369039117,0.225539013619645
841,"history_naive",15,7.17822198038475e+285,4.7854813202565e+285
841,"practical_naive",NA,1.18273434447503,0.30394703899202
841,"correct_conditional",NA,1.50202995920561,0.61608389984555
842,"history_naive",15,9.54227845590833e+285,9.54227845590833e+285
842,"practical_naive",NA,1.06414610019731,0.277040522441238
842,"correct_conditional",NA,1.01698278960549,0.218371136815361
843,"history_naive",14,9.79375852400982e+285,9.79375852400982e+285
843,"practical_naive",NA,6.57233733464839,0.146551053440336
843,"correct_conditional",NA,2.33857023619976,0.0508618757590316
844,"history_naive",14,9.44728393080787e+285,9.44728393080787e+285
844,"practical_naive",NA,1.28655830848266,0.144110644226704
844,"correct_conditional",NA,1.41895030175299,0.31713344500258
845,"history_naive",14,9.66720078233756e+285,9.66720078233756e+285
845,"practical_naive",NA,1.33202737206902,0.118146098417968
845,"correct_conditional",NA,1.53464866458,0.279555516032461
846,"history_naive",14,9.79375852400979e+285,9.79375852400979e+285
846,"practical_naive",NA,3.19124630651675,0.204311939160734
846,"correct_conditional",NA,2.24622123767854,0.276029139165849
847,"history_naive",14,7.36003159616806e+285,4.9066877307787e+285
847,"practical_naive",NA,1.25101593237199,0.125862437620285
847,"correct_conditional",NA,1.38952836681723,0.170778600546822
848,"history_naive",15,9.59013331701365e+285,9.59013331701365e+285
848,"practical_naive",605,44.0412170615533,0.510122548126457
848,"correct_conditional",574,172.759288933366,27.9133149495637
849,"history_naive",14,9.69626048470643e+285,9.69626048470643e+285
849,"practical_naive",NA,4.55584562060553,0.23870994692874
849,"correct_conditional",NA,1.21720380125414,0.0415859052188153
850,"history_naive",14,9.77418080072025e+285,9.77418080072025e+285
850,"practical_naive",NA,1.63718867297418,0.231138678855266
850,"correct_conditional",NA,6.54789472514709,0.475825216371856
851,"history_naive",15,9.7351426835152e+285,9.7351426835152e+285
851,"practical_naive",NA,5.92040599972163,0.510088679095569
851,"correct_conditional",2278,21.9298701614879,13.4465242998559
852,"history_naive",15,9.59013331701367e+285,9.59013331701367e+285
852,"practical_naive",NA,1.14644475975985,0.195507940838316
852,"correct_conditional",NA,1.15627038452408,0.251015809226526
853,"history_naive",15,7.19259998776023e+285,4.79506665850682e+285
853,"practical_naive",NA,13.7423057430757,0.118804072737558
853,"correct_conditional",NA,2.89921646123923,0.0110553458365978
854,"history_naive",14,9.95179864137311e+285,9.95179864137311e+285
854,"practical_naive",NA,1.47662979446284,0.367868883690404
854,"correct_conditional",NA,1.27816200525741,0.180423989624027
855,"history_naive",15,9.53273617745244e+285,9.53273617745244e+285
855,"practical_naive",NA,1.1856383282564,0.21117597095491
855,"correct_conditional",NA,1.53515510402401,0.474144496265489
856,"history_naive",14,9.85272729376982e+285,9.85272729376982e+285
856,"practical_naive",NA,4.84104547305396,3.52785793688552
856,"correct_conditional",NA,4.47847240105509,4.09243310073973
857,"history_naive",15,7.30866567831475e+285,4.87244378554316e+285
857,"practical_naive",NA,1.15617030700442,0.609647063352866
857,"correct_conditional",NA,1.46772744386539,1.28657749697354
858,"history_naive",14,9.78396476548577e+285,9.78396476548577e+285
858,"practical_naive",NA,3.23191517196142,0.23216679871113
858,"correct_conditional",NA,1.95079076483909,0.0882529997952704
859,"history_naive",14,7.2431501861664e+285,4.8287667907776e+285
859,"practical_naive",NA,1.2152082503741,0.149837205436028
859,"correct_conditional",NA,1.36400699148177,0.311235075357877
860,"history_naive",14,9.62858994375377e+285,9.62858994375377e+285
860,"practical_naive",NA,1.34629132401179,0.10210703784146
860,"correct_conditional",NA,1.14878863631345,0.387584974342223
861,"history_naive",14,9.66720078233749e+285,9.66720078233749e+285
861,"practical_naive",NA,14.665652277198,0.270354946622518
861,"correct_conditional",NA,9.19754170927469,0.205169779912688
862,"history_naive",14,9.6575335815552e+285,9.6575335815552e+285
862,"practical_naive",NA,1.22762684433771,0.156618171435397
862,"correct_conditional",NA,1.05450088013754,0.16229104401816
863,"history_naive",14,9.50416655759586e+285,9.50416655759586e+285
863,"practical_naive",NA,2.14621025240457,0.271758310643968
863,"correct_conditional",NA,1.24174908966382,0.0800174370608419
864,"history_naive",14,9.86258988365343e+285,9.86258988365343e+285
864,"practical_naive",NA,1.76301755097766,0.105358375286573
864,"correct_conditional",NA,1.44455661058339,0.175514309432732
865,"history_naive",14,7.3379735741143e+285,4.89198238274287e+285
865,"practical_naive",NA,1.40623537719344,0.521616516555972
865,"correct_conditional",NA,1.22825396512448,0.554118233062496
866,"history_naive",14,7.36739899516324e+285,4.91159933010883e+285
866,"practical_naive",NA,1.0004,0.203554517870595
866,"correct_conditional",NA,1.00173668949525,0.219246825146066
867,"history_naive",15,9.67687765999753e+285,9.67687765999753e+285
867,"practical_naive",NA,1.07868452800451,0.218689247067582
867,"correct_conditional",NA,1.87833638793696,0.995202452918808
868,"history_naive",14,9.66720078233752e+285,9.66720078233752e+285
868,"practical_naive",NA,1.11542079956561,0.209320889879215
868,"correct_conditional",NA,1.03257973763031,0.237494486958703
869,"history_naive",15,9.65753358155518e+285,9.65753358155518e+285
869,"practical_naive",NA,1.05896516295534,0.35846741502619
869,"correct_conditional",NA,1.56195004716785,1.53026830016094
870,"history_naive",15,7.14240258095625e+285,4.7616017206375e+285
870,"practical_naive",NA,4.76946106872227,0.662493178827719
870,"correct_conditional",NA,9.38028104439268,1.82144355076579
871,"history_naive",14,9.7156821332909e+285,9.7156821332909e+285
871,"practical_naive",NA,5.19898249520854,0.173643574545573
871,"correct_conditional",NA,3.22202430631398,0.0851540169220488
872,"history_naive",14,9.51368023783372e+285,9.51368023783372e+285
872,"practical_naive",NA,1.87168300481535,0.243414814932936
872,"correct_conditional",NA,2.10520997054357,0.752543368858239
873,"history_naive",15,9.79375852400983e+285,9.79375852400983e+285
873,"practical_naive",NA,2.35163495958723,0.130710660668898
873,"correct_conditional",NA,1.70965790336506,0.141936704990753
874,"history_naive",14,7.35267156457189e+285,4.90178104304793e+285
874,"practical_naive",NA,1.07735988832467,0.177548424454267
874,"correct_conditional",NA,1.08056885822378,0.416434733031616
875,"history_naive",14,9.78396476548579e+285,9.78396476548579e+285
875,"practical_naive",NA,1.53335089219102,0.163934504460848
875,"correct_conditional",NA,1.20751113631599,0.544973740901616
876,"history_naive",15,9.51368023783373e+285,9.51368023783373e+285
876,"practical_naive",NA,1.80678480161649,0.924243963793777
876,"correct_conditional",NA,1.14348433194455,0.645793855813751
877,"history_naive",14,7.29405565562383e+285,4.86270377041588e+285
877,"practical_naive",NA,1.18381757586555,0.204028000531838
877,"correct_conditional",NA,1.00485403261597,0.094594373918087
878,"history_naive",14,7.31598165997474e+285,4.87732110664983e+285
878,"practical_naive",NA,1.02448279852468,0.226859354870576
878,"correct_conditional",NA,1.08626574294087,0.289195565170388
879,"history_naive",14,9.68656422422174e+285,9.68656422422174e+285
879,"practical_naive",523,85.4921656105797,2.84018988298203
879,"correct_conditional",1082,130.00358367707,10.2378035623989
880,"history_naive",15,9.98171384775655e+285,9.98171384775655e+285
880,"practical_naive",NA,1.56301395495808,0.0716727913646619
880,"correct_conditional",NA,1.32492510200032,0.13495818741786
881,"history_naive",14,9.75464221329965e+285,9.75464221329965e+285
881,"practical_naive",NA,1.77004962023838,0.238287891749096
881,"correct_conditional",NA,1.62071709284741,0.21679184425383
882,"history_naive",14,9.81337546155737e+285,9.81337546155737e+285
882,"practical_naive",NA,1.51022366519997,0.115129677702545
882,"correct_conditional",NA,1.67594883964197,0.0916122890226004
883,"history_naive",15,7.14955213308937e+285,4.76636808872624e+285
883,"practical_naive",NA,2.53878452291153,0.152851142498183
883,"correct_conditional",NA,1.665409516481,0.211167579591656
884,"history_naive",14,7.1424025809562e+285,4.76160172063747e+285
884,"practical_naive",NA,3.57139624916401,0.332967054401363
884,"correct_conditional",NA,11.7208018786312,2.67153413421243
885,"history_naive",14,9.74488757108638e+285,9.74488757108638e+285
885,"practical_naive",NA,3.329192733009,0.113354508470678
885,"correct_conditional",NA,2.05721481581711,0.305058797951735
886,"history_naive",14,9.76440661991955e+285,9.76440661991955e+285
886,"practical_naive",NA,1.69792013516907,0.25938408553431
886,"correct_conditional",NA,1.57517525399479,0.598581130842278
887,"history_naive",14,9.70596645115765e+285,9.70596645115765e+285
887,"practical_naive",NA,7.27880867774919,0.0961983544804348
887,"correct_conditional",NA,17.8608497374923,2.00959337272474
888,"history_naive",15,9.69626048470648e+285,9.69626048470648e+285
888,"practical_naive",NA,1.0008,0.290942308464797
888,"correct_conditional",NA,2.23209471572089,1.02844148333937
889,"history_naive",14,9.92197309089316e+285,9.92197309089316e+285
889,"practical_naive",NA,1.02382253668543,0.291952086017864
889,"correct_conditional",NA,1.01312708771809,0.377662217530386
890,"history_naive",14,9.79375852400975e+285,9.79375852400975e+285
890,"practical_naive",NA,1.16997048112893,0.202017141254402
890,"correct_conditional",NA,1.25529436362027,0.267934341603658
891,"history_naive",15,9.76440661991952e+285,9.76440661991952e+285
891,"practical_naive",NA,1.528848440967,0.381133933759677
891,"correct_conditional",NA,1.61621538999567,1.19342177310624
892,"history_naive",14,9.92197309089316e+285,9.92197309089316e+285
892,"practical_naive",NA,1.47154583991477,0.357731758669725
892,"correct_conditional",NA,3.08211765094249,0.737844943889489
893,"history_naive",14,7.12099679327875e+285,4.74733119551916e+285
893,"practical_naive",NA,1.45240021544787,0.236946946610845
893,"correct_conditional",NA,1.00270861538462,0.183792322534139
894,"history_naive",15,7.34531889300733e+285,4.89687926200489e+285
894,"practical_naive",NA,4.42402386641096,0.207864887111772
894,"correct_conditional",NA,5.00720986363146,0.536335346437151
895,"history_naive",15,9.5901333170137e+285,9.5901333170137e+285
895,"practical_naive",NA,1.24341513667713,0.166024403733721
895,"correct_conditional",NA,1.21525859406656,0.221955742203077
896,"history_naive",14,9.65753358155524e+285,9.65753358155524e+285
896,"practical_naive",NA,1.44562548172179,1.17513681675613
896,"correct_conditional",NA,1.77034633228566,0.817856053924435
897,"history_naive",14,9.5997330500637e+285,9.5997330500637e+285
897,"practical_naive",NA,1.97471357651201,0.0863687049400605
897,"correct_conditional",NA,1.66095728463611,0.207870343375303
898,"history_naive",14,7.23590703598023e+285,4.82393802398682e+285
898,"practical_naive",NA,1.20824379444009,0.306885955429211
898,"correct_conditional",NA,1.05560557435582,0.352901013958929
899,"history_naive",14,9.75464221329967e+285,9.75464221329967e+285
899,"practical_naive",NA,1.1625001644509,0.190531471144043
899,"correct_conditional",NA,1.28914960217355,0.295968040828778
900,"history_naive",14,7.41917769571331e+285,4.94611846380887e+285
900,"practical_naive",NA,5.66358305215945,0.568189336630276
900,"correct_conditional",NA,4.9052582634295,1.28070026969952
901,"history_naive",14,7.27947483836821e+285,4.85298322557881e+285
901,"practical_naive",NA,1.10863504572556,0.1735699199633
901,"correct_conditional",NA,1.07311808463559,0.22887265439
902,"history_naive",14,7.14240258095627e+285,4.76160172063751e+285
902,"practical_naive",NA,1.41784996416693,0.9418128275216
902,"correct_conditional",NA,1.45300371883367,0.325980407522703
903,"history_naive",14,9.84287456647601e+285,9.84287456647601e+285
903,"practical_naive",NA,3.34398408129653,0.155077842211284
903,"correct_conditional",NA,2.50189014664751,0.20733738403688
904,"history_naive",15,9.89223692761776e+285,9.89223692761776e+285
904,"practical_naive",NA,1.03514660337255,0.231832984507379
904,"correct_conditional",NA,1.0018653316796,0.296856633993531
905,"history_naive",14,7.27219536352986e+285,4.84813024235324e+285
905,"practical_naive",NA,1.67109642489824,0.688966862449707
905,"correct_conditional",NA,6.67095971067173,4.02642109257214
906,"history_naive",14,7.23590703598024e+285,4.82393802398682e+285
906,"practical_naive",NA,1.22590628180927,0.181790979396093
906,"correct_conditional",NA,1.14529278455171,0.257102368836205
907,"history_naive",14,7.20700679434213e+285,4.80467119622809e+285
907,"practical_naive",NA,3.19354272255132,0.116547994228922
907,"correct_conditional",NA,7.68014270893771,1.8831250565524
908,"history_naive",15,9.63822817192567e+285,9.63822817192567e+285
908,"practical_naive",NA,1.63479273047919,0.208339361233732
908,"correct_conditional",NA,2.0264610405921,0.65460779781095
909,"history_naive",14,7.33063560054017e+285,4.88709040036011e+285
909,"practical_naive",NA,2.37432682385483,0.197441884859685
909,"correct_conditional",NA,1.27764377602304,0.143929133567944
910,"history_naive",14,7.23590703598021e+285,4.82393802398681e+285
910,"practical_naive",NA,2.56723180224933,0.530348627655087
910,"correct_conditional",NA,1.12765214175857,0.0765429427695194
911,"history_naive",15,9.72540754083177e+285,9.72540754083177e+285
911,"practical_naive",NA,1.13666065031469,0.251933516412505
911,"correct_conditional",NA,1.06343319539637,0.400579945679524
912,"history_naive",14,9.67687765999757e+285,9.67687765999757e+285
912,"practical_naive",NA,5.50604543776621,0.639066237123391
912,"correct_conditional",NA,7.8332662770367,3.47169226927912
913,"history_naive",15,7.36739899516321e+285,4.91159933010881e+285
913,"practical_naive",NA,4.70252307847695,1.57769107379917
913,"correct_conditional",NA,18.3156476690899,12.4168382883708
914,"history_naive",15,9.55183028619454e+285,9.55183028619454e+285
914,"practical_naive",NA,1.14137347812229,0.24314759700607
914,"correct_conditional",NA,1.09656458916141,0.15238011093548
915,"history_naive",14,9.78396476548577e+285,9.78396476548577e+285
915,"practical_naive",NA,11.4071556370588,0.134397656698892
915,"correct_conditional",NA,4.58427356037359,0.208109822003777
916,"history_naive",15,7.31598165997475e+285,4.87732110664983e+285
916,"practical_naive",NA,2.15430816580277,0.523516936950861
916,"correct_conditional",NA,1.63184026841525,0.243116559579721
917,"history_naive",14,9.78396476548577e+285,9.78396476548577e+285
917,"practical_naive",NA,1.68649935930086,0.208185283047802
917,"correct_conditional",NA,1.47392961110934,0.290408115283152
918,"history_naive",15,7.38215592485706e+285,4.92143728323804e+285
918,"practical_naive",NA,1.10988734482871,0.183410195842888
918,"correct_conditional",NA,1.0522538775894,0.0488523773019217
919,"history_naive",15,7.18540738777244e+285,4.79027159184829e+285
919,"practical_naive",NA,1.89887765094214,0.425843851185522
919,"correct_conditional",NA,8.32992594814518,4.21327054085966
920,"history_naive",14,9.59973305006369e+285,9.59973305006369e+285
920,"practical_naive",NA,3.0687234317897,0.137422628505886
920,"correct_conditional",NA,5.67032482665456,1.19350391535585
921,"history_naive",14,9.64787604797364e+285,9.64787604797364e+285
921,"practical_naive",NA,1.23769638174579,0.207225490796675
921,"correct_conditional",NA,1.53540705941994,0.473313414652296
922,"history_naive",14,9.67687765999756e+285,9.67687765999756e+285
922,"practical_naive",NA,1.32685381018027,0.154991540560505
922,"correct_conditional",NA,1.16124765217383,0.169201126933244
923,"history_naive",15,9.64787604797364e+285,9.64787604797364e+285
923,"practical_naive",NA,1.20631830932354,0.27822500356296
923,"correct_conditional",NA,1.8917410595601,0.436807054217222
924,"history_naive",14,7.3747737689322e+285,4.9165158459548e+285
924,"practical_naive",NA,1.60967399255507,0.472337941569295
924,"correct_conditional",NA,1.98361303876574,0.353411396268703
925,"history_naive",15,9.59973305006371e+285,9.59973305006371e+285
925,"practical_naive",NA,5.08465568458491,0.0951115958423734
925,"correct_conditional",NA,1.56202543530027,0.0890669760861849
926,"history_naive",14,9.55183028619457e+285,9.55183028619457e+285
926,"practical_naive",NA,2.3776731970448,0.0690834094063402
926,"correct_conditional",NA,4.68277177746786,0.290022795649999
927,"history_naive",14,9.53273617745245e+285,9.53273617745245e+285
927,"practical_naive",NA,3.54818557435457,0.143641724632433
927,"correct_conditional",NA,6.18239824025747,0.296674337483532
928,"history_naive",15,9.63822817192567e+285,9.63822817192567e+285
928,"practical_naive",NA,1.24292875755678,0.273049715296375
928,"correct_conditional",NA,1.55065106657341,0.603915277298525
929,"history_naive",14,7.30135701263642e+285,4.86757134175761e+285
929,"practical_naive",NA,1.04560707603253,0.182747594745124
929,"correct_conditional",NA,1.04957845180076,0.184013650841635
930,"history_naive",14,7.2940556556238e+285,4.86270377041587e+285
930,"practical_naive",NA,1.10939305087064,0.217114782740597
930,"correct_conditional",NA,1.14762871868349,0.415685602289806
931,"history_naive",14,7.3306356005402e+285,4.88709040036013e+285
931,"practical_naive",NA,1.82435258483126,0.205970192280174
931,"correct_conditional",NA,1.62058055288412,0.585736417284834
932,"history_naive",14,9.66720078233754e+285,9.66720078233754e+285
932,"practical_naive",NA,1.41005679919142,0.158830391610981
932,"correct_conditional",NA,1.37221746223864,0.680730941879899
933,"history_naive",15,9.70596645115756e+285,9.70596645115756e+285
933,"practical_naive",NA,1.21424235066347,0.30132307447143
933,"correct_conditional",NA,2.28115843004581,0.348164572668257
934,"history_naive",14,9.7644066199195e+285,9.7644066199195e+285
934,"practical_naive",NA,1.11284151851646,0.107606436415411
934,"correct_conditional",NA,1.27135538103241,0.456037200685331
935,"history_naive",14,9.6093423924562e+285,9.6093423924562e+285
935,"practical_naive",NA,14.2380658690987,0.269121561535338
935,"correct_conditional",NA,16.814582755756,1.29197925562133
936,"history_naive",14,7.36003159616803e+285,4.90668773077869e+285
936,"practical_naive",NA,1.21426254679399,0.240887622944317
936,"correct_conditional",NA,1.05234176516953,0.213283529908784
937,"history_naive",14,9.72540754083174e+285,9.72540754083174e+285
937,"practical_naive",NA,1.6142889726325,0.442566335572528
937,"correct_conditional",NA,1.64223719438268,1.07062352804345
938,"history_naive",14,7.28676159996818e+285,4.85784106664546e+285
938,"practical_naive",NA,1.9054072791044,0.223042730053248
938,"correct_conditional",NA,2.4124148731283,0.764007117990321
939,"history_naive",14,7.19259998776023e+285,4.79506665850682e+285
939,"practical_naive",NA,2.06892927092368,0.13666794495729
939,"correct_conditional",NA,1.89373109996251,0.177419579180724
940,"history_naive",14,9.65753358155524e+285,9.65753358155524e+285
940,"practical_naive",236,42.1172952094074,1.27503447769932
940,"correct_conditional",342,20.4360174027274,0.748870940286824
941,"history_naive",14,9.82319866021765e+285,9.82319866021765e+285
941,"practical_naive",NA,1.82867936582306,0.142150550629191
941,"correct_conditional",NA,1.25373927050564,0.272924243893045
942,"history_naive",14,7.29405565562382e+285,4.86270377041588e+285
942,"practical_naive",NA,11.6163286943264,0.290769055469459
942,"correct_conditional",NA,3.64663469660498,0.355304502219285
943,"history_naive",15,7.31598165997474e+285,4.87732110664983e+285
943,"practical_naive",NA,8.62641234522835,0.0841133808236013
943,"correct_conditional",259,25.302763290636,0.743708930716225
944,"history_naive",14,9.55183028619451e+285,9.55183028619451e+285
944,"practical_naive",NA,1.09404760706149,0.196626410976158
944,"correct_conditional",NA,1.00710884893568,0.151016703829233
945,"history_naive",14,9.63822817192563e+285,9.63822817192563e+285
945,"practical_naive",NA,5.96910434887527,1.64695203690124
945,"correct_conditional",NA,3.43640503959996,0.965218036899369
946,"history_naive",14,9.77418080072027e+285,9.77418080072027e+285
946,"practical_naive",NA,2.31563587712399,0.203637134684986
946,"correct_conditional",NA,1.30694053982652,0.0556517811539596
947,"history_naive",15,9.55183028619453e+285,9.55183028619453e+285
947,"practical_naive",NA,1.0086074426592,0.335660019639109
947,"correct_conditional",NA,1.50200804758941,0.661744514855432
948,"history_naive",15,9.68656422422178e+285,9.68656422422178e+285
948,"practical_naive",NA,1.13146821088175,0.200131909991392
948,"correct_conditional",NA,1.15248861416331,0.320436926339963
949,"history_naive",15,7.28676159996818e+285,4.85784106664545e+285
949,"practical_naive",NA,2.29759892110357,0.21993504501893
949,"correct_conditional",NA,5.74589354557103,0.834558890302496
950,"history_naive",15,9.67687765999758e+285,9.67687765999758e+285
950,"practical_naive",NA,2.44027077732574,0.654764440515076
950,"correct_conditional",NA,2.50583007710769,1.38728987190678
951,"history_naive",15,9.75464221329954e+285,9.75464221329954e+285
951,"practical_naive",NA,1.73845285171042,0.450855073550177
951,"correct_conditional",NA,3.29784612395751,0.493055599016974
952,"history_naive",14,9.69626048470643e+285,9.69626048470643e+285
952,"practical_naive",NA,1.51035367699876,0.183519651436947
952,"correct_conditional",NA,1.98554304505395,0.324574816194379
953,"history_naive",14,9.57096264051297e+285,9.57096264051297e+285
953,"practical_naive",NA,1.0919860835908,0.437111195593135
953,"correct_conditional",NA,1.00310953846154,0.167415000600349
954,"history_naive",15,9.64787604797368e+285,9.64787604797368e+285
954,"practical_naive",1944,33.9927718785554,4.5875564765731
954,"correct_conditional",NA,15.3222691779686,2.50660545717131
955,"history_naive",14,9.64787604797364e+285,9.64787604797364e+285
955,"practical_naive",NA,2.85790045157205,0.172712370712565
955,"correct_conditional",NA,1.55734636725529,0.204443266437281
956,"history_naive",14,9.74488757108631e+285,9.74488757108631e+285
956,"practical_naive",NA,2.40317666972699,0.188865577638565
956,"correct_conditional",NA,1.76910878833889,0.542545942629712
957,"history_naive",14,9.58054318369665e+285,9.58054318369665e+285
957,"practical_naive",NA,1.33154220674532,0.232080133411126
957,"correct_conditional",NA,1.27834144324115,0.605783487208561
958,"history_naive",14,9.91205111780227e+285,9.91205111780227e+285
958,"practical_naive",NA,1.0074011714089,0.3654037289259
958,"correct_conditional",NA,1.02681548797206,0.952634674050423
959,"history_naive",14,9.73514268351526e+285,9.73514268351526e+285
959,"practical_naive",NA,1.07256128328804,0.19128716607474
959,"correct_conditional",NA,1.14551302675861,0.23378502044234
960,"history_naive",14,9.75464221329966e+285,9.75464221329966e+285
960,"practical_naive",NA,2.83912735999176,1.31768246524791
960,"correct_conditional",NA,1.80023409826887,1.49601341015684
961,"history_naive",15,9.82319866021765e+285,9.82319866021765e+285
961,"practical_naive",NA,1.36081739683687,0.223721386981586
961,"correct_conditional",NA,1.31186901011435,0.197213861351655
962,"history_naive",14,9.65753358155517e+285,9.65753358155517e+285
962,"practical_naive",NA,1.68478493564638,0.290755138770256
962,"correct_conditional",NA,1.37609857750184,0.37176327302903
963,"history_naive",14,9.53273617745242e+285,9.53273617745242e+285
963,"practical_naive",NA,2.07418282589345,0.151265543604934
963,"correct_conditional",NA,1.70244578837841,0.0973209713146265
964,"history_naive",15,9.74488757108632e+285,9.74488757108632e+285
964,"practical_naive",NA,1.83970118709828,0.260561057522965
964,"correct_conditional",NA,3.35812589628372,1.80407582992881
965,"history_naive",14,9.83303169190959e+285,9.83303169190959e+285
965,"practical_naive",NA,1.91715655121587,0.220340149371848
965,"correct_conditional",NA,1.7809124857723,0.21748675825138
966,"history_naive",14,9.62858994375374e+285,9.62858994375374e+285
966,"practical_naive",NA,8.36852324353555,0.0659493102458027
966,"correct_conditional",NA,5.9881334186689,0.319197728832667
967,"history_naive",15,7.19259998776025e+285,4.79506665850683e+285
967,"practical_naive",NA,1.00520576,0.194497424975557
967,"correct_conditional",NA,1.0016,0.310021557954403
968,"history_naive",14,9.67687765999748e+285,9.67687765999748e+285
968,"practical_naive",481,20.5238274450057,0.148231183689555
968,"correct_conditional",NA,10.0481514903943,0.711354707110994
969,"history_naive",14,9.89223692761773e+285,9.89223692761773e+285
969,"practical_naive",NA,3.61478184260128,0.174760875590127
969,"correct_conditional",NA,6.4020755365182,1.12477852683441
970,"history_naive",14,7.17822198038466e+285,4.78548132025644e+285
970,"practical_naive",NA,5.5520835118687,0.257696155702411
970,"correct_conditional",NA,2.83823462890148,0.206680531363192
971,"history_naive",15,9.54227845590834e+285,9.54227845590834e+285
971,"practical_naive",NA,1.1741301087758,0.155227030781428
971,"correct_conditional",NA,1.07778037276443,0.230919586687813
972,"history_naive",15,9.6285899437537e+285,9.6285899437537e+285
972,"practical_naive",NA,1.76036774866075,0.169755637035798
972,"correct_conditional",NA,1.67200396287915,0.616725891590318
973,"history_naive",15,9.63822817192567e+285,9.63822817192567e+285
973,"practical_naive",NA,1.28222111324471,0.206167646251745
973,"correct_conditional",NA,1.0755018423003,0.20920279164609
974,"history_naive",14,9.72540754083172e+285,9.72540754083172e+285
974,"practical_naive",NA,2.03123083565359,0.222542909454757
974,"correct_conditional",NA,1.77731699137633,0.226345999848395
975,"history_naive",14,9.72540754083176e+285,9.72540754083176e+285
975,"practical_naive",NA,1.67256381407727,0.153410240763005
975,"correct_conditional",NA,1.02547486248748,0.111908725890259
976,"history_naive",15,9.97173213390881e+285,9.97173213390881e+285
976,"practical_naive",NA,1.25407924914045,0.227296453017141
976,"correct_conditional",NA,1.05518429955791,0.287057212089313
977,"history_naive",15,7.25040058675314e+285,4.83360039116876e+285
977,"practical_naive",NA,1.09544831269584,0.223163173305914
977,"correct_conditional",NA,1.17184820795102,0.259195166990076
978,"history_naive",14,9.65753358155519e+285,9.65753358155519e+285
978,"practical_naive",NA,5.41518076962074,0.380725990634676
978,"correct_conditional",NA,2.85774578634284,0.0406479596396879
979,"history_naive",14,7.19259998776024e+285,4.79506665850683e+285
979,"practical_naive",NA,12.12123054341,2.73575879280321
979,"correct_conditional",NA,5.78823159902501,2.04382765827953
980,"history_naive",14,9.76440661991955e+285,9.76440661991955e+285
980,"practical_naive",NA,3.57926353652126,0.331475924063456
980,"correct_conditional",NA,11.6805205345227,2.41016063759114
981,"history_naive",15,9.75464221329965e+285,9.75464221329965e+285
981,"practical_naive",NA,7.71667220609919,0.108798756438614
981,"correct_conditional",NA,9.06934687354623,0.581103310492418
982,"history_naive",14,9.74488757108632e+285,9.74488757108632e+285
982,"practical_naive",NA,1.07975152036731,0.312829151763778
982,"correct_conditional",NA,1.06235921682858,0.356255667381791
983,"history_naive",15,9.40955144100853e+285,9.40955144100853e+285
983,"practical_naive",NA,3.50271637215747,2.49649319317673
983,"correct_conditional",NA,7.64150776305094,1.98154035817877
984,"history_naive",14,7.36003159616808e+285,4.90668773077872e+285
984,"practical_naive",NA,1.80662304462807,0.143310502350487
984,"correct_conditional",NA,1.77089787103417,0.504607184578459
985,"history_naive",14,7.16387271464593e+285,4.77591514309729e+285
985,"practical_naive",NA,1.7056777015189,0.20621654052115
985,"correct_conditional",NA,1.97027214013133,0.477703128868143
986,"history_naive",14,7.29405565562382e+285,4.86270377041588e+285
986,"practical_naive",NA,1.44489156182944,1.0597170322102
986,"correct_conditional",NA,1.43559053570288,0.844642296037954
987,"history_naive",15,7.19979978754779e+285,4.79986652503186e+285
987,"practical_naive",NA,1.00124606320473,0.231104232883112
987,"correct_conditional",NA,1.1428088958521,0.303284788940059
988,"history_naive",14,9.7644066199196e+285,9.7644066199196e+285
988,"practical_naive",NA,1.10901515380443,0.180428418169787
988,"correct_conditional",NA,1.20998562639528,0.439343399715612
989,"history_naive",14,9.67687765999753e+285,9.67687765999753e+285
989,"practical_naive",NA,1.81443452816656,0.139781467247288
989,"correct_conditional",NA,1.60857445269836,0.245882737470096
990,"history_naive",14,9.67687765999756e+285,9.67687765999756e+285
990,"practical_naive",NA,1.08824626554337,0.228526754525469
990,"correct_conditional",NA,1.05300737571457,0.224188390030143
991,"history_naive",14,9.65753358155521e+285,9.65753358155521e+285
991,"practical_naive",NA,1.72391542155995,0.21272343756505
991,"correct_conditional",NA,1.60773298403855,0.594079036777235
992,"history_naive",15,7.3600315961681e+285,4.90668773077873e+285
992,"practical_naive",858,20.0994455008843,0.615046594710335
992,"correct_conditional",858,22.8742889516374,0.331748741031422
993,"history_naive",14,9.79375852400982e+285,9.79375852400982e+285
993,"practical_naive",NA,1.01171583174408,0.231234317978466
993,"correct_conditional",NA,1.03957272195736,0.281318846304289
994,"history_naive",14,9.69626048470639e+285,9.69626048470639e+285
994,"practical_naive",NA,3.48986832825204,0.211639472294846
994,"correct_conditional",NA,1.58004152212741,0.23638805122444
995,"history_naive",14,9.85272729376981e+285,9.85272729376981e+285
995,"practical_naive",NA,2.95025584824826,0.322990055893166
995,"correct_conditional",NA,2.37865518153368,1.348531466176
996,"history_naive",15,9.73514268351526e+285,9.73514268351526e+285
996,"practical_naive",NA,1.24080325835314,0.203858842510978
996,"correct_conditional",NA,1.20763357892488,0.502556178399448
997,"history_naive",14,9.71568213329084e+285,9.71568213329084e+285
997,"practical_naive",NA,2.30452977134045,0.0662499544872604
997,"correct_conditional",NA,2.09351713521702,0.337215646926705
998,"history_naive",14,9.68656422422175e+285,9.68656422422175e+285
998,"practical_naive",NA,5.98571165169464,0.318681696741984
998,"correct_conditional",NA,2.11646729490178,0.226242995696443
999,"history_naive",14,7.15670884193127e+285,4.77113922795418e+285
999,"practical_naive",254,34.320890863335,0.0785375424317407
999,"correct_conditional",NA,5.69828331366844,0.0582865417276259
1000,"history_naive",14,7.30135701263643e+285,4.86757134175762e+285
1000,"practical_naive",NA,2.31177661385431,0.54597195963647
1000,"correct_conditional",NA,1.75667430754018,1.5030690596117
1001,"history_naive",14,7.29405565562381e+285,4.86270377041587e+285
1001,"practical_naive",NA,3.34072839460841,0.235084283317543
1001,"correct_conditional",NA,1.33769830871651,0.0551787880786562
1002,"history_naive",14,9.79375852400977e+285,9.79375852400977e+285
1002,"practical_naive",NA,2.58791526533746,0.637860106072292
1002,"correct_conditional",NA,3.19469809740677,1.43445310470421
1003,"history_naive",14,7.26492316816631e+285,4.84328211211088e+285
1003,"practical_naive",NA,1.31603767542136,0.191192990468776
1003,"correct_conditional",NA,1.98329332957081,0.291869006231952
1004,"history_naive",14,9.72540754083176e+285,9.72540754083176e+285
1004,"practical_naive",NA,2.75151414737778,0.241940114229541
1004,"correct_conditional",NA,1.17562823510098,0.11628973151556
1005,"history_naive",14,9.50416655759587e+285,9.50416655759587e+285
1005,"practical_naive",NA,1.15092411591817,0.268878729177425
1005,"correct_conditional",NA,1.13688982358549,0.229620997077832
1006,"history_naive",15,7.42660430001332e+285,4.95106953334221e+285
1006,"practical_naive",NA,3.34980155413129,0.0333546115285556
1006,"correct_conditional",NA,1.52779385685863,0.0186000082677208
1007,"history_naive",14,9.60934239245616e+285,9.60934239245616e+285
1007,"practical_naive",NA,1.71175932689982,0.144897562304133
1007,"correct_conditional",NA,1.0058690872655,0.137673159638915
1008,"history_naive",14,9.63822817192573e+285,9.63822817192573e+285
1008,"practical_naive",NA,1.14418949293689,0.254638950988514
1008,"correct_conditional",NA,2.68622798456869,1.51706273643343
1009,"history_naive",15,7.34531889300733e+285,4.89687926200488e+285
1009,"practical_naive",NA,1.17820069277749,0.199693019051313
1009,"correct_conditional",NA,1.7603591793724,0.420648902142692
1010,"history_naive",14,7.42660430001333e+285,4.95106953334222e+285
1010,"practical_naive",718,42.9523314740946,0.372404849289915
1010,"correct_conditional",NA,4.39767168192899,0.073136580145353
1011,"history_naive",14,9.66720078233758e+285,9.66720078233758e+285
1011,"practical_naive",NA,1.64950285736355,0.123500951911604
1011,"correct_conditional",NA,1.55686769911028,0.201792120757104
1012,"history_naive",14,9.56139167787242e+285,9.56139167787242e+285
1012,"practical_naive",NA,1.06915228385699,0.351362407994802
1012,"correct_conditional",NA,1.00982564420904,0.419458925823708
1013,"history_naive",14,9.8231986602176e+285,9.8231986602176e+285
1013,"practical_naive",NA,1.3740261420634,0.180496319214057
1013,"correct_conditional",NA,2.28177303536555,0.172677054352954
1014,"history_naive",14,9.65753358155517e+285,9.65753358155517e+285
1014,"practical_naive",NA,1.66560404140426,0.812342650969558
1014,"correct_conditional",NA,2.37752451026742,0.56767539387003
1015,"history_naive",15,9.52320344127503e+285,9.52320344127503e+285
1015,"practical_naive",NA,3.40080669507654,0.16918549052
1015,"correct_conditional",NA,5.73359043119542,0.584553112642457
1016,"history_naive",14,7.32330496493966e+285,4.88220330995977e+285
1016,"practical_naive",NA,1.23153629872199,0.216439359696595
1016,"correct_conditional",NA,1.33336294893002,0.228308964586717
1017,"history_naive",15,9.53273617745247e+285,9.53273617745247e+285
1017,"practical_naive",NA,1.40094757194951,0.33900498775292
1017,"correct_conditional",NA,1.03940014061637,0.231663761582475
1018,"history_naive",14,9.78396476548582e+285,9.78396476548582e+285
1018,"practical_naive",NA,1.15613879789256,0.213363970137361
1018,"correct_conditional",NA,2.10529748743641,1.07094476623005
1019,"history_naive",14,9.58054318369665e+285,9.58054318369665e+285
1019,"practical_naive",NA,13.8885758047903,0.100566819564761
1019,"correct_conditional",NA,2.82438685829698,0.00405747689213525
1020,"history_naive",14,7.41175851801757e+285,4.94117234534504e+285
1020,"practical_naive",NA,2.01436423474234,0.23969958811936
1020,"correct_conditional",NA,1.90033905151285,0.220919506332366
1021,"history_naive",14,9.62858994375371e+285,9.62858994375371e+285
1021,"practical_naive",NA,1,0.154920554107936
1021,"correct_conditional",NA,1.03982894542044,0.327316195620577
1022,"history_naive",14,7.22867112894426e+285,4.81911408596284e+285
1022,"practical_naive",NA,1.60037481327049,0.172968768216945
1022,"correct_conditional",NA,2.13844554576792,0.492661190621912
1023,"history_naive",14,7.2867615999682e+285,4.85784106664547e+285
1023,"practical_naive",NA,1.02678396367322,0.226021886672677
1023,"correct_conditional",NA,1.0209826699905,0.235511316295933
1024,"history_naive",14,7.17104375840434e+285,4.78069583893623e+285
1024,"practical_naive",NA,3.04469333981481,0.267528058702318
1024,"correct_conditional",NA,6.08770945722903,0.81022884597194
1025,"history_naive",14,7.26492316816626e+285,4.84328211211084e+285
1025,"practical_naive",NA,3.71885145906275,0.0652165319342914
1025,"correct_conditional",NA,1.73746702900086,0.331554587556822
1026,"history_naive",14,7.3526715645719e+285,4.90178104304793e+285
1026,"practical_naive",NA,6.70622502861783,0.0378042080643275
1026,"correct_conditional",NA,13.4923876846413,0.138284389448892
1027,"history_naive",14,9.57096264051295e+285,9.57096264051295e+285
1027,"practical_naive",NA,1.64100281576518,0.555947642760394
1027,"correct_conditional",NA,2.02703821537669,1.18333597374245
1028,"history_naive",14,9.79375852400977e+285,9.79375852400977e+285
1028,"practical_naive",NA,1.03421083077758,0.269306547912838
1028,"correct_conditional",NA,1.01348783949302,0.495911749632452
1029,"history_naive",15,9.41897041141995e+285,9.41897041141995e+285
1029,"practical_naive",NA,1.05642491778646,0.227135639717845
1029,"correct_conditional",NA,2.01703369751013,0.554317792701194
1030,"history_naive",14,9.71568213329093e+285,9.71568213329093e+285
1030,"practical_naive",NA,2.91323995329649,0.171058400809837
1030,"correct_conditional",NA,6.27250862554157,0.122385476877875
1031,"history_naive",15,7.25040058675316e+285,4.83360039116878e+285
1031,"practical_naive",NA,1.06760287078274,0.171043858382102
1031,"correct_conditional",NA,1.19160799070545,0.219981846738922
1032,"history_naive",14,9.78396476548577e+285,9.78396476548577e+285
1032,"practical_naive",NA,4.9344584719228,0.372392529389673
1032,"correct_conditional",NA,2.03050701364459,0.0275545209946054
1033,"history_naive",14,9.87246234599945e+285,9.87246234599945e+285
1033,"practical_naive",NA,1.51786464354026,0.209272070978925
1033,"correct_conditional",NA,1.4280214924956,0.65840036076206
1034,"history_naive",14,7.30135701263647e+285,4.86757134175764e+285
1034,"practical_naive",NA,1.40606259781066,0.599771871621847
1034,"correct_conditional",NA,1.16283585521487,0.362801139277881
1035,"history_naive",14,9.66720078233752e+285,9.66720078233752e+285
1035,"practical_naive",NA,1.17961506204151,0.173567876117717
1035,"correct_conditional",NA,1.11721578772947,0.257222266806617
1036,"history_naive",14,7.29405565562385e+285,4.8627037704159e+285
1036,"practical_naive",NA,1.64331876746242,0.40592709921246
1036,"correct_conditional",NA,3.94491458865871,1.10311490095739
1037,"history_naive",14,9.89223692761775e+285,9.89223692761775e+285
1037,"practical_naive",NA,1.21491635652803,0.561662906533816
1037,"correct_conditional",NA,2.44311895758262,0.371051745265004
1038,"history_naive",14,9.67687765999748e+285,9.67687765999748e+285
1038,"practical_naive",NA,1.24704841009174,0.181467299006869
1038,"correct_conditional",NA,1.14958118684767,0.455027455910032
1039,"history_naive",15,9.60934239245614e+285,9.60934239245614e+285
1039,"practical_naive",NA,17.6151200686879,0.123402010148541
1039,"correct_conditional",NA,4.60426303907036,0.12254435866945
1040,"history_naive",14,9.96176040177491e+285,9.96176040177491e+285
1040,"practical_naive",1525,24.6601339953181,0.837898420426778
1040,"correct_conditional",NA,3.14846107508054,0.0244958492385112
1041,"history_naive",15,9.48516772864731e+285,9.48516772864731e+285
1041,"practical_naive",NA,2.6307049930093,2.33853607380929
1041,"correct_conditional",NA,1.52089219793771,0.704617493483531
1042,"history_naive",14,9.85272729376987e+285,9.85272729376987e+285
1042,"practical_naive",NA,1.22225529635577,0.192023895326767
1042,"correct_conditional",NA,1.16592648664676,0.203350756362882
1043,"history_naive",14,9.71568213329094e+285,9.71568213329094e+285
1043,"practical_naive",NA,3.26402425079522,0.0343888019293534
1043,"correct_conditional",NA,2.4208524287642,0.654359620047358
1044,"history_naive",15,9.69626048470645e+285,9.69626048470645e+285
1044,"practical_naive",NA,1.17026133494017,0.376102927070589
1044,"correct_conditional",NA,2.56618419145411,1.95568534040145
1045,"history_naive",14,9.60934239245613e+285,9.60934239245613e+285
1045,"practical_naive",NA,1.86136095532367,0.0913039030092875
1045,"correct_conditional",NA,1.89847224533378,0.016229100134927
1046,"history_naive",14,9.80356208609588e+285,9.80356208609588e+285
1046,"practical_naive",NA,1.38364540485231,0.357247166487543
1046,"correct_conditional",NA,1.80883452843314,0.342952223628551
1047,"history_naive",15,7.17822198038473e+285,4.78548132025649e+285
1047,"practical_naive",NA,1.91994258447973,0.130036833333505
1047,"correct_conditional",NA,1.40461914647052,0.373143309898925
1048,"history_naive",15,7.0360132544477e+285,4.69067550296513e+285
1048,"practical_naive",NA,4.088999908915,0.0754187990412751
1048,"correct_conditional",NA,3.34777743532321,0.14943863055258
1049,"history_naive",15,7.23590703598024e+285,4.82393802398683e+285
1049,"practical_naive",NA,1.08170156446226,0.630493094249407
1049,"correct_conditional",NA,1.19673704535346,1.1734649995179
1050,"history_naive",15,9.78396476548573e+285,9.78396476548573e+285
1050,"practical_naive",NA,1.22567746849181,0.250677875064289
1050,"correct_conditional",NA,1.28671650833403,0.277545718836012
1051,"history_naive",15,9.62858994375376e+285,9.62858994375376e+285
1051,"practical_naive",NA,1.15240946516932,0.15450836708306
1051,"correct_conditional",NA,1.42001264194949,0.488812267919546
1052,"history_naive",14,7.35267156457189e+285,4.90178104304793e+285
1052,"practical_naive",NA,3.47049912479923,0.0612879567327129
1052,"correct_conditional",NA,2.00707737545368,0.0615551579005485
1053,"history_naive",14,9.65753358155519e+285,9.65753358155519e+285
1053,"practical_naive",NA,8.45624534291372,0.151328327884531
1053,"correct_conditional",NA,1.83388570459037,0.00968295175217655
1054,"history_naive",15,9.79375852400977e+285,9.79375852400977e+285
1054,"practical_naive",NA,3.36771806380207,0.48196993235359
1054,"correct_conditional",NA,2.58146394917037,0.365256501224844
1055,"history_naive",14,7.29405565562382e+285,4.86270377041588e+285
1055,"practical_naive",NA,4.66910560958963,0.209535741129199
1055,"correct_conditional",NA,8.67007031688048,0.808980737147553
1056,"history_naive",14,9.67687765999751e+285,9.67687765999751e+285
1056,"practical_naive",NA,2.47235238657717,0.186536198325776
1056,"correct_conditional",NA,3.07835407779959,0.423289099761525
1057,"history_naive",14,9.75464221329964e+285,9.75464221329964e+285
1057,"practical_naive",NA,1.94260342594733,0.173390947534059
1057,"correct_conditional",NA,1.55320138806118,0.203952731970854
1058,"history_naive",15,7.26492316816633e+285,4.84328211211089e+285
1058,"practical_naive",NA,1.13921304245109,0.538243291145089
1058,"correct_conditional",NA,1.11165815384225,0.315227627396396
1059,"history_naive",15,7.14955213308935e+285,4.76636808872623e+285
1059,"practical_naive",NA,1.35885952159221,0.223373863489767
1059,"correct_conditional",NA,2.11520811923043,0.343044294333056
1060,"history_naive",14,9.48516772864724e+285,9.48516772864724e+285
1060,"practical_naive",NA,3.49259213973435,0.513843971260683
1060,"correct_conditional",NA,2.94533419002,0.56755264349443
1061,"history_naive",14,7.24315018616637e+285,4.82876679077758e+285
1061,"practical_naive",NA,1.10604804025244,0.608411397657988
1061,"correct_conditional",NA,1.01399231715558,0.239987937843883
1062,"history_naive",14,9.78396476548576e+285,9.78396476548576e+285
1062,"practical_naive",NA,1.14293216981059,0.182959717867207
1062,"correct_conditional",NA,1.27897313445897,0.353217174777679
1063,"history_naive",14,7.3306356005402e+285,4.88709040036013e+285
1063,"practical_naive",NA,1.00982514762358,0.612812695096399
1063,"correct_conditional",NA,1.02602592418846,0.513437723340807
1064,"history_naive",14,7.18540738777247e+285,4.79027159184832e+285
1064,"practical_naive",NA,14.4351152865496,0.291307146720432
1064,"correct_conditional",NA,9.21434799828168,0.642872072847289
1065,"history_naive",15,9.85272729376982e+285,9.85272729376982e+285
1065,"practical_naive",NA,1.01837263616154,0.32572253878355
1065,"correct_conditional",NA,1.0278635040295,0.501163587722416
1066,"history_naive",15,7.22867112894424e+285,4.81911408596283e+285
1066,"practical_naive",NA,1.2770185895623,0.19143890078824
1066,"correct_conditional",NA,1.05964492555883,0.297594578825127
1067,"history_naive",15,9.60934239245618e+285,9.60934239245618e+285
1067,"practical_naive",NA,1.14345620630554,0.236737324798377
1067,"correct_conditional",NA,1.13527013763878,0.420828962160643
1068,"history_naive",15,9.68656422422176e+285,9.68656422422176e+285
1068,"practical_naive",NA,1.10094496104559,0.205942776503806
1068,"correct_conditional",NA,1.19800478215794,0.275157851239198
1069,"history_naive",14,9.59013331701365e+285,9.59013331701365e+285
1069,"practical_naive",NA,1.35300594444089,0.8798265894016
1069,"correct_conditional",NA,2.42335600345319,1.60172565456665
1070,"history_naive",15,9.8231986602176e+285,9.8231986602176e+285
1070,"practical_naive",NA,5.88243362291867,0.379098304616721
1070,"correct_conditional",NA,2.09159497823592,0.378564557588143
1071,"history_naive",15,7.32330496493964e+285,4.88220330995976e+285
1071,"practical_naive",NA,1.80192428586899,0.45587150357544
1071,"correct_conditional",NA,1.93465275225173,0.331099425230778
1072,"history_naive",14,9.78396476548579e+285,9.78396476548579e+285
1072,"practical_naive",NA,4.51853443892681,0.182370439513394
1072,"correct_conditional",NA,9.57940540757667,0.942448763695621
1073,"history_naive",15,7.38215592485704e+285,4.92143728323803e+285
1073,"practical_naive",NA,1.29990676328804,0.0472110037464333
1073,"correct_conditional",NA,1.70495322361021,0.188896890535757
1074,"history_naive",14,9.72540754083174e+285,9.72540754083174e+285
1074,"practical_naive",NA,7.10257317461329,0.0621402923534854
1074,"correct_conditional",NA,3.2590774893129,0.452671538843755
1075,"history_naive",14,9.86258988365349e+285,9.86258988365349e+285
1075,"practical_naive",NA,2.32675544955463,0.0850981169426241
1075,"correct_conditional",NA,2.44094206228429,0.0529785111979742
1076,"history_naive",15,9.44728393080784e+285,9.44728393080784e+285
1076,"practical_naive",NA,1.33584062114802,0.23179913288622
1076,"correct_conditional",NA,1.49148083083529,0.218362815688739
1077,"history_naive",14,9.78396476548573e+285,9.78396476548573e+285
1077,"practical_naive",NA,2.64425002484865,0.214598328144347
1077,"correct_conditional",NA,2.62584019020772,0.254571692114075
1078,"history_naive",15,7.24315018616639e+285,4.82876679077759e+285
1078,"practical_naive",NA,1.13937709795107,0.125238429963992
1078,"correct_conditional",NA,1.03016125494481,0.106803109762673
1079,"history_naive",14,7.1352601783753e+285,4.75684011891687e+285
1079,"practical_naive",NA,3.8009579197134,0.0936346384139485
1079,"correct_conditional",NA,2.73146056397909,0.0846333216514428
1080,"history_naive",14,9.87246234599944e+285,9.87246234599944e+285
1080,"practical_naive",NA,4.42854272300763,0.200925748954258
1080,"correct_conditional",NA,2.11543575401794,0.25252646916494
1081,"history_naive",14,9.7741808007203e+285,9.7741808007203e+285
1081,"practical_naive",NA,1.42239585217809,0.338261667607188
1081,"correct_conditional",NA,1.21226874315898,0.100937266688659
1082,"history_naive",15,9.76440661991953e+285,9.76440661991953e+285
1082,"practical_naive",NA,4.3318361647239,0.193089769322404
1082,"correct_conditional",NA,2.44957312371761,0.29930642946839
1083,"history_naive",14,9.7937585240098e+285,9.7937585240098e+285
1083,"practical_naive",NA,1.4346109072842,0.945875465578375
1083,"correct_conditional",NA,2.41971683949986,2.34586453055309
1084,"history_naive",14,9.67687765999755e+285,9.67687765999755e+285
1084,"practical_naive",NA,1.03310723568485,0.279647014919857
1084,"correct_conditional",NA,1.54447005494041,0.740973059118691
1085,"history_naive",15,9.63822817192564e+285,9.63822817192564e+285
1085,"practical_naive",NA,1.65814826643646,0.163662418744229
1085,"correct_conditional",NA,1.82032183789402,0.256830731087215
1086,"history_naive",14,9.6672007823375e+285,9.6672007823375e+285
1086,"practical_naive",NA,4.99300205762988,0.255605973446593
1086,"correct_conditional",NA,2.36439273108119,0.468424677353327
1087,"history_naive",14,7.21422101535751e+285,4.80948067690501e+285
1087,"practical_naive",NA,3.38180175354255,0.257589113100037
1087,"correct_conditional",NA,1.29784938476446,0.074817301497677
1088,"history_naive",15,9.84287456647603e+285,9.84287456647603e+285
1088,"practical_naive",NA,1.22215904359886,0.203249672875393
1088,"correct_conditional",NA,1.34627287877313,0.126186686775772
1089,"history_naive",14,7.2431501861664e+285,4.8287667907776e+285
1089,"practical_naive",NA,2.13442178375933,0.127330327215524
1089,"correct_conditional",NA,1.96634608658529,0.244569281477308
1090,"history_naive",14,9.80356208609583e+285,9.80356208609583e+285
1090,"practical_naive",NA,1.00470807832126,0.225721259332707
1090,"correct_conditional",NA,1.13544426619933,0.39115315100513
1091,"history_naive",14,7.25765824499816e+285,4.83843882999878e+285
1091,"practical_naive",NA,1.10514512601962,0.398448368981872
1091,"correct_conditional",NA,1.64076089215716,0.919285194446057
1092,"history_naive",14,9.75464221329968e+285,9.75464221329968e+285
1092,"practical_naive",NA,1.55240574127866,0.131705034870409
1092,"correct_conditional",NA,1.27942813272643,0.192422852225663
1093,"history_naive",15,7.20700679434216e+285,4.80467119622811e+285
1093,"practical_naive",NA,4.57112268106366,0.0628144971726104
1093,"correct_conditional",NA,3.40012405549516,0.20809662243493
1094,"history_naive",14,9.41897041141997e+285,9.41897041141997e+285
1094,"practical_naive",NA,1.3256912919313,0.139938061674662
1094,"correct_conditional",NA,1.04728287867026,0.193004464815113
1095,"history_naive",14,9.68656422422177e+285,9.68656422422177e+285
1095,"practical_naive",NA,1.01943464527843,0.593827991904569
1095,"correct_conditional",NA,1.00576923076923,0.238306893154672
1096,"history_naive",15,9.73514268351522e+285,9.73514268351522e+285
1096,"practical_naive",NA,1.13220181401164,0.249393848561355
1096,"correct_conditional",NA,1.4605669574663,0.634966905272442
1097,"history_naive",14,9.63822817192565e+285,9.63822817192565e+285
1097,"practical_naive",NA,1.12346613173814,0.243172244085748
1097,"correct_conditional",NA,1.00041164102564,0.378562835648334
1098,"history_naive",15,9.75464221329969e+285,9.75464221329969e+285
1098,"practical_naive",NA,1.13795490567271,0.124285406672017
1098,"correct_conditional",NA,1.22359637989252,0.419288879598084
1099,"history_naive",15,9.77418080072024e+285,9.77418080072024e+285
1099,"practical_naive",NA,1.97362900723315,0.375920791695042
1099,"correct_conditional",NA,1.57929864398357,0.820470589725316
1100,"history_naive",14,9.89223692761773e+285,9.89223692761773e+285
1100,"practical_naive",NA,2.00263997999129,0.0570561294377559
1100,"correct_conditional",NA,1.9188031609086,0.31638886803983
1101,"history_naive",14,7.34531889300735e+285,4.8968792620049e+285
1101,"practical_naive",NA,1.02075576030935,0.222469426632786
1101,"correct_conditional",NA,1.02540504336038,0.476967373643729
1102,"history_naive",15,9.79375852400978e+285,9.79375852400978e+285
1102,"practical_naive",NA,3.07984109827393,0.172256931954612
1102,"correct_conditional",NA,2.16997033779841,0.225326276943204
1103,"history_naive",14,7.09255550360949e+285,4.72837033573966e+285
1103,"practical_naive",NA,1.2275498233438,0.179371659690241
1103,"correct_conditional",NA,1.22015317416508,0.253480272188513
1104,"history_naive",15,9.68656422422179e+285,9.68656422422179e+285
1104,"practical_naive",NA,1.0028,0.162866079893264
1104,"correct_conditional",NA,1.0028,0.256317097681218
1105,"history_naive",14,9.69626048470647e+285,9.69626048470647e+285
1105,"practical_naive",NA,1.73093819524912,0.119679588379321
1105,"correct_conditional",NA,1.91822581971641,0.452854722168451
1106,"history_naive",14,9.78396476548577e+285,9.78396476548577e+285
1106,"practical_naive",NA,1.02964429708131,0.21968139409989
1106,"correct_conditional",NA,1.04587869737887,0.342833016771906
1107,"history_naive",14,7.31598165997468e+285,4.87732110664979e+285
1107,"practical_naive",NA,2.52961628285203,0.152768866306809
1107,"correct_conditional",NA,3.9419934193065,0.300348902911321
1108,"history_naive",15,9.72540754083175e+285,9.72540754083175e+285
1108,"practical_naive",NA,1.26122573747342,0.291645199009068
1108,"correct_conditional",NA,1.28086447885689,0.60948761677747
1109,"history_naive",15,9.40955144100848e+285,9.40955144100848e+285
1109,"practical_naive",NA,3.48771073086483,0.17398167558548
1109,"correct_conditional",NA,2.02280243461156,0.294236654495016
1110,"history_naive",14,9.94184684273173e+285,9.94184684273173e+285
1110,"practical_naive",NA,1.05366663973488,0.440531836135183
1110,"correct_conditional",NA,1.00959552925707,0.133138766744316
1111,"history_naive",14,7.22867112894428e+285,4.81911408596286e+285
1111,"practical_naive",NA,1.04231441358094,0.269155624724118
1111,"correct_conditional",NA,1.1037761336357,0.439479746745397
1112,"history_naive",14,7.37477376893215e+285,4.91651584595477e+285
1112,"practical_naive",NA,1.7462314931147,0.464412513161873
1112,"correct_conditional",NA,2.61985740065289,0.455759995630735
1113,"history_naive",14,7.25040058675316e+285,4.83360039116877e+285
1113,"practical_naive",NA,3.38628960904158,0.352374163518024
1113,"correct_conditional",NA,1.42145071595755,0.344767778584235
1114,"history_naive",14,9.59973305006373e+285,9.59973305006373e+285
1114,"practical_naive",NA,2.63304000929946,0.39239627459687
1114,"correct_conditional",NA,1.23564735349214,0.13099775176824
1115,"history_naive",15,9.93190499588901e+285,9.93190499588901e+285
1115,"practical_naive",NA,1.25042228021594,0.276398578711316
1115,"correct_conditional",NA,1.47870127559746,0.172098606500128
1116,"history_naive",14,7.13526017837527e+285,4.75684011891685e+285
1116,"practical_naive",NA,1.26079585666846,0.166159561047136
1116,"correct_conditional",NA,1.16163157021045,0.327288344052294
1117,"history_naive",14,9.79375852400978e+285,9.79375852400978e+285
1117,"practical_naive",381,31.8127678283976,0.0919144279008502
1117,"correct_conditional",NA,3.83832877414491,0.00837850288638193
1118,"history_naive",15,9.70596645115764e+285,9.70596645115764e+285
1118,"practical_naive",NA,1.17282983344913,0.227251969651239
1118,"correct_conditional",NA,1.10568837875727,0.30455936573759
1119,"history_naive",15,9.79375852400977e+285,9.79375852400977e+285
1119,"practical_naive",NA,2.9349155389944,1.70885570900554
1119,"correct_conditional",NA,3.7259947488499,1.13192400826529
1120,"history_naive",15,9.6575335815552e+285,9.6575335815552e+285
1120,"practical_naive",NA,1.02807918782241,0.175719279401427
1120,"correct_conditional",NA,1.06022063857785,0.517318223251023
1121,"history_naive",14,9.69626048470647e+285,9.69626048470647e+285
1121,"practical_naive",NA,1.47606337438335,0.229941398318738
1121,"correct_conditional",NA,1.74483036247317,0.292527356646743
1122,"history_naive",14,9.88234469069008e+285,9.88234469069008e+285
1122,"practical_naive",NA,1.35527457135159,0.192248313232893
1122,"correct_conditional",NA,2.95048668587772,0.486209023313906
1123,"history_naive",14,9.72540754083173e+285,9.72540754083173e+285
1123,"practical_naive",NA,1.73759414207385,0.196436924388286
1123,"correct_conditional",NA,1.51782390529977,0.864188832056047
1124,"history_naive",15,7.1567088419313e+285,4.7711392279542e+285
1124,"practical_naive",NA,1.5867668488592,0.076954535004658
1124,"correct_conditional",NA,2.32685867399157,0.616912407820133
1125,"history_naive",15,9.78396476548575e+285,9.78396476548575e+285
1125,"practical_naive",NA,1.00498466223497,0.254132268187336
1125,"correct_conditional",NA,1.44680914957674,0.852684373795003
1126,"history_naive",14,9.61896135380997e+285,9.61896135380997e+285
1126,"practical_naive",NA,1.86728066693266,0.168434287337865
1126,"correct_conditional",NA,1.66657684570694,0.623539665777105
1127,"history_naive",14,9.69626048470646e+285,9.69626048470646e+285
1127,"practical_naive",NA,3.35354957833717,0.170709690043142
1127,"correct_conditional",NA,2.57832278625279,0.0899409035574909
1128,"history_naive",14,9.56139167787241e+285,9.56139167787241e+285
1128,"practical_naive",NA,4.86198510357648,0.0448696473988452
1128,"correct_conditional",NA,1.9384030295561,0.0180626562619201
1129,"history_naive",15,9.78396476548572e+285,9.78396476548572e+285
1129,"practical_naive",NA,1.54353723310699,0.103873687465103
1129,"correct_conditional",NA,1.76978361664155,0.316702976182515
1130,"history_naive",14,7.17104375840432e+285,4.78069583893621e+285
1130,"practical_naive",NA,2.18630705249417,0.25872501464289
1130,"correct_conditional",NA,1.01678922026667,0.115366500506957
1131,"history_naive",14,9.83303169190957e+285,9.83303169190957e+285
1131,"practical_naive",NA,1.65241320733691,0.112634513221481
1131,"correct_conditional",NA,1.86828658142388,0.221932578793053
1132,"history_naive",15,9.75464221329963e+285,9.75464221329963e+285
1132,"practical_naive",NA,1.16296220755737,0.191167943837451
1132,"correct_conditional",NA,1.10284541587162,0.31786452509976
1133,"history_naive",15,7.17104375840433e+285,4.78069583893622e+285
1133,"practical_naive",179,38.0576338359494,0.0416696738962437
1133,"correct_conditional",NA,7.6219803372164,0.00691066251823828
1134,"history_naive",15,9.61896135380999e+285,9.61896135380999e+285
1134,"practical_naive",NA,2.12458965769854,0.970856351434077
1134,"correct_conditional",NA,2.50027339442685,0.95092270713679
1135,"history_naive",14,9.82319866021762e+285,9.82319866021762e+285
1135,"practical_naive",NA,1.9273593408079,0.247832814633793
1135,"correct_conditional",NA,1.17312399456525,0.296670646679698
1136,"history_naive",15,9.85272729376976e+285,9.85272729376976e+285
1136,"practical_naive",NA,1.48251866607364,0.136239311429312
1136,"correct_conditional",NA,1.21570726063629,0.334679573547012
1137,"history_naive",14,9.77418080072023e+285,9.77418080072023e+285
1137,"practical_naive",NA,1.26212177485426,0.288379872408128
1137,"correct_conditional",NA,1.09920005036038,0.280097645618684
1138,"history_naive",14,7.25040058675311e+285,4.83360039116874e+285
1138,"practical_naive",NA,2.49320017308929,0.222942839933723
1138,"correct_conditional",NA,1.68352505920432,0.119028400206706
1139,"history_naive",15,9.69626048470641e+285,9.69626048470641e+285
1139,"practical_naive",NA,7.05768301276386,0.0182518937811061
1139,"correct_conditional",NA,8.3575891844782,0.0703955106343381
1140,"history_naive",15,9.68656422422179e+285,9.68656422422179e+285
1140,"practical_naive",NA,3.4166037024529,0.0301171808836349
1140,"correct_conditional",NA,3.75188585736315,0.0417736136365695
1141,"history_naive",14,7.24315018616639e+285,4.82876679077759e+285
1141,"practical_naive",NA,1.509967477211,0.196857213542873
1141,"correct_conditional",NA,1.03071163834349,0.328913045412384
1142,"history_naive",14,7.36739899516324e+285,4.91159933010883e+285
1142,"practical_naive",NA,1.40534581701381,0.2206718167295
1142,"correct_conditional",NA,3.72529218435521,1.25008971999606
1143,"history_naive",14,9.58054318369664e+285,9.58054318369664e+285
1143,"practical_naive",NA,1.64751734214857,0.45826341017389
1143,"correct_conditional",NA,1.06065246034015,0.442032232948736
1144,"history_naive",14,9.70596645115762e+285,9.70596645115762e+285
1144,"practical_naive",NA,2.91881902897689,0.289844460153426
1144,"correct_conditional",NA,1.78971522361336,0.131591695616526
1145,"history_naive",14,7.41175851801759e+285,4.94117234534506e+285
1145,"practical_naive",NA,7.49035651034721,0.773318653495346
1145,"correct_conditional",762,40.7224251341682,5.44818790536248
1146,"history_naive",14,7.22867112894424e+285,4.81911408596283e+285
1146,"practical_naive",NA,1.09272283715647,0.292547343790842
1146,"correct_conditional",NA,1.00915645365532,0.589749961401447
1147,"history_naive",15,7.3306356005402e+285,4.88709040036014e+285
1147,"practical_naive",NA,1.02152403048004,0.217218564229747
1147,"correct_conditional",NA,1.10528986946335,0.211259926329037
1148,"history_naive",14,9.70596645115765e+285,9.70596645115765e+285
1148,"practical_naive",NA,2.69995671473228,0.211839400918508
1148,"correct_conditional",NA,3.63263403256025,0.190465230305309
1149,"history_naive",14,7.22144245781526e+285,4.81429497187684e+285
1149,"practical_naive",NA,10.0160160916929,1.66469475387989
1149,"correct_conditional",NA,9.54676197562039,0.643287641681753
1150,"history_naive",14,9.80356208609585e+285,9.80356208609585e+285
1150,"practical_naive",NA,1.03121059580503,0.199516957460027
1150,"correct_conditional",NA,1.01641473916784,0.275236999372994
1151,"history_naive",15,9.79375852400978e+285,9.79375852400978e+285
1151,"practical_naive",NA,5.10010749090159,0.105133923543618
1151,"correct_conditional",NA,2.15492806668824,0.613303723859312
1152,"history_naive",14,7.36739899516324e+285,4.91159933010882e+285
1152,"practical_naive",NA,1.14012866231755,0.20295987512633
1152,"correct_conditional",NA,1.08657890125908,0.161067310998747
1153,"history_naive",14,9.6478760479736e+285,9.6478760479736e+285
1153,"practical_naive",NA,1.73644570387509,0.0704896865497739
1153,"correct_conditional",NA,1.84839120966497,0.0937166243731638
1154,"history_naive",14,9.57096264051295e+285,9.57096264051295e+285
1154,"practical_naive",NA,1.21467602352817,0.230110394778704
1154,"correct_conditional",NA,1.08090177244388,0.269337520217478
1155,"history_naive",15,7.19979978754777e+285,4.79986652503184e+285
1155,"practical_naive",682,21.8851915318527,0.941992759507772
1155,"correct_conditional",NA,7.21224701323188,6.07873008028839
1156,"history_naive",14,7.17104375840432e+285,4.78069583893622e+285
1156,"practical_naive",NA,2.82554831840594,0.185928687259004
1156,"correct_conditional",NA,1.12261527795124,0.0681225068674288
1157,"history_naive",14,7.27947483836822e+285,4.85298322557881e+285
1157,"practical_naive",NA,1.06598493361196,0.190192108296941
1157,"correct_conditional",NA,1.00816576775474,0.156963598735489
1158,"history_naive",14,7.37477376893215e+285,4.91651584595477e+285
1158,"practical_naive",NA,1.37678861808519,0.234937451493444
1158,"correct_conditional",NA,1.20600174709099,0.260972734978256
1159,"history_naive",14,9.72540754083176e+285,9.72540754083176e+285
1159,"practical_naive",NA,2.65268692521669,0.194138699335584
1159,"correct_conditional",NA,10.5838756025489,1.78103689311634
1160,"history_naive",14,7.12099679327872e+285,4.74733119551915e+285
1160,"practical_naive",NA,2.59825676006189,0.217202530935476
1160,"correct_conditional",NA,1.95382645936961,0.314310239411316
1161,"history_naive",15,7.4713203013312e+285,4.98088020088747e+285
1161,"practical_naive",NA,1.1839659037335,0.349994532569331
1161,"correct_conditional",NA,1.14125075652196,0.930306868684179
1162,"history_naive",14,9.59013331701366e+285,9.59013331701366e+285
1162,"practical_naive",NA,9.23350972163398,0.463799715337754
1162,"correct_conditional",NA,8.23093291944722,0.142395188258431
1163,"history_naive",15,9.73514268351534e+285,9.73514268351534e+285
1163,"practical_naive",NA,1.69905640997453,0.549530636225857
1163,"correct_conditional",NA,1.09060790059169,0.228608083561943
1164,"history_naive",14,9.54227845590834e+285,9.54227845590834e+285
1164,"practical_naive",NA,7.19154274028321,0.295776817406266
1164,"correct_conditional",NA,17.752232566671,1.33556383655684
1165,"history_naive",14,9.89223692761778e+285,9.89223692761778e+285
1165,"practical_naive",NA,3.62628092237638,0.133007085073608
1165,"correct_conditional",NA,3.97222689131504,1.88805193940799
1166,"history_naive",15,9.72540754083176e+285,9.72540754083176e+285
1166,"practical_naive",NA,3.10233151420359,0.210370572882358
1166,"correct_conditional",NA,2.48734628904221,0.0946627218947525
1167,"history_naive",14,7.34531889300736e+285,4.89687926200491e+285
1167,"practical_naive",NA,2.11036203146834,0.064102071091332
1167,"correct_conditional",NA,1.65878104408553,0.0438435233929421
1168,"history_naive",15,9.90213906668447e+285,9.90213906668447e+285
1168,"practical_naive",NA,2.32577399130822,0.0990720815220208
1168,"correct_conditional",NA,1.45936154393839,0.106639772114026
1169,"history_naive",14,9.79375852400973e+285,9.79375852400973e+285
1169,"practical_naive",NA,1.52536468377043,0.156343889996565
1169,"correct_conditional",NA,2.46381669640347,0.564865248070614
1170,"history_naive",14,7.31598165997471e+285,4.87732110664981e+285
1170,"practical_naive",NA,2.15069879271439,0.16021815641541
1170,"correct_conditional",NA,1.33973090589505,0.12058862031203
1171,"history_naive",15,7.22144245781529e+285,4.81429497187686e+285
1171,"practical_naive",NA,1.52443717440199,0.120701915992264
1171,"correct_conditional",NA,2.56576628070734,0.326801973842306
1172,"history_naive",14,7.05716358075638e+285,4.70477572050426e+285
1172,"practical_naive",NA,2.57575952170712,0.262881968888766
1172,"correct_conditional",NA,2.68194997279049,0.394703425226352
1173,"history_naive",14,9.50416655759592e+285,9.50416655759592e+285
1173,"practical_naive",NA,1.40475175688713,0.165766281754791
1173,"correct_conditional",NA,1.42088824678643,0.139818516894595
1174,"history_naive",15,9.71568213329086e+285,9.71568213329086e+285
1174,"practical_naive",NA,1.38860256820404,0.279937605009271
1174,"correct_conditional",NA,1.42500279835411,0.537699483511658
1175,"history_naive",14,9.60934239245618e+285,9.60934239245618e+285
1175,"practical_naive",NA,6.63242141445543,0.147805364406485
1175,"correct_conditional",NA,2.8198033129482,0.610436006756348
1176,"history_naive",14,9.84287456647603e+285,9.84287456647603e+285
1176,"practical_naive",NA,2.99732039293121,0.153616985751992
1176,"correct_conditional",NA,1.7943483713879,0.350349089555642
1177,"history_naive",14,7.23590703598021e+285,4.82393802398681e+285
1177,"practical_naive",NA,1.01842696743597,0.239890163373404
1177,"correct_conditional",NA,1.31430798429435,0.775887359146958
1178,"history_naive",14,9.84287456647602e+285,9.84287456647602e+285
1178,"practical_naive",NA,1.16130583498652,0.224411954160714
1178,"correct_conditional",NA,1.20419174121349,0.383069142275566
1179,"history_naive",14,7.21422101535751e+285,4.80948067690501e+285
1179,"practical_naive",NA,1.518647330738,0.255912071698055
1179,"correct_conditional",NA,1.53843714394108,0.300626080581889
1180,"history_naive",14,7.06422780856495e+285,4.70948520570996e+285
1180,"practical_naive",NA,1.0849405895748,0.384120780434563
1180,"correct_conditional",NA,1.11540235400819,0.298164284011557
1181,"history_naive",15,9.44728393080793e+285,9.44728393080793e+285
1181,"practical_naive",NA,1.46164552192107,0.1947560943196
1181,"correct_conditional",NA,1.68574705389038,0.468701921613601
1182,"history_naive",14,9.60934239245614e+285,9.60934239245614e+285
1182,"practical_naive",NA,1.9633834532968,0.181901955751256
1182,"correct_conditional",NA,1.62823935208332,0.232657623967107
1183,"history_naive",14,9.64787604797364e+285,9.64787604797364e+285
1183,"practical_naive",NA,2.59133965014994,0.109049837828412
1183,"correct_conditional",NA,2.75829876327117,0.338750904427869
1184,"history_naive",14,9.84287456647605e+285,9.84287456647605e+285
1184,"practical_naive",NA,1.75188922666107,0.170301577343098
1184,"correct_conditional",NA,6.38060281429673,1.46525726576855
1185,"history_naive",15,9.65753358155524e+285,9.65753358155524e+285
1185,"practical_naive",NA,1.13901082517187,0.225189844489648
1185,"correct_conditional",NA,1.00583990838017,0.200922619727762
1186,"history_naive",14,9.65753358155521e+285,9.65753358155521e+285
1186,"practical_naive",NA,14.9169571246998,5.85899868431992
1186,"correct_conditional",2495,30.7894825034973,15.1695339874728
1187,"history_naive",15,9.54227845590836e+285,9.54227845590836e+285
1187,"practical_naive",NA,1.02883398515002,0.215719164798022
1187,"correct_conditional",NA,1.01635143730511,0.527099221547751
1188,"history_naive",14,9.65753358155519e+285,9.65753358155519e+285
1188,"practical_naive",NA,1.24445581768953,0.13897367124071
1188,"correct_conditional",NA,1.20453284942513,0.0188824107117125
1189,"history_naive",15,9.73514268351529e+285,9.73514268351529e+285
1189,"practical_naive",NA,1.55792776342665,0.210274133204187
1189,"correct_conditional",NA,1.54205247305896,0.268373272124167
1190,"history_naive",14,9.82319866021766e+285,9.82319866021766e+285
1190,"practical_naive",NA,3.41593069208444,0.209960974796293
1190,"correct_conditional",NA,1.69389239259027,0.243557519412444
1191,"history_naive",14,9.84287456647601e+285,9.84287456647601e+285
1191,"practical_naive",NA,1.05131807525958,0.27512983388271
1191,"correct_conditional",NA,1.06640133301113,0.361176081810726
1192,"history_naive",14,9.81337546155741e+285,9.81337546155741e+285
1192,"practical_naive",NA,1.02404746641145,0.274299252557088
1192,"correct_conditional",NA,1.42544147476922,0.870300587908895
1193,"history_naive",14,9.50416655759592e+285,9.50416655759592e+285
1193,"practical_naive",NA,5.79629863393046,0.228242712367923
1193,"correct_conditional",NA,14.7692183061799,0.766505296390196
1194,"history_naive",14,9.84287456647607e+285,9.84287456647607e+285
1194,"practical_naive",NA,1.08897924942717,0.199212311230938
1194,"correct_conditional",NA,1.00426430769231,0.214812718848808
1195,"history_naive",14,9.78396476548575e+285,9.78396476548575e+285
1195,"practical_naive",NA,1.76687920847276,0.463299398456511
1195,"correct_conditional",NA,1.17883702337734,0.256676030092223
1196,"history_naive",14,9.96176040177493e+285,9.96176040177493e+285
1196,"practical_naive",NA,2.66978868618529,0.187504490552482
1196,"correct_conditional",NA,2.45771477141781,0.206443986467273
1197,"history_naive",15,9.9021390666844e+285,9.9021390666844e+285
1197,"practical_naive",NA,3.51163961744314,0.409882445923766
1197,"correct_conditional",NA,1.92842564161826,0.708944837297694
1198,"history_naive",14,9.75464221329967e+285,9.75464221329967e+285
1198,"practical_naive",NA,2.34602231225414,0.216597404399942
1198,"correct_conditional",NA,1.87224066606307,0.925078912454013
1199,"history_naive",14,7.30866567831473e+285,4.87244378554315e+285
1199,"practical_naive",NA,1.36687312336356,0.673637659614397
1199,"correct_conditional",NA,1.17929445604036,0.310621460347896
1200,"history_naive",15,9.6382281719257e+285,9.6382281719257e+285
1200,"practical_naive",NA,1.44770904241308,0.247501678511899
1200,"correct_conditional",NA,1.54715894266701,0.880978783246468
1201,"history_naive",14,9.73514268351524e+285,9.73514268351524e+285
1201,"practical_naive",NA,3.74544599417525,0.150754434265363
1201,"correct_conditional",NA,2.35593454393626,0.196158700680487
1202,"history_naive",15,9.51368023783374e+285,9.51368023783374e+285
1202,"practical_naive",NA,1.60665313644818,0.409487036030902
1202,"correct_conditional",NA,3.36474302141333,1.13525117417574
1203,"history_naive",14,9.87246234599945e+285,9.87246234599945e+285
1203,"practical_naive",NA,8.70017547920602,0.00971131425019004
1203,"correct_conditional",NA,3.70325926026634,0.0282469610346287
1204,"history_naive",15,9.84287456647605e+285,9.84287456647605e+285
1204,"practical_naive",NA,2.08249831712123,0.437640665969481
1204,"correct_conditional",NA,1.41408523990372,0.466260109662766
1205,"history_naive",14,7.1281249181969e+285,4.75208327879793e+285
1205,"practical_naive",NA,1.38863759766735,0.20432196981398
1205,"correct_conditional",NA,1.13742976789447,0.581321973552757
1206,"history_naive",15,7.32330496493965e+285,4.88220330995977e+285
1206,"practical_naive",NA,1.52155682985464,0.0863878497910628
1206,"correct_conditional",NA,1.21393132077336,0.139972392228015
1207,"history_naive",15,9.62858994375372e+285,9.62858994375372e+285
1207,"practical_naive",NA,1.75963443761478,0.189887757065125
1207,"correct_conditional",NA,1.13507445133506,0.120998719883555
1208,"history_naive",14,9.67687765999757e+285,9.67687765999757e+285
1208,"practical_naive",NA,3.42302270349417,0.649810804115043
1208,"correct_conditional",NA,12.297663782907,4.72964231681147
1209,"history_naive",15,9.48516772864725e+285,9.48516772864725e+285
1209,"practical_naive",NA,1.1260023715246,0.184737509462021
1209,"correct_conditional",NA,2.41589595610728,0.932853989415303
1210,"history_naive",14,7.2940556556238e+285,4.86270377041587e+285
1210,"practical_naive",NA,3.50102615807224,2.04944654588398
1210,"correct_conditional",NA,7.90796949547961,6.5730945943003
1211,"history_naive",14,9.77418080072029e+285,9.77418080072029e+285
1211,"practical_naive",NA,4.75392210185148,0.293454701355143
1211,"correct_conditional",NA,2.78852406757575,0.780843006170851
1212,"history_naive",14,9.89223692761771e+285,9.89223692761771e+285
1212,"practical_naive",NA,1.64609681426272,0.27594989697713
1212,"correct_conditional",NA,1.58024762365103,0.467453605519071
1213,"history_naive",14,9.84287456647607e+285,9.84287456647607e+285
1213,"practical_naive",NA,1.29478385852347,0.150599971156569
1213,"correct_conditional",NA,1.2282077677634,0.109361609509384
1214,"history_naive",14,9.76440661991953e+285,9.76440661991953e+285
1214,"practical_naive",NA,1.75494626526715,0.955676494598441
1214,"correct_conditional",NA,2.48529920698292,1.33866864370829
1215,"history_naive",14,7.44892874691676e+285,4.96595249794451e+285
1215,"practical_naive",NA,1.14620364388666,0.117466725503908
1215,"correct_conditional",NA,1.57166630564012,0.381552315461909
1216,"history_naive",14,9.71568213329089e+285,9.71568213329089e+285
1216,"practical_naive",NA,1.18304175313402,0.212299036865762
1216,"correct_conditional",NA,1.44209778142495,0.781552526028184
1217,"history_naive",14,9.44728393080783e+285,9.44728393080783e+285
1217,"practical_naive",NA,1.21027431842832,0.726999176814409
1217,"correct_conditional",NA,1.30321172611774,0.959985236152892
1218,"history_naive",14,7.17822198038468e+285,4.78548132025645e+285
1218,"practical_naive",NA,1.01452229086134,0.228402873510151
1218,"correct_conditional",NA,1.00297085482261,0.425394125529334
1219,"history_naive",15,9.40955144100856e+285,9.40955144100856e+285
1219,"practical_naive",NA,1.40720684914902,0.13240941596631
1219,"correct_conditional",NA,1.95607601904661,0.320243359796783
1220,"history_naive",14,9.78396476548576e+285,9.78396476548576e+285
1220,"practical_naive",NA,1.12312685967978,0.308523668915331
1220,"correct_conditional",NA,1.1747292911921,0.76033347118031
1221,"history_naive",14,9.85272729376975e+285,9.85272729376975e+285
1221,"practical_naive",NA,2.7778911305052,0.158394441392687
1221,"correct_conditional",NA,1.55596287391995,0.155091424011467
1222,"history_naive",14,9.66720078233756e+285,9.66720078233756e+285
1222,"practical_naive",NA,1.11214193749663,0.392664446404303
1222,"correct_conditional",NA,1.36716451382863,0.188901946089375
1223,"history_naive",15,9.65753358155518e+285,9.65753358155518e+285
1223,"practical_naive",NA,1.59602140323359,0.115189968719103
1223,"correct_conditional",NA,1.27545813694341,0.423988205555767
1224,"history_naive",14,7.27219536352986e+285,4.84813024235324e+285
1224,"practical_naive",NA,1.88652138697773,0.183644054321993
1224,"correct_conditional",NA,1.8129776195987,0.463552167723537
1225,"history_naive",14,9.61896135381e+285,9.61896135381e+285
1225,"practical_naive",NA,1.09253253243867,0.356393692412069
1225,"correct_conditional",NA,1.12183863086008,0.334706365306921
1226,"history_naive",14,7.28676159996817e+285,4.85784106664545e+285
1226,"practical_naive",NA,3.56723493127806,0.240512297565266
1226,"correct_conditional",NA,6.31563205261796,3.57319751633323
1227,"history_naive",15,9.82319866021768e+285,9.82319866021768e+285
1227,"practical_naive",NA,1.02647766128656,0.20889089724183
1227,"correct_conditional",NA,1.14382308228078,0.433862978560812
1228,"history_naive",14,9.66720078233757e+285,9.66720078233757e+285
1228,"practical_naive",214,32.2272030626437,0.108794299417762
1228,"correct_conditional",214,39.3379218513211,1.80054023201181
1229,"history_naive",15,9.78396476548574e+285,9.78396476548574e+285
1229,"practical_naive",NA,2.40496668920342,0.303373284658156
1229,"correct_conditional",NA,1.53763103017043,0.463825476283236
1230,"history_naive",15,7.35267156457191e+285,4.90178104304794e+285
1230,"practical_naive",NA,1.32519312283832,0.202955549206289
1230,"correct_conditional",NA,1.20591191191129,0.419930593631469
1231,"history_naive",14,9.81337546155745e+285,9.81337546155745e+285
1231,"practical_naive",NA,1.59738230429289,0.147141296604595
1231,"correct_conditional",NA,2.58780372173305,0.981964092303265
1232,"history_naive",14,9.6478760479736e+285,9.6478760479736e+285
1232,"practical_naive",NA,1.02817245125661,0.39415089838157
1232,"correct_conditional",NA,1.04619321587651,0.323300916434433
1233,"history_naive",14,9.72540754083177e+285,9.72540754083177e+285
1233,"practical_naive",NA,2.26749722807282,0.270864263033282
1233,"correct_conditional",NA,1.6766793473337,0.622441293595171
1234,"history_naive",15,9.73514268351528e+285,9.73514268351528e+285
1234,"practical_naive",NA,1.23090546438368,0.300038364335891
1234,"correct_conditional",NA,1.11335514650136,0.662732152021736
1235,"history_naive",14,9.60934239245619e+285,9.60934239245619e+285
1235,"practical_naive",NA,3.18345601416836,0.257870637262336
1235,"correct_conditional",NA,2.70960971691498,0.115689940675192
1236,"history_naive",15,9.65753358155521e+285,9.65753358155521e+285
1236,"practical_naive",NA,7.50282676729563,0.326814824834356
1236,"correct_conditional",NA,8.2138311534228,0.267959743636774
1237,"history_naive",14,9.51368023783373e+285,9.51368023783373e+285
1237,"practical_naive",NA,1.49678350204495,0.178292744081015
1237,"correct_conditional",NA,1.19436769354932,0.320212024626381
1238,"history_naive",14,9.82319866021763e+285,9.82319866021763e+285
1238,"practical_naive",NA,3.18876153298909,0.457922172275031
1238,"correct_conditional",NA,2.60463830020244,0.3387110013998
1239,"history_naive",15,7.19259998776023e+285,4.79506665850682e+285
1239,"practical_naive",NA,1.60602500335796,0.90683518246326
1239,"correct_conditional",NA,1.09068627360357,0.967017251756819
1240,"history_naive",14,9.73514268351528e+285,9.73514268351528e+285
1240,"practical_naive",NA,1.27740890703884,0.249684202636223
1240,"correct_conditional",NA,1.22493418727137,0.394847261298646
1241,"history_naive",14,9.62858994375376e+285,9.62858994375376e+285
1241,"practical_naive",NA,1.58723560838751,0.182225425380977
1241,"correct_conditional",NA,1.24016205507696,0.284036484815241
1242,"history_naive",14,7.28676159996818e+285,4.85784106664545e+285
1242,"practical_naive",NA,1.63974702357232,0.16740401050592
1242,"correct_conditional",NA,3.97599531634185,1.1391843241186
1243,"history_naive",14,7.16387271464591e+285,4.77591514309728e+285
1243,"practical_naive",NA,1.00164672189349,0.314118261868871
1243,"correct_conditional",NA,1.5308984623027,0.544587281592421
1244,"history_naive",14,9.80356208609588e+285,9.80356208609588e+285
1244,"practical_naive",NA,1.02332859377755,0.196203463894192
1244,"correct_conditional",NA,1.0605978507065,0.711610520165745
1245,"history_naive",14,7.34531889300732e+285,4.89687926200488e+285
1245,"practical_naive",NA,14.8148511748894,0.843458742249063
1245,"correct_conditional",NA,5.77297271981032,0.829933026582911
1246,"history_naive",14,9.64787604797365e+285,9.64787604797365e+285
1246,"practical_naive",NA,1.31785477466704,0.208480499569297
1246,"correct_conditional",NA,1.19332425589082,0.237757923051795
1247,"history_naive",14,7.33063560054022e+285,4.88709040036015e+285
1247,"practical_naive",NA,1.42025858862993,0.18859579362546
1247,"correct_conditional",NA,3.18655237019904,1.17256965403828
1248,"history_naive",14,7.33063560054024e+285,4.88709040036016e+285
1248,"practical_naive",NA,1.68995663893773,0.369000455667202
1248,"correct_conditional",NA,1.29605387971111,0.341602041755921
1249,"history_naive",14,7.27947483836819e+285,4.85298322557879e+285
1249,"practical_naive",NA,9.71869413617373,0.214753175979796
1249,"correct_conditional",NA,10.2980186314789,2.24909265032881
1250,"history_naive",14,9.59973305006372e+285,9.59973305006372e+285
1250,"practical_naive",NA,2.84948180060488,0.260476754859609
1250,"correct_conditional",NA,1.53754733141774,0.118426668223434
1251,"history_naive",14,9.72540754083182e+285,9.72540754083182e+285
1251,"practical_naive",NA,2.70273229950591,0.0525999346556359
1251,"correct_conditional",NA,1.59308938702075,0.0612075175983802
1252,"history_naive",15,9.68656422422179e+285,9.68656422422179e+285
1252,"practical_naive",NA,1.13336666186518,0.184705949007018
1252,"correct_conditional",NA,1.01197813699203,0.44325796898658
1253,"history_naive",15,7.27219536352989e+285,4.84813024235326e+285
1253,"practical_naive",NA,1.06428193441268,0.197834892410556
1253,"correct_conditional",NA,1.31965808599674,0.358206527552913
1254,"history_naive",14,9.55183028619451e+285,9.55183028619451e+285
1254,"practical_naive",NA,1.23314963722534,0.16292478356081
1254,"correct_conditional",NA,1.36710256812242,0.474526286825283
1255,"history_naive",14,9.77418080072029e+285,9.77418080072029e+285
1255,"practical_naive",NA,1.52346169404649,0.201158102935978
1255,"correct_conditional",NA,2.27592378694324,0.424823656461906
1256,"history_naive",14,9.81337546155741e+285,9.81337546155741e+285
1256,"practical_naive",NA,2.8628359462305,1.37025096982495
1256,"correct_conditional",NA,1.23030252683106,0.193292103693252
1257,"history_naive",14,7.44147981816987e+285,4.96098654544658e+285
1257,"practical_naive",NA,3.81162397094513,0.250998930109368
1257,"correct_conditional",NA,3.97217034418013,1.65455564235183
1258,"history_naive",15,9.45674067147933e+285,9.45674067147933e+285
1258,"practical_naive",NA,1.83336412588396,0.203266619121958
1258,"correct_conditional",NA,2.33352711774638,0.610506159327355
1259,"history_naive",14,7.32330496493971e+285,4.88220330995981e+285
1259,"practical_naive",NA,1.74864502382466,0.0351501699230603
1259,"correct_conditional",NA,4.3288825152337,1.02810757546042
1260,"history_naive",15,9.66720078233754e+285,9.66720078233754e+285
1260,"practical_naive",NA,1.39346058606544,0.405120549117775
1260,"correct_conditional",NA,1.01626505020671,0.263015759432648
1261,"history_naive",15,9.60934239245621e+285,9.60934239245621e+285
1261,"practical_naive",NA,2.51149225087127,0.243675432031899
1261,"correct_conditional",NA,3.26843774004125,0.497138770541234
1262,"history_naive",15,7.37477376893215e+285,4.91651584595476e+285
1262,"practical_naive",NA,1.6565191119071,0.208931879896897
1262,"correct_conditional",NA,1.1205920169119,0.136517678609033
1263,"history_naive",15,9.44728393080787e+285,9.44728393080787e+285
1263,"practical_naive",NA,9.41576802408866,0.0195574758179874
1263,"correct_conditional",198,41.393228907798,0.236614366417306
1264,"history_naive",15,9.78396476548579e+285,9.78396476548579e+285
1264,"practical_naive",NA,2.71792962298689,0.0893074508078437
1264,"correct_conditional",NA,2.9754977756584,0.0461939620585349
1265,"history_naive",14,7.22867112894426e+285,4.81911408596284e+285
1265,"practical_naive",NA,1.49918919390328,0.198008845043345
1265,"correct_conditional",NA,1.01365424112537,0.145054784631856
1266,"history_naive",15,9.5997330500637e+285,9.5997330500637e+285
1266,"practical_naive",NA,1.16003755941468,0.278145436901549
1266,"correct_conditional",NA,1.0905279408745,0.764540189301936
1267,"history_naive",14,9.94184684273178e+285,9.94184684273178e+285
1267,"practical_naive",NA,1.04792955745802,0.215452348560205
1267,"correct_conditional",NA,1.10211725157137,0.430267332128101
1268,"history_naive",14,9.59973305006367e+285,9.59973305006367e+285
1268,"practical_naive",NA,1.66462275788791,0.272612725878817
1268,"correct_conditional",NA,2.20071050031094,0.352673990770112
1269,"history_naive",15,7.22867112894424e+285,4.81911408596283e+285
1269,"practical_naive",NA,1.39348892751144,0.163478391187657
1269,"correct_conditional",NA,1.002,0.0238188239929852
1270,"history_naive",14,9.65753358155522e+285,9.65753358155522e+285
1270,"practical_naive",NA,1.2258445324525,0.202886812878476
1270,"correct_conditional",NA,1.26000461597694,0.368387336377869
1271,"history_naive",14,9.59013331701367e+285,9.59013331701367e+285
1271,"practical_naive",NA,1.09141495779855,0.364136298453877
1271,"correct_conditional",NA,1.2217881646253,0.495488275638124
1272,"history_naive",15,9.52320344127506e+285,9.52320344127506e+285
1272,"practical_naive",NA,1.79633997974072,0.225639311340685
1272,"correct_conditional",NA,1.47043732900974,0.134780216794241
1273,"history_naive",14,9.70596645115762e+285,9.70596645115762e+285
1273,"practical_naive",NA,1.28718862430814,0.206840095532543
1273,"correct_conditional",NA,1.42141935856151,0.32398678453874
1274,"history_naive",14,9.41897041141998e+285,9.41897041141998e+285
1274,"practical_naive",NA,1.1510070431179,0.304071380866043
1274,"correct_conditional",NA,1.16667678945481,0.661229536172998
1275,"history_naive",15,9.59013331701367e+285,9.59013331701367e+285
1275,"practical_naive",NA,1.23323088156031,0.769629321893861
1275,"correct_conditional",NA,1.87620061361682,0.88158927179989
1276,"history_naive",14,9.86258988365348e+285,9.86258988365348e+285
1276,"practical_naive",NA,5.94856649113147,0.285134924280975
1276,"correct_conditional",NA,4.76055769320678,1.03205384665698
1277,"history_naive",14,9.77418080072025e+285,9.77418080072025e+285
1277,"practical_naive",NA,1.52468692678778,0.162583923012138
1277,"correct_conditional",NA,2.38375444502114,0.376597881406772
1278,"history_naive",14,7.36003159616809e+285,4.90668773077872e+285
1278,"practical_naive",NA,1.15533891425717,0.198875292349669
1278,"correct_conditional",NA,1.09488040409048,0.341918471671194
1279,"history_naive",15,9.81337546155743e+285,9.81337546155743e+285
1279,"practical_naive",NA,1.61567973411046,0.176154536203368
1279,"correct_conditional",NA,1.7682542042237,0.117016334538202
1280,"history_naive",15,7.21422101535742e+285,4.80948067690495e+285
1280,"practical_naive",NA,5.66380506152309,0.105018487200448
1280,"correct_conditional",NA,2.27413743325135,0.127347349958931
1281,"history_naive",14,7.33063560054021e+285,4.88709040036014e+285
1281,"practical_naive",NA,1.13043960696413,0.271618854633266
1281,"correct_conditional",NA,1.22682487809291,0.585234578766662
1282,"history_naive",15,9.61896135381e+285,9.61896135381e+285
1282,"practical_naive",NA,8.63171752871216,0.0439917562510708
1282,"correct_conditional",NA,5.37026301618665,0.112341784275608
1283,"history_naive",14,9.75464221329963e+285,9.75464221329963e+285
1283,"practical_naive",NA,1.06176663587599,0.311336811638369
1283,"correct_conditional",NA,1.93064819808263,1.02273391459429
1284,"history_naive",14,9.89223692761779e+285,9.89223692761779e+285
1284,"practical_naive",NA,3.39078782858065,0.0704149014077882
1284,"correct_conditional",498,22.2218537817265,1.00799574576705
1285,"history_naive",14,9.74488757108636e+285,9.74488757108636e+285
1285,"practical_naive",NA,2.2697041405705,0.134330641122358
1285,"correct_conditional",NA,1.76100544176523,0.197085929485949
1286,"history_naive",14,9.74488757108632e+285,9.74488757108632e+285
1286,"practical_naive",NA,2.50146019276244,0.119066519231842
1286,"correct_conditional",NA,1.65888773401371,0.166358244477038
1287,"history_naive",15,7.19979978754781e+285,4.79986652503187e+285
1287,"practical_naive",NA,1.07173018144382,0.232285304664545
1287,"correct_conditional",NA,1.12204494242383,0.508534600402872
1288,"history_naive",14,9.86258988365342e+285,9.86258988365342e+285
1288,"practical_naive",NA,1.02408160398447,0.197683336729653
1288,"correct_conditional",NA,1.00661723365188,0.174546981556374
1289,"history_naive",15,9.63822817192565e+285,9.63822817192565e+285
1289,"practical_naive",NA,1.28513654875271,0.41677086909957
1289,"correct_conditional",NA,3.02303364702794,1.24429556477964
1290,"history_naive",14,9.62858994375372e+285,9.62858994375372e+285
1290,"practical_naive",NA,2.18447741941452,0.223975634605457
1290,"correct_conditional",NA,1.37154170027642,0.403042643847471
1291,"history_naive",14,9.6672007823376e+285,9.6672007823376e+285
1291,"practical_naive",NA,1.13666868488611,0.291805914355122
1291,"correct_conditional",NA,1.16824100795923,0.762533367595166
1292,"history_naive",15,7.25040058675314e+285,4.83360039116876e+285
1292,"practical_naive",NA,2.0951887894391,0.0481219169012457
1292,"correct_conditional",NA,1.26623690835841,0.0362636537291046
1293,"history_naive",14,7.39694241274009e+285,4.93129494182672e+285
1293,"practical_naive",NA,4.00435303693787,2.04688847842547
1293,"correct_conditional",NA,1.53337586762012,0.570340633407968
1294,"history_naive",14,7.17822198038471e+285,4.78548132025648e+285
1294,"practical_naive",NA,5.81483836161743,2.68551192764786
1294,"correct_conditional",NA,1.19551892912086,0.120338431333596
1295,"history_naive",14,7.11387579648542e+285,4.74258386432361e+285
1295,"practical_naive",NA,1.55850805849244,0.267360193095372
1295,"correct_conditional",NA,2.11774336563882,0.715999013342696
1296,"history_naive",15,9.47568256091855e+285,9.47568256091855e+285
1296,"practical_naive",NA,1.61434250679926,0.146522463829213
1296,"correct_conditional",NA,2.01319693863162,0.333277925626449
1297,"history_naive",15,7.23590703598021e+285,4.8239380239868e+285
1297,"practical_naive",NA,16.5761392029474,15.0588978761197
1297,"correct_conditional",2545,32.5645576575032,23.5588160097698
1298,"history_naive",14,9.81337546155743e+285,9.81337546155743e+285
1298,"practical_naive",NA,2.03604810315482,0.112127055949866
1298,"correct_conditional",NA,1.85200779253923,0.0789922416310112
1299,"history_naive",14,9.68656422422177e+285,9.68656422422177e+285
1299,"practical_naive",NA,1.00784535508073,0.210550566115442
1299,"correct_conditional",NA,1.63479286569199,0.57180860309074
1300,"history_naive",14,7.36739899516324e+285,4.91159933010883e+285
1300,"practical_naive",NA,1.0144688383331,0.199552248752104
1300,"correct_conditional",NA,1.01690833674367,0.498950200632085
1301,"history_naive",15,9.88234469069013e+285,9.88234469069013e+285
1301,"practical_naive",NA,1.74897671106231,0.0999031909685268
1301,"correct_conditional",NA,1.15538602392246,0.072919669152505
1302,"history_naive",14,9.72540754083172e+285,9.72540754083172e+285
1302,"practical_naive",NA,1.13712986437471,0.206333005938505
1302,"correct_conditional",NA,1.07256461622746,0.231093134278327
1303,"history_naive",15,9.80356208609588e+285,9.80356208609588e+285
1303,"practical_naive",NA,1.2799626818217,0.937943006103856
1303,"correct_conditional",NA,1.28574358489392,0.45244796611146
1304,"history_naive",15,9.78396476548578e+285,9.78396476548578e+285
1304,"practical_naive",NA,1.82125590759044,0.223085058918114
1304,"correct_conditional",NA,2.28912950199473,0.449448577552853
1305,"history_naive",14,9.50416655759589e+285,9.50416655759589e+285
1305,"practical_naive",NA,4.23891315672142,0.412938879127472
1305,"correct_conditional",NA,2.32078127976058,1.45065469320357
1306,"history_naive",14,9.77418080072023e+285,9.77418080072023e+285
1306,"practical_naive",NA,1.50281650040044,0.474544112775171
1306,"correct_conditional",NA,1.33775414041914,0.438397448483056
1307,"history_naive",15,7.22144245781534e+285,4.81429497187689e+285
1307,"practical_naive",NA,2.38058227035602,0.117442473439757
1307,"correct_conditional",NA,2.63919664525385,0.473519318600675
1308,"history_naive",14,7.19259998776025e+285,4.79506665850684e+285
1308,"practical_naive",199,24.6657180412073,0.508626220602282
1308,"correct_conditional",185,55.4029633296383,0.70504457485528
1309,"history_naive",14,9.83303169190948e+285,9.83303169190948e+285
1309,"practical_naive",NA,1.09498454075069,0.298517865802375
1309,"correct_conditional",NA,1.82521268027854,0.936503976735146
1310,"history_naive",15,7.33063560054022e+285,4.88709040036014e+285
1310,"practical_naive",NA,1.01434657586221,0.241159035794981
1310,"correct_conditional",NA,1,0.197782614100027
1311,"history_naive",15,7.3969424127401e+285,4.93129494182674e+285
1311,"practical_naive",NA,1.00044489368994,0.203540964873344
1311,"correct_conditional",NA,1.00155430769231,0.187661574443818
1312,"history_naive",14,9.74488757108636e+285,9.74488757108636e+285
1312,"practical_naive",NA,1.69336352991365,0.199509409731396
1312,"correct_conditional",NA,1.13764923325504,0.154538431969614
1313,"history_naive",14,9.63822817192569e+285,9.63822817192569e+285
1313,"practical_naive",NA,1.11437674923392,0.223211751452209
1313,"correct_conditional",NA,1.46047068607842,0.899391889866493
1314,"history_naive",14,9.48516772864727e+285,9.48516772864727e+285
1314,"practical_naive",NA,14.8495602202179,0.252568189636647
1314,"correct_conditional",NA,5.37533471450572,0.0422938714729304
1315,"history_naive",14,9.7156821332909e+285,9.7156821332909e+285
1315,"practical_naive",NA,2.42146061833673,0.230049994374189
1315,"correct_conditional",NA,1.88501823926149,0.62708922647183
1316,"history_naive",14,9.6865642242218e+285,9.6865642242218e+285
1316,"practical_naive",NA,1.17649995652373,0.320327821095468
1316,"correct_conditional",NA,1.42398971238591,0.42102032781774
1317,"history_naive",14,9.63822817192565e+285,9.63822817192565e+285
1317,"practical_naive",NA,2.7050242907872,0.13290404263636
1317,"correct_conditional",NA,2.06724162873711,0.0631268172195776
1318,"history_naive",14,9.6382281719257e+285,9.6382281719257e+285
1318,"practical_naive",NA,3.68526528013358,0.11027994458769
1318,"correct_conditional",NA,3.89810077912886,0.389280875182305
1319,"history_naive",14,9.68656422422175e+285,9.68656422422175e+285
1319,"practical_naive",NA,4.95105623151262,0.360714922783098
1319,"correct_conditional",NA,4.67877300433922,0.136270346102147
1320,"history_naive",15,7.30866567831479e+285,4.87244378554319e+285
1320,"practical_naive",NA,1.10674253959029,0.321103193839503
1320,"correct_conditional",NA,1.15181993048749,0.534820861603759
1321,"history_naive",15,9.77418080072027e+285,9.77418080072027e+285
1321,"practical_naive",NA,1.24533305934516,0.543484153836508
1321,"correct_conditional",NA,1.17276703389039,0.188899782660652
1322,"history_naive",14,9.7156821332909e+285,9.7156821332909e+285
1322,"practical_naive",NA,2.98167389012675,0.141406410221681
1322,"correct_conditional",NA,2.45223726955227,0.210455852479299
1323,"history_naive",15,9.58054318369666e+285,9.58054318369666e+285
1323,"practical_naive",NA,1.09253162531687,0.219728354320692
1323,"correct_conditional",NA,1.0024,0.0794736572089969
1324,"history_naive",14,7.26492316816629e+285,4.84328211211086e+285
1324,"practical_naive",NA,1.26099663251766,0.182755496419028
1324,"correct_conditional",NA,2.06035727647032,0.772293908399357
1325,"history_naive",14,7.33063560054019e+285,4.88709040036013e+285
1325,"practical_naive",NA,3.5429077765157,0.451596189664904
1325,"correct_conditional",NA,1.35243704969124,0.429634977409737
1326,"history_naive",15,9.56139167787251e+285,9.56139167787251e+285
1326,"practical_naive",NA,1.41939175888483,0.24966070581011
1326,"correct_conditional",NA,1.04932109257039,0.246704417739825
1327,"history_naive",14,9.59013331701368e+285,9.59013331701368e+285
1327,"practical_naive",NA,1.84291547300247,0.0976787119721706
1327,"correct_conditional",NA,2.06056109387635,0.0846474178548864
1328,"history_naive",15,9.80356208609584e+285,9.80356208609584e+285
1328,"practical_naive",NA,1.11196105834286,0.307389016541328
1328,"correct_conditional",NA,1.21069774597329,0.636516144710027
1329,"history_naive",14,9.59973305006371e+285,9.59973305006371e+285
1329,"practical_naive",NA,1.7857123860412,0.18061524213898
1329,"correct_conditional",NA,1.75433461141109,0.216387516463649
1330,"history_naive",14,9.79375852400975e+285,9.79375852400975e+285
1330,"practical_naive",NA,1.0577969939659,0.253656853048249
1330,"correct_conditional",NA,1.29910792133602,0.527567663396629
1331,"history_naive",14,9.46620687835768e+285,9.46620687835768e+285
1331,"practical_naive",NA,1.45557873477182,0.167111251906256
1331,"correct_conditional",NA,1.13031401582553,0.123287531567257
1332,"history_naive",15,7.18540738777251e+285,4.79027159184834e+285
1332,"practical_naive",NA,1.52870002659792,0.192528767080639
1332,"correct_conditional",NA,1.41226200901716,0.264869418520555
1333,"history_naive",15,9.69626048470643e+285,9.69626048470643e+285
1333,"practical_naive",NA,1.14733913628447,0.326676474458278
1333,"correct_conditional",NA,1.08022296041568,0.410248037553908
1334,"history_naive",14,9.71568213329089e+285,9.71568213329089e+285
1334,"practical_naive",NA,2.41135522434469,0.189670520484069
1334,"correct_conditional",NA,2.48254749581341,0.0771429685277121
1335,"history_naive",14,9.55183028619459e+285,9.55183028619459e+285
1335,"practical_naive",NA,1.27517867050338,0.198837185795084
1335,"correct_conditional",NA,1.02049945694325,0.178302430248074
1336,"history_naive",15,9.81337546155743e+285,9.81337546155743e+285
1336,"practical_naive",NA,1,0.221961056638423
1336,"correct_conditional",NA,1,0.16905745170319
1337,"history_naive",15,7.27947483836819e+285,4.85298322557879e+285
1337,"practical_naive",NA,2.48346693019294,0.871668718981239
1337,"correct_conditional",NA,3.80134149965679,2.35232892805714
1338,"history_naive",15,9.67687765999753e+285,9.67687765999753e+285
1338,"practical_naive",NA,1.8616193451957,0.083051227312419
1338,"correct_conditional",NA,1.46378071353444,0.178441759711222
1339,"history_naive",15,9.75464221329963e+285,9.75464221329963e+285
1339,"practical_naive",NA,1.17574316418146,0.373557475480307
1339,"correct_conditional",NA,1.59476681490668,1.40488427693565
1340,"history_naive",14,9.6093423924562e+285,9.6093423924562e+285
1340,"practical_naive",NA,1.02948122251286,0.232319545064672
1340,"correct_conditional",NA,1.23384845297769,0.403419847694019
1341,"history_naive",15,9.68656422422176e+285,9.68656422422176e+285
1341,"practical_naive",NA,1.09733189699608,0.295148122029192
1341,"correct_conditional",NA,1.04743232507938,0.760680970761222
1342,"history_naive",14,7.09965515876827e+285,4.73310343917884e+285
1342,"practical_naive",NA,2.585242226747,0.304385256647999
1342,"correct_conditional",NA,2.07081250391437,0.269648628441561
1343,"history_naive",15,7.30866567831475e+285,4.87244378554317e+285
1343,"practical_naive",NA,3.31157963922554,0.0891738468567718
1343,"correct_conditional",NA,2.74416615629148,0.571704297242006
1344,"history_naive",15,9.51368023783373e+285,9.51368023783373e+285
1344,"practical_naive",NA,1.80389727103353,0.201438674692434
1344,"correct_conditional",NA,1.67567457507562,0.519273469204751
1345,"history_naive",15,9.91205111780222e+285,9.91205111780222e+285
1345,"practical_naive",NA,2.07568517774387,0.190358009524577
1345,"correct_conditional",NA,2.65586881255829,0.559892457416295
1346,"history_naive",15,9.40014188956747e+285,9.40014188956747e+285
1346,"practical_naive",NA,1.12051645345576,0.177437014260913
1346,"correct_conditional",NA,1.08565869438012,0.359374426092682
1347,"history_naive",14,9.77418080072026e+285,9.77418080072026e+285
1347,"practical_naive",NA,1.00014825968003,0.220220283779955
1347,"correct_conditional",NA,1.35656201194524,0.537386581297472
1348,"history_naive",15,9.55183028619456e+285,9.55183028619456e+285
1348,"practical_naive",NA,1.04455624560682,0.342353466878901
1348,"correct_conditional",NA,1.14691877413199,0.950924254200585
1349,"history_naive",15,7.32330496493966e+285,4.88220330995977e+285
1349,"practical_naive",NA,1.41711502114592,0.303839615732327
1349,"correct_conditional",NA,1.03581148695203,0.547683170622691
1350,"history_naive",14,9.66720078233756e+285,9.66720078233756e+285
1350,"practical_naive",NA,1.26141910147695,0.166698729501096
1350,"correct_conditional",NA,1.31577611662065,0.546540519750775
1351,"history_naive",14,9.76440661991953e+285,9.76440661991953e+285
1351,"practical_naive",NA,1.11708354404503,0.213720682698531
1351,"correct_conditional",NA,1.22064498025484,0.469533550661594
1352,"history_naive",14,7.09965515876827e+285,4.73310343917885e+285
1352,"practical_naive",NA,1.16126187261328,0.212815290003271
1352,"correct_conditional",NA,1.54260283661873,0.647068773099866
1353,"history_naive",14,9.64787604797364e+285,9.64787604797364e+285
1353,"practical_naive",NA,1.98990483253141,0.187086948862913
1353,"correct_conditional",NA,2.62035808673826,0.336447597673134
1354,"history_naive",14,7.22144245781532e+285,4.81429497187688e+285
1354,"practical_naive",NA,3.1996062112092,0.297236241105116
1354,"correct_conditional",NA,1.48613352146238,0.370757681700952
1355,"history_naive",15,9.8625898836535e+285,9.8625898836535e+285
1355,"practical_naive",NA,5.03910246431872,0.148906527657993
1355,"correct_conditional",NA,1.93828308877815,0.167991611898205
1356,"history_naive",14,7.19979978754779e+285,4.79986652503186e+285
1356,"practical_naive",NA,1.02855076080937,0.219478237071087
1356,"correct_conditional",NA,1.06524232280311,0.285698384743297
1357,"history_naive",14,9.68656422422174e+285,9.68656422422174e+285
1357,"practical_naive",NA,1.32867172273632,0.161872329251117
1357,"correct_conditional",NA,1.96258853032575,0.342449007040051
1358,"history_naive",14,7.36003159616808e+285,4.90668773077872e+285
1358,"practical_naive",NA,1.15587765612636,0.145433328320485
1358,"correct_conditional",NA,1.19972943696396,0.278282669566218
1359,"history_naive",14,9.73514268351525e+285,9.73514268351525e+285
1359,"practical_naive",NA,10.2225641968714,0.605035427905949
1359,"correct_conditional",NA,3.52004874606819,0.237190481161042
1360,"history_naive",14,9.70596645115765e+285,9.70596645115765e+285
1360,"practical_naive",NA,1.82366052287281,0.171667486406813
1360,"correct_conditional",NA,2.36557813082204,0.549130570936053
1361,"history_naive",15,7.36003159616811e+285,4.90668773077874e+285
1361,"practical_naive",NA,6.58788762051716,1.07552166987013
1361,"correct_conditional",NA,1.76724426510912,0.29951323431679
1362,"history_naive",14,9.78396476548577e+285,9.78396476548577e+285
1362,"practical_naive",NA,1.11187861401543,0.195419710983038
1362,"correct_conditional",NA,1.03633361292579,0.519820936007456
1363,"history_naive",14,9.65753358155516e+285,9.65753358155516e+285
1363,"practical_naive",NA,1.07606828695532,0.428086164279983
1363,"correct_conditional",NA,1.09205787672572,0.484989043155552
1364,"history_naive",15,9.7839647654858e+285,9.7839647654858e+285
1364,"practical_naive",NA,1.10153674102464,0.278070095241806
1364,"correct_conditional",NA,1.24123362920297,0.281632993680425
1365,"history_naive",15,9.48516772864723e+285,9.48516772864723e+285
1365,"practical_naive",NA,1.12205162977392,0.228845036623832
1365,"correct_conditional",NA,1.03436173207784,0.56892690509251
1366,"history_naive",14,9.51368023783369e+285,9.51368023783369e+285
1366,"practical_naive",NA,1.03101917821039,0.269966327293728
1366,"correct_conditional",NA,1.0140558433698,0.269622271985618
1367,"history_naive",14,9.86258988365348e+285,9.86258988365348e+285
1367,"practical_naive",NA,1.32431596452387,0.255124826048027
1367,"correct_conditional",NA,2.34521379252038,0.942566773095003
1368,"history_naive",15,7.32330496493968e+285,4.88220330995979e+285
1368,"practical_naive",NA,1.23360805288514,0.178135668145495
1368,"correct_conditional",NA,4.60168768789658,0.454941901983085
1369,"history_naive",14,9.76440661991955e+285,9.76440661991955e+285
1369,"practical_naive",NA,8.55093273130962,1.47374378096441
1369,"correct_conditional",NA,10.8592518002079,6.81863566295583
1370,"history_naive",14,9.5041665575959e+285,9.5041665575959e+285
1370,"practical_naive",NA,9.9865962162926,0.222049938307239
1370,"correct_conditional",NA,7.28153507324209,1.04504861525595
1371,"history_naive",14,7.25765824499816e+285,4.83843882999877e+285
1371,"practical_naive",NA,1.18706302789503,0.273299736218082
1371,"correct_conditional",NA,1.25590911800605,0.258222524789437
1372,"history_naive",15,7.27219536352982e+285,4.84813024235321e+285
1372,"practical_naive",NA,1.22876049276228,0.258349513730751
1372,"correct_conditional",NA,1.00832732981946,0.390060449281978
1373,"history_naive",14,9.69626048470648e+285,9.69626048470648e+285
1373,"practical_naive",NA,11.479571998079,0.216645803834248
1373,"correct_conditional",1158,41.1295250323245,2.64845215954403
1374,"history_naive",14,9.88234469069017e+285,9.88234469069017e+285
1374,"practical_naive",NA,1.22834090392845,0.296740691419691
1374,"correct_conditional",NA,1.00074621078207,0.206534142420166
1375,"history_naive",14,9.65753358155525e+285,9.65753358155525e+285
1375,"practical_naive",NA,1.47328367565308,0.158572868466258
1375,"correct_conditional",NA,1.29817179024825,0.16506286594585
1376,"history_naive",14,9.75464221329963e+285,9.75464221329963e+285
1376,"practical_naive",NA,1.06267684177264,0.182898136520301
1376,"correct_conditional",NA,1.06101333066456,0.455945623893582
1377,"history_naive",14,9.842874566476e+285,9.842874566476e+285
1377,"practical_naive",NA,1.55177393945217,0.254684142744926
1377,"correct_conditional",NA,1.43843037941994,0.445213845438181
1378,"history_naive",14,9.81337546155742e+285,9.81337546155742e+285
1378,"practical_naive",NA,2.31900366020725,0.247042707231664
1378,"correct_conditional",NA,2.00806836709563,0.448395530271927
1379,"history_naive",14,7.28676159996817e+285,4.85784106664545e+285
1379,"practical_naive",NA,2.99530755893638,0.498140476417221
1379,"correct_conditional",NA,2.84865596292959,0.20779296423157
1380,"history_naive",14,7.25765824499815e+285,4.83843882999876e+285
1380,"practical_naive",NA,1.16673492112818,0.400297896855268
1380,"correct_conditional",NA,1.08644499136449,0.877765785316581
1381,"history_naive",14,9.68656422422175e+285,9.68656422422175e+285
1381,"practical_naive",NA,1.52656204384691,0.191584242544573
1381,"correct_conditional",NA,1.16351124849337,0.194187569882541
1382,"history_naive",14,9.6478760479736e+285,9.6478760479736e+285
1382,"practical_naive",NA,1.01346937817751,0.177564423325116
1382,"correct_conditional",NA,1.10932495321601,0.673225751116243
1383,"history_naive",15,9.7351426835153e+285,9.7351426835153e+285
1383,"practical_naive",NA,1.63152331590556,0.7643696020761
1383,"correct_conditional",NA,3.77671839313664,2.38586206708157
1384,"history_naive",14,7.36739899516321e+285,4.91159933010881e+285
1384,"practical_naive",NA,2.14023449015253,0.84004404970916
1384,"correct_conditional",NA,1.20490588397146,0.6497171762736
1385,"history_naive",15,9.8133754615574e+285,9.8133754615574e+285
1385,"practical_naive",NA,1.51913248872544,0.208684953092881
1385,"correct_conditional",NA,1.03252857089058,0.180816893022737
1386,"history_naive",14,9.80356208609593e+285,9.80356208609593e+285
1386,"practical_naive",NA,5.33574309794985,0.0680188948018826
1386,"correct_conditional",NA,3.07937845636977,0.0289144205806363
1387,"history_naive",14,9.75464221329961e+285,9.75464221329961e+285
1387,"practical_naive",NA,1.25508975302468,0.453418583868863
1387,"correct_conditional",NA,1.13754352681427,0.432828289130495
1388,"history_naive",14,9.90213906668448e+285,9.90213906668448e+285
1388,"practical_naive",NA,2.29055290717414,0.18726390237433
1388,"correct_conditional",NA,3.00154921202368,1.60406284205692
1389,"history_naive",14,9.78396476548575e+285,9.78396476548575e+285
1389,"practical_naive",NA,1.35057746238258,0.094311288852892
1389,"correct_conditional",NA,1.19820472258623,0.0963601768131033
1390,"history_naive",14,7.18540738777247e+285,4.79027159184831e+285
1390,"practical_naive",NA,1.81364286929043,0.218611305876696
1390,"correct_conditional",NA,1.08494801918299,0.372143490521317
1391,"history_naive",15,9.54227845590833e+285,9.54227845590833e+285
1391,"practical_naive",NA,1.14025468946098,0.201651836439502
1391,"correct_conditional",NA,1.83117586662703,0.600034082727405
1392,"history_naive",15,9.80356208609587e+285,9.80356208609587e+285
1392,"practical_naive",NA,2.6325288184304,1.93273697872801
1392,"correct_conditional",NA,4.93201300885617,4.42094966894494
1393,"history_naive",14,9.96176040177491e+285,9.96176040177491e+285
1393,"practical_naive",NA,1.54574379100541,0.228854545856963
1393,"correct_conditional",NA,2.38634740169329,1.56728598427765
1394,"history_naive",15,7.23590703598023e+285,4.82393802398682e+285
1394,"practical_naive",NA,1.02801366643763,0.203697073575328
1394,"correct_conditional",NA,1.3605228167803,0.184669433151828
1395,"history_naive",14,7.17822198038468e+285,4.78548132025646e+285
1395,"practical_naive",NA,5.08515389147928,0.10342625318558
1395,"correct_conditional",NA,1.20398980259641,0.133627818316267
1396,"history_naive",15,9.81337546155746e+285,9.81337546155746e+285
1396,"practical_naive",NA,1.64200290404431,0.102169665462721
1396,"correct_conditional",NA,1.44977118559682,0.178997136242878
1397,"history_naive",14,9.60934239245619e+285,9.60934239245619e+285
1397,"practical_naive",NA,2.63379064594733,0.803226930725232
1397,"correct_conditional",NA,6.41147303956799,2.08750832043747
1398,"history_naive",15,9.67687765999756e+285,9.67687765999756e+285
1398,"practical_naive",NA,1.12668476915687,0.192590275742962
1398,"correct_conditional",NA,1.02716425540062,0.237450409377344
1399,"history_naive",15,9.75464221329967e+285,9.75464221329967e+285
1399,"practical_naive",NA,1.24224875335387,0.252966194422929
1399,"correct_conditional",NA,1.14761991095909,0.199611144583133
1400,"history_naive",14,7.24315018616638e+285,4.82876679077758e+285
1400,"practical_naive",NA,1.41814658298691,0.112295937689714
1400,"correct_conditional",NA,1.625497859756,0.316729584456947
1401,"history_naive",14,9.71568213329093e+285,9.71568213329093e+285
1401,"practical_naive",NA,2.37466709895083,0.101221616694008
1401,"correct_conditional",NA,1.33302951090896,0.316747071675896
1402,"history_naive",15,9.56139167787241e+285,9.56139167787241e+285
1402,"practical_naive",NA,1.18226839330095,0.200904779463778
1402,"correct_conditional",NA,1.17569352383802,0.23991638323753
1403,"history_naive",14,7.23590703598022e+285,4.82393802398682e+285
1403,"practical_naive",NA,4.70535542148371,0.151373297041927
1403,"correct_conditional",NA,2.27547052354174,0.204372768309814
1404,"history_naive",15,9.92197309089317e+285,9.92197309089317e+285
1404,"practical_naive",NA,1.53745022856033,0.314415151418486
1404,"correct_conditional",NA,1.77754282182968,0.993985360852992
1405,"history_naive",14,7.29405565562381e+285,4.86270377041587e+285
1405,"practical_naive",NA,1.33538983840942,0.251913813068495
1405,"correct_conditional",NA,2.26133028669773,0.571372622044183
1406,"history_naive",15,9.6672007823375e+285,9.6672007823375e+285
1406,"practical_naive",NA,19.7652107323209,0.0681312234500077
1406,"correct_conditional",421,31.1543906044788,0.350108772971199
1407,"history_naive",14,7.25765824499816e+285,4.83843882999877e+285
1407,"practical_naive",NA,4.85442464685069,0.124294978217311
1407,"correct_conditional",NA,2.28893787845389,0.142490956219828
1408,"history_naive",14,9.81337546155735e+285,9.81337546155735e+285
1408,"practical_naive",NA,2.98084644811175,0.223612560698198
1408,"correct_conditional",NA,2.80142309241933,0.54249523606555
1409,"history_naive",15,9.67687765999749e+285,9.67687765999749e+285
1409,"practical_naive",NA,2.92105925292377,0.407763599862397
1409,"correct_conditional",NA,3.00579813024757,0.377508168457564
1410,"history_naive",14,9.50416655759594e+285,9.50416655759594e+285
1410,"practical_naive",NA,2.15973869850123,0.153250062267836
1410,"correct_conditional",NA,2.18450436253864,1.21899003291259
1411,"history_naive",15,7.17822198038468e+285,4.78548132025645e+285
1411,"practical_naive",NA,3.66248650925563,0.11347892640989
1411,"correct_conditional",NA,1.32225208664304,0.0812070845129915
1412,"history_naive",14,9.67687765999751e+285,9.67687765999751e+285
1412,"practical_naive",NA,1.30364124288435,0.318031989608665
1412,"correct_conditional",NA,1.0641694302264,0.704351522168967
1413,"history_naive",14,7.3086656783148e+285,4.8724437855432e+285
1413,"practical_naive",NA,1.73812513746173,1.35950294287486
1413,"correct_conditional",NA,1.48865848632609,1.27453681201459
1414,"history_naive",14,9.59973305006368e+285,9.59973305006368e+285
1414,"practical_naive",NA,3.33565672194099,0.223176877506394
1414,"correct_conditional",NA,2.29132386245764,0.0514037460384819
1415,"history_naive",14,9.66720078233755e+285,9.66720078233755e+285
1415,"practical_naive",NA,1.26814038064674,0.139895739751808
1415,"correct_conditional",NA,1.26170531999266,0.182499248378594
1416,"history_naive",14,9.98171384775656e+285,9.98171384775656e+285
1416,"practical_naive",NA,1.94380322335413,0.281874271294485
1416,"correct_conditional",NA,1.61064245722075,0.847391133939914
1417,"history_naive",14,9.69626048470641e+285,9.69626048470641e+285
1417,"practical_naive",NA,3.22131921844419,0.345475165447175
1417,"correct_conditional",NA,2.49175698363541,0.738440549479681
1418,"history_naive",14,9.79375852400977e+285,9.79375852400977e+285
1418,"practical_naive",NA,18.2038386547265,0.298958060499477
1418,"correct_conditional",346,45.681590283401,0.692871929550083
1419,"history_naive",14,7.18540738777249e+285,4.79027159184833e+285
1419,"practical_naive",NA,1.17538637931846,0.177558463475877
1419,"correct_conditional",NA,1.28884492045705,0.522865874199173
1420,"history_naive",14,9.75464221329965e+285,9.75464221329965e+285
1420,"practical_naive",NA,1.05872243699451,0.201938608592285
1420,"correct_conditional",NA,1.24130996050986,0.557975504675124
1421,"history_naive",15,9.70596645115764e+285,9.70596645115764e+285
1421,"practical_naive",NA,2.35373510018131,0.178420920166848
1421,"correct_conditional",NA,2.47928956419027,0.388340443244969
1422,"history_naive",14,9.51368023783373e+285,9.51368023783373e+285
1422,"practical_naive",NA,1.32566754250025,0.0936891389142322
1422,"correct_conditional",NA,1.10700184178254,0.165379137915072
1423,"history_naive",15,9.62858994375373e+285,9.62858994375373e+285
1423,"practical_naive",NA,2.23466491213218,0.173725079186961
1423,"correct_conditional",NA,2.37034993186789,0.378795091152285
1424,"history_naive",15,7.23590703598022e+285,4.82393802398681e+285
1424,"practical_naive",NA,1.50910539522127,0.157980108724681
1424,"correct_conditional",NA,1.2505966752322,0.162341239472261
1425,"history_naive",15,9.72540754083177e+285,9.72540754083177e+285
1425,"practical_naive",NA,1.02357625655525,0.268304390373877
1425,"correct_conditional",NA,1.18653197511022,0.523743512488364
1426,"history_naive",15,9.33453797064404e+285,9.33453797064404e+285
1426,"practical_naive",NA,1.28529089150116,0.224933084473491
1426,"correct_conditional",NA,1.34777948497598,0.437456468013894
1427,"history_naive",14,9.69626048470648e+285,9.69626048470648e+285
1427,"practical_naive",NA,1.06474698717167,0.311180164464678
1427,"correct_conditional",NA,1.05085870190828,0.328439665955629
1428,"history_naive",15,7.26492316816631e+285,4.84328211211087e+285
1428,"practical_naive",NA,1.97197741607094,0.32427783802055
1428,"correct_conditional",NA,1.08509467035797,0.227700993005996
1429,"history_naive",14,7.2431501861664e+285,4.8287667907776e+285
1429,"practical_naive",NA,16.9395712033799,1.54684687570475
1429,"correct_conditional",NA,12.6793488090799,1.28105731487721
1430,"history_naive",15,9.7156821332909e+285,9.7156821332909e+285
1430,"practical_naive",NA,2.28021399114066,0.437089969931506
1430,"correct_conditional",NA,1.77491982715744,0.30120617715003
1431,"history_naive",14,9.82319866021761e+285,9.82319866021761e+285
1431,"practical_naive",NA,5.08319548783623,0.428051329180561
1431,"correct_conditional",517,52.6925892526722,21.1883588660513
1432,"history_naive",15,7.24315018616641e+285,4.82876679077761e+285
1432,"practical_naive",NA,2.29028387466659,0.80368153903615
1432,"correct_conditional",NA,2.33509736410737,2.20327288928123
1433,"history_naive",14,9.74488757108635e+285,9.74488757108635e+285
1433,"practical_naive",NA,5.01931797641531,0.271132464726094
1433,"correct_conditional",NA,3.19940967694968,0.287943348520806
1434,"history_naive",14,9.73514268351533e+285,9.73514268351533e+285
1434,"practical_naive",NA,3.63368963430419,0.540564299641504
1434,"correct_conditional",NA,1.54974869322097,0.306088573268419
1435,"history_naive",14,9.63822817192565e+285,9.63822817192565e+285
1435,"practical_naive",NA,1.13400477425342,0.222714260867383
1435,"correct_conditional",NA,1.00845760672803,0.262278774505462
1436,"history_naive",15,9.81337546155746e+285,9.81337546155746e+285
1436,"practical_naive",NA,1.0482597047391,0.171403322232288
1436,"correct_conditional",NA,2.03978516349725,1.21160616414441
1437,"history_naive",15,7.17822198038468e+285,4.78548132025646e+285
1437,"practical_naive",NA,2.7572207310927,0.208178899086868
1437,"correct_conditional",NA,1.32687449049107,0.454269842884173
1438,"history_naive",14,9.49466239103834e+285,9.49466239103834e+285
1438,"practical_naive",NA,1.01155362828536,0.393956586042382
1438,"correct_conditional",NA,1.0091967843787,0.414905906546366
1439,"history_naive",14,9.48516772864725e+285,9.48516772864725e+285
1439,"practical_naive",NA,1.12582621348865,0.187298591364611
1439,"correct_conditional",NA,1.27598987963563,0.418981556566541
1440,"history_naive",14,7.30135701263643e+285,4.86757134175762e+285
1440,"practical_naive",NA,1.54935750561948,0.389483213225896
1440,"correct_conditional",NA,1.31040087073442,0.374120916517923
1441,"history_naive",14,7.38215592485702e+285,4.92143728323801e+285
1441,"practical_naive",NA,1.05552774041401,0.205791793796941
1441,"correct_conditional",NA,1.03036235770086,0.209060602459059
1442,"history_naive",14,7.12812491819694e+285,4.75208327879796e+285
1442,"practical_naive",NA,1.51319238447864,0.053618890907174
1442,"correct_conditional",NA,1.28604068446077,0.111601829396902
1443,"history_naive",14,9.59013331701366e+285,9.59013331701366e+285
1443,"practical_naive",NA,1.2481596370075,0.35569836950588
1443,"correct_conditional",NA,1.22248350707521,0.166041328183953
1444,"history_naive",15,7.23590703598023e+285,4.82393802398682e+285
1444,"practical_naive",NA,6.78791277164903,0.39969812540409
1444,"correct_conditional",NA,2.14942531324303,0.154418479746708
1445,"history_naive",14,9.59973305006372e+285,9.59973305006372e+285
1445,"practical_naive",NA,2.8438632178342,0.194473527563451
1445,"correct_conditional",NA,2.76708525640983,0.670808821405079
1446,"history_naive",14,9.67687765999758e+285,9.67687765999758e+285
1446,"practical_naive",NA,4.14137700403965,1.48241764390319
1446,"correct_conditional",NA,1.85207301523147,0.0315421331483773
1447,"history_naive",15,7.29405565562382e+285,4.86270377041588e+285
1447,"practical_naive",NA,3.74371077919821,0.0706248672664143
1447,"correct_conditional",NA,2.84574953771166,0.372880899434105
1448,"history_naive",15,7.20700679434217e+285,4.80467119622811e+285
1448,"practical_naive",NA,3.25433278794638,0.133644636277645
1448,"correct_conditional",NA,3.24544516086528,0.247957454216263
1449,"history_naive",14,9.44728393080786e+285,9.44728393080786e+285
1449,"practical_naive",NA,1.67943298320255,0.188862231228773
1449,"correct_conditional",NA,1.42930054748044,0.149903274732504
1450,"history_naive",14,9.79375852400973e+285,9.79375852400973e+285
1450,"practical_naive",NA,1.05571270206576,0.265430625643057
1450,"correct_conditional",NA,1.07292609010167,0.248112100698139
1451,"history_naive",14,7.3379735741143e+285,4.89198238274286e+285
1451,"practical_naive",NA,6.35677223509188,0.284284533209553
1451,"correct_conditional",NA,12.5791736250093,2.15362452144986
1452,"history_naive",14,9.59973305006375e+285,9.59973305006375e+285
1452,"practical_naive",NA,1.04823452720755,0.117707765430377
1452,"correct_conditional",NA,1.85303523258447,0.324998587611737
1453,"history_naive",15,7.42660430001332e+285,4.95106953334222e+285
1453,"practical_naive",NA,1.0378991535762,0.254188611639549
1453,"correct_conditional",NA,1.31008697215673,0.649820931086344
1454,"history_naive",14,9.6285899437538e+285,9.6285899437538e+285
1454,"practical_naive",NA,2.98381326192751,0.266106230083824
1454,"correct_conditional",NA,2.23275904724769,0.475897792088937
1455,"history_naive",14,9.79375852400976e+285,9.79375852400976e+285
1455,"practical_naive",NA,6.95578173102473,0.264580345775536
1455,"correct_conditional",531,55.8641274880666,7.32326894415985
1456,"history_naive",15,9.69626048470652e+285,9.69626048470652e+285
1456,"practical_naive",NA,1.02899907515572,0.270565953977658
1456,"correct_conditional",NA,1.33034129487851,0.439382823593192
1457,"history_naive",14,7.25765824499815e+285,4.83843882999877e+285
1457,"practical_naive",NA,1.56220726462312,0.226920931590478
1457,"correct_conditional",NA,1.09211204813265,0.18605531770654
1458,"history_naive",14,9.53273617745245e+285,9.53273617745245e+285
1458,"practical_naive",NA,8.81331004209637,0.207416694702685
1458,"correct_conditional",NA,2.57437191606911,0.141953861593886
1459,"history_naive",14,9.90213906668443e+285,9.90213906668443e+285
1459,"practical_naive",NA,1.23766665475164,0.184289083529479
1459,"correct_conditional",NA,1.63367220381136,0.491464742910156
1460,"history_naive",14,9.93190499588899e+285,9.93190499588899e+285
1460,"practical_naive",NA,1.11263087828362,0.431933351383381
1460,"correct_conditional",NA,2.08962463609629,0.90711102444486
1461,"history_naive",14,9.86258988365346e+285,9.86258988365346e+285
1461,"practical_naive",NA,1.05769432200208,0.201990832374975
1461,"correct_conditional",NA,1.32538272763971,0.522229411532157
1462,"history_naive",15,9.53273617745244e+285,9.53273617745244e+285
1462,"practical_naive",NA,2.50341397935275,0.117415091122353
1462,"correct_conditional",NA,1.61583925154733,0.0718029359309102
1463,"history_naive",14,9.57096264051291e+285,9.57096264051291e+285
1463,"practical_naive",NA,1.59696148395161,0.179362354009547
1463,"correct_conditional",NA,1.28087751870351,0.235183332519434
1464,"history_naive",14,9.67687765999751e+285,9.67687765999751e+285
1464,"practical_naive",NA,1.21822567912405,0.299232202703019
1464,"correct_conditional",NA,1.08004891326897,0.558450236252748
1465,"history_naive",14,9.6768776599975e+285,9.6768776599975e+285
1465,"practical_naive",NA,2.17363166783271,0.199609609133437
1465,"correct_conditional",NA,1.81143755057598,0.852265909934161
1466,"history_naive",14,9.72540754083178e+285,9.72540754083178e+285
1466,"practical_naive",NA,1.0236292850732,0.431336127861252
1466,"correct_conditional",NA,1.27943064263489,1.08960491341923
1467,"history_naive",14,9.53273617745246e+285,9.53273617745246e+285
1467,"practical_naive",NA,1.37718139419412,0.105129926127916
1467,"correct_conditional",NA,1.27027921104488,0.241495391365173
1468,"history_naive",15,9.72540754083173e+285,9.72540754083173e+285
1468,"practical_naive",NA,1.42471100884686,0.149765600681451
1468,"correct_conditional",NA,1.24663031656152,0.137453190441485
1469,"history_naive",14,9.81337546155741e+285,9.81337546155741e+285
1469,"practical_naive",NA,2.19578295219986,0.247913837028835
1469,"correct_conditional",NA,1.51469720009504,0.271496948103254
1470,"history_naive",14,9.4662068783577e+285,9.4662068783577e+285
1470,"practical_naive",NA,1.67805354174292,0.182480610144349
1470,"correct_conditional",NA,2.5177893552003,0.622104520491993
1471,"history_naive",15,1.00720001014461e+286,1.00720001014461e+286
1471,"practical_naive",NA,1.12221856392354,0.190978937590452
1471,"correct_conditional",NA,1.07213896602746,0.38034846799967
1472,"history_naive",14,9.77418080072024e+285,9.77418080072024e+285
1472,"practical_naive",NA,2.93580552429954,0.286395445607743
1472,"correct_conditional",NA,1.54304247409282,0.290223550708795
1473,"history_naive",14,9.80356208609587e+285,9.80356208609587e+285
1473,"practical_naive",NA,1.24191315395182,0.366864211449591
1473,"correct_conditional",NA,2.41130529344446,1.56966170073606
1474,"history_naive",14,9.64787604797366e+285,9.64787604797366e+285
1474,"practical_naive",NA,1.13672065550648,0.221210833121525
1474,"correct_conditional",NA,1.04750871548037,0.366064589843156
1475,"history_naive",14,7.35267156457187e+285,4.90178104304791e+285
1475,"practical_naive",NA,2.20363329283875,0.506912391613049
1475,"correct_conditional",NA,2.90645528245335,1.91973212252114
1476,"history_naive",14,9.56139167787247e+285,9.56139167787247e+285
1476,"practical_naive",2259,43.6370193808254,21.5380916095286
1476,"correct_conditional",NA,18.4734811575009,7.6006736011342
1477,"history_naive",14,7.24315018616641e+285,4.8287667907776e+285
1477,"practical_naive",NA,1.68987654710635,0.143450157975594
1477,"correct_conditional",NA,1.46722303555056,0.142357582302126
1478,"history_naive",14,9.77418080072027e+285,9.77418080072027e+285
1478,"practical_naive",NA,1.26843513282051,0.23640508748453
1478,"correct_conditional",NA,1.28337083291474,0.180019740551864
1479,"history_naive",14,9.61896135381001e+285,9.61896135381001e+285
1479,"practical_naive",NA,1.42989444860041,0.607849594679733
1479,"correct_conditional",NA,1.53341685362207,0.280685629035439
1480,"history_naive",14,9.67687765999751e+285,9.67687765999751e+285
1480,"practical_naive",NA,4.30194745959269,0.185014416299136
1480,"correct_conditional",NA,8.94643930354319,0.311362254756908
1481,"history_naive",15,9.83303169190954e+285,9.83303169190954e+285
1481,"practical_naive",NA,1.25797689835211,0.231064402916705
1481,"correct_conditional",NA,1.15949999110324,0.211386584953635
1482,"history_naive",15,9.51368023783376e+285,9.51368023783376e+285
1482,"practical_naive",NA,1.08969587484959,0.212020197339572
1482,"correct_conditional",NA,1.08482133480781,0.333474193153442
1483,"history_naive",15,9.54227845590832e+285,9.54227845590832e+285
1483,"practical_naive",NA,2.39059365657345,0.328672419775842
1483,"correct_conditional",NA,1.72275650182462,0.702202013836151
1484,"history_naive",14,9.51368023783368e+285,9.51368023783368e+285
1484,"practical_naive",NA,1.70446485995293,0.150047541624241
1484,"correct_conditional",NA,1.24214717979456,0.116784354003911
1485,"history_naive",14,9.84287456647604e+285,9.84287456647604e+285
1485,"practical_naive",NA,2.03897938236244,0.173850368421299
1485,"correct_conditional",NA,1.24923541822667,0.123886973724812
1486,"history_naive",14,7.30866567831477e+285,4.87244378554318e+285
1486,"practical_naive",NA,1.26844862750988,0.207739014503348
1486,"correct_conditional",NA,1.92071280358334,0.406713855152408
1487,"history_naive",14,7.16387271464593e+285,4.77591514309728e+285
1487,"practical_naive",NA,2.59125741862021,0.14268404084984
1487,"correct_conditional",NA,1.91503537230037,0.205199760815848
1488,"history_naive",14,7.17822198038471e+285,4.78548132025648e+285
1488,"practical_naive",NA,7.91398777479523,0.383951383701548
1488,"correct_conditional",NA,3.51960035681913,0.375187249649977
1489,"history_naive",14,9.77418080072023e+285,9.77418080072023e+285
1489,"practical_naive",NA,1.09402632539424,0.176737122976963
1489,"correct_conditional",NA,1.1297406437769,0.100754608534097
1490,"history_naive",15,7.14240258095625e+285,4.7616017206375e+285
1490,"practical_naive",NA,1.35255077447831,0.123199109014132
1490,"correct_conditional",NA,1.24280706612052,0.0415772238534833
1491,"history_naive",15,7.14955213308936e+285,4.76636808872624e+285
1491,"practical_naive",NA,4.76399437528637,0.218550831287607
1491,"correct_conditional",NA,1.98839188111073,0.443908537390153
1492,"history_naive",15,7.30135701263644e+285,4.86757134175763e+285
1492,"practical_naive",NA,2.40186488156638,0.542091909721023
1492,"correct_conditional",NA,2.78425352157013,0.85638052377451
1493,"history_naive",14,9.70596645115756e+285,9.70596645115756e+285
1493,"practical_naive",NA,1.59647162270399,0.18366322358314
1493,"correct_conditional",NA,2.05119405200597,0.28668969886736
1494,"history_naive",14,9.61896135381001e+285,9.61896135381001e+285
1494,"practical_naive",NA,1.37012542417573,0.875701314888036
1494,"correct_conditional",2647,22.9243510059298,19.5224484311601
1495,"history_naive",14,9.71568213329085e+285,9.71568213329085e+285
1495,"practical_naive",NA,1.15697832877381,0.267905918540229
1495,"correct_conditional",NA,1.13953631674099,0.482767826846284
1496,"history_naive",14,9.69626048470643e+285,9.69626048470643e+285
1496,"practical_naive",NA,2.1273396823945,0.340479670936564
1496,"correct_conditional",NA,1.54556520723114,0.305702295189264
1497,"history_naive",14,7.32330496493967e+285,4.88220330995978e+285
1497,"practical_naive",NA,1.81621961034661,0.290075875732406
1497,"correct_conditional",NA,2.16990580902142,0.331572365482613
1498,"history_naive",14,9.63822817192568e+285,9.63822817192568e+285
1498,"practical_naive",NA,1.00737122,0.183509268645327
1498,"correct_conditional",NA,4.06228995362973,1.03370050195578
1499,"history_naive",14,9.6575335815552e+285,9.6575335815552e+285
1499,"practical_naive",NA,1.34286391686892,0.16246332039128
1499,"correct_conditional",NA,1.10558141727588,0.206206205178233
1500,"history_naive",15,7.34531889300733e+285,4.89687926200489e+285
1500,"practical_naive",NA,1.28758933933807,0.168832879277619
1500,"correct_conditional",NA,1.12674748506867,0.217750048929917
1501,"history_naive",14,9.59973305006372e+285,9.59973305006372e+285
1501,"practical_naive",NA,1.87522664578577,0.222875396250262
1501,"correct_conditional",NA,1.58584752092506,0.405802055312332
1502,"history_naive",15,9.6093423924562e+285,9.6093423924562e+285
1502,"practical_naive",NA,1.48120624914595,0.192558017379428
1502,"correct_conditional",NA,1.2800368321269,0.218212741269708
1503,"history_naive",15,7.21422101535751e+285,4.80948067690501e+285
1503,"practical_naive",NA,2.18073344609492,0.109358308611521
1503,"correct_conditional",NA,2.13188049547192,0.107780288876317
1504,"history_naive",15,9.66720078233756e+285,9.66720078233756e+285
1504,"practical_naive",NA,1.11013937140394,0.079856282817233
1504,"correct_conditional",NA,1.17467096838579,0.252540604762583
1505,"history_naive",14,9.71568213329091e+285,9.71568213329091e+285
1505,"practical_naive",NA,1.0293085170113,0.213253994498237
1505,"correct_conditional",NA,1.07405060394205,0.397968464642932
1506,"history_naive",15,9.70596645115762e+285,9.70596645115762e+285
1506,"practical_naive",NA,1.98539671168416,0.257859023027295
1506,"correct_conditional",NA,1.63733022546629,0.395997879088566
1507,"history_naive",14,9.63822817192565e+285,9.63822817192565e+285
1507,"practical_naive",NA,1.38349938135123,0.209097086338645
1507,"correct_conditional",NA,1.25776441805654,0.402775406627017
1508,"history_naive",14,7.38954547032735e+285,4.9263636468849e+285
1508,"practical_naive",NA,1.1065734138913,0.16802189400086
1508,"correct_conditional",NA,1.405216553282,0.400732359154072
1509,"history_naive",14,9.86258988365344e+285,9.86258988365344e+285
1509,"practical_naive",NA,2.28522037435911,0.128140761442519
1509,"correct_conditional",NA,1.2539814691018,0.243822140789223
1510,"history_naive",14,9.72540754083176e+285,9.72540754083176e+285
1510,"practical_naive",NA,4.24846408779697,0.171102712652577
1510,"correct_conditional",NA,4.38812800341689,0.450331265411309
1511,"history_naive",14,7.44147981816986e+285,4.96098654544658e+285
1511,"practical_naive",NA,1.42671580690063,0.196204789318511
1511,"correct_conditional",NA,1.4299385609147,0.323834061417992
1512,"history_naive",14,9.60934239245618e+285,9.60934239245618e+285
1512,"practical_naive",NA,9.64673612263577,0.0765608044342099
1512,"correct_conditional",NA,11.7180632891249,0.312727880501693
1513,"history_naive",14,9.80356208609592e+285,9.80356208609592e+285
1513,"practical_naive",NA,1.1061642817572,0.211151242532139
1513,"correct_conditional",NA,1.29236895183055,0.59510867917213
1514,"history_naive",14,7.22867112894427e+285,4.81911408596284e+285
1514,"practical_naive",NA,1.51247223895172,0.14341776291317
1514,"correct_conditional",NA,1.38003847298893,0.137252909980722
1515,"history_naive",14,9.77418080072026e+285,9.77418080072026e+285
1515,"practical_naive",NA,1.02429298224918,0.261324058995607
1515,"correct_conditional",NA,1.00486127485221,0.439212095925687
1516,"history_naive",15,7.25765824499816e+285,4.83843882999877e+285
1516,"practical_naive",NA,1.03756502834676,0.278480789257482
1516,"correct_conditional",NA,1.03578099444968,0.236804909138001
1517,"history_naive",15,9.81337546155743e+285,9.81337546155743e+285
1517,"practical_naive",NA,1.42385015187423,0.179467486128133
1517,"correct_conditional",NA,1.76100191653341,0.238530841175226
1518,"history_naive",14,7.35267156457189e+285,4.90178104304793e+285
1518,"practical_naive",NA,1.28854855847201,0.163378804163417
1518,"correct_conditional",NA,1.25820442596076,0.241887742204043
1519,"history_naive",14,9.67687765999753e+285,9.67687765999753e+285
1519,"practical_naive",NA,2.66560178683399,0.136108911976699
1519,"correct_conditional",NA,3.58511276105576,0.915544602487324
1520,"history_naive",14,7.35267156457191e+285,4.90178104304794e+285
1520,"practical_naive",NA,1.50109934229818,1.08330478106479
1520,"correct_conditional",NA,1.42711901879034,1.1487386283149
1521,"history_naive",15,9.68656422422173e+285,9.68656422422173e+285
1521,"practical_naive",NA,1.02605005457313,0.237978955108806
1521,"correct_conditional",NA,1.77538848934445,1.33487777654955
1522,"history_naive",15,9.46620687835763e+285,9.46620687835763e+285
1522,"practical_naive",NA,1.07503359099901,0.187810415901484
1522,"correct_conditional",NA,1.03719041928039,0.144450768055246
1523,"history_naive",14,7.25765824499815e+285,4.83843882999876e+285
1523,"practical_naive",NA,2.26664493873288,0.477799953310904
1523,"correct_conditional",NA,1.23134149050095,0.202274471244956
1524,"history_naive",14,9.80356208609587e+285,9.80356208609587e+285
1524,"practical_naive",NA,1.97340439401872,0.770943964360635
1524,"correct_conditional",NA,1.72518372525088,0.482651275081715
1525,"history_naive",15,9.53273617745244e+285,9.53273617745244e+285
1525,"practical_naive",NA,1.24868778333721,0.350869950304213
1525,"correct_conditional",NA,1.18149258209069,0.474508007615001
1526,"history_naive",15,7.26492316816634e+285,4.84328211211089e+285
1526,"practical_naive",NA,3.09777878465685,0.109479260190703
1526,"correct_conditional",NA,1.73584838226865,0.0904294268420354
1527,"history_naive",15,7.32330496493965e+285,4.88220330995977e+285
1527,"practical_naive",NA,1.46242072406374,0.163559660526759
1527,"correct_conditional",NA,1.40915512603729,0.302841296309648
1528,"history_naive",14,9.8428745664761e+285,9.8428745664761e+285
1528,"practical_naive",NA,1.2400801486462,0.229045213588975
1528,"correct_conditional",NA,1.25627157336936,0.235049302135598
1529,"history_naive",14,9.78396476548578e+285,9.78396476548578e+285
1529,"practical_naive",NA,1.01264791925932,0.468275765917311
1529,"correct_conditional",NA,1.64948047527773,1.46956663877177
1530,"history_naive",14,9.64787604797366e+285,9.64787604797366e+285
1530,"practical_naive",NA,1.72084341174149,0.132616851905611
1530,"correct_conditional",NA,1.58864253333163,0.277822322468154
1531,"history_naive",14,9.77418080072029e+285,9.77418080072029e+285
1531,"practical_naive",NA,1.00546514842077,0.372276853174512
1531,"correct_conditional",NA,1.0427074012299,0.357484318513534
1532,"history_naive",15,7.35267156457189e+285,4.90178104304792e+285
1532,"practical_naive",NA,1.33453574324376,0.194502411646741
1532,"correct_conditional",NA,3.76440283217033,1.13255627322261
1533,"history_naive",14,9.48516772864731e+285,9.48516772864731e+285
1533,"practical_naive",NA,3.15500509609794,0.886346307330504
1533,"correct_conditional",NA,2.94890261031397,1.76839418397538
1534,"history_naive",14,9.6285899437537e+285,9.6285899437537e+285
1534,"practical_naive",NA,1.33559048666433,0.211901832900444
1534,"correct_conditional",NA,1.53321326045321,0.195755149713578
1535,"history_naive",14,7.34531889300734e+285,4.89687926200489e+285
1535,"practical_naive",NA,2.04152118670731,0.26861465332954
1535,"correct_conditional",NA,1.19398998832289,0.236270255659861
1536,"history_naive",14,9.67687765999748e+285,9.67687765999748e+285
1536,"practical_naive",NA,1.52704015064881,0.146112164770507
1536,"correct_conditional",NA,2.26196278418578,0.390386872103771
1537,"history_naive",15,9.75464221329966e+285,9.75464221329966e+285
1537,"practical_naive",NA,1.69063998614551,0.280680907112037
1537,"correct_conditional",NA,8.03462752114372,5.61757762180468
1538,"history_naive",14,9.84287456647604e+285,9.84287456647604e+285
1538,"practical_naive",NA,1.23118148618123,0.210906728955345
1538,"correct_conditional",NA,1.13532030977469,0.239488915528864
1539,"history_naive",14,9.67687765999753e+285,9.67687765999753e+285
1539,"practical_naive",NA,2.761707964822,1.01132887053667
1539,"correct_conditional",NA,7.14599980862036,4.92910013316152
1540,"history_naive",15,7.35267156457191e+285,4.90178104304794e+285
1540,"practical_naive",NA,2.97278723078964,0.0569450558732896
1540,"correct_conditional",NA,4.29086362562278,0.258208127424357
1541,"history_naive",15,9.60934239245617e+285,9.60934239245617e+285
1541,"practical_naive",NA,3.52051684190649,0.194926215724109
1541,"correct_conditional",NA,5.43483384496716,0.391152615844263
1542,"history_naive",15,9.72540754083172e+285,9.72540754083172e+285
1542,"practical_naive",NA,4.17533812264855,0.208988314732567
1542,"correct_conditional",NA,3.08188904374915,0.371839476869379
1543,"history_naive",15,9.60934239245623e+285,9.60934239245623e+285
1543,"practical_naive",NA,10.9452596777141,0.142173597511974
1543,"correct_conditional",NA,4.40287361962084,0.157594508399002
1544,"history_naive",14,9.70596645115763e+285,9.70596645115763e+285
1544,"practical_naive",NA,1.86388441734636,0.68912212217186
1544,"correct_conditional",NA,1.77132565107488,1.10088693407867
1545,"history_naive",15,7.19979978754777e+285,4.79986652503185e+285
1545,"practical_naive",NA,1.43550560479603,0.163879344477853
1545,"correct_conditional",NA,1.31792556587529,0.226067046154388
1546,"history_naive",14,9.82319866021765e+285,9.82319866021765e+285
1546,"practical_naive",NA,1.12408808173747,0.201288093610483
1546,"correct_conditional",NA,1.22298181536076,0.390078135218462
1547,"history_naive",15,9.68656422422172e+285,9.68656422422172e+285
1547,"practical_naive",NA,2.47474620687075,0.230376485867315
1547,"correct_conditional",NA,5.47376457946903,0.445536822556515
1548,"history_naive",14,9.57096264051292e+285,9.57096264051292e+285
1548,"practical_naive",NA,10.1535512773693,0.853972668197753
1548,"correct_conditional",NA,1.62549204558676,0.0886674692714379
1549,"history_naive",14,9.54227845590836e+285,9.54227845590836e+285
1549,"practical_naive",NA,1.08616296626826,0.154594923395051
1549,"correct_conditional",NA,1.28026226247414,0.733814665789047
1550,"history_naive",15,9.56139167787242e+285,9.56139167787242e+285
1550,"practical_naive",NA,16.3708732490861,0.210802376282588
1550,"correct_conditional",NA,12.6159474861269,0.20938485360351
1551,"history_naive",14,9.80356208609585e+285,9.80356208609585e+285
1551,"practical_naive",NA,1.61171985091384,0.314168488594493
1551,"correct_conditional",NA,2.16780513514245,0.871555734466319
1552,"history_naive",15,9.64787604797363e+285,9.64787604797363e+285
1552,"practical_naive",NA,1.53851111344452,0.241152109283477
1552,"correct_conditional",NA,1.65251109261809,0.447105334423702
1553,"history_naive",15,9.74488757108638e+285,9.74488757108638e+285
1553,"practical_naive",NA,1.09947545409588,0.33029799465202
1553,"correct_conditional",NA,1.08830570136659,0.333166148429172
1554,"history_naive",15,9.91205111780224e+285,9.91205111780224e+285
1554,"practical_naive",NA,1.25009161400759,0.156065816965809
1554,"correct_conditional",NA,1.09989503506214,0.569990605356138
1555,"history_naive",14,7.37477376893215e+285,4.91651584595477e+285
1555,"practical_naive",NA,3.42608216235791,0.930754067331269
1555,"correct_conditional",NA,3.73147804108703,1.75472709492544
1556,"history_naive",14,9.70596645115762e+285,9.70596645115762e+285
1556,"practical_naive",NA,1.29369941126562,0.100490517936964
1556,"correct_conditional",NA,1.49747733723609,0.135003800198531
1557,"history_naive",15,7.36739899516319e+285,4.9115993301088e+285
1557,"practical_naive",NA,4.19364238738587,0.87809465775372
1557,"correct_conditional",NA,2.95727305130698,0.171819973846895
1558,"history_naive",14,7.2504005867532e+285,4.8336003911688e+285
1558,"practical_naive",NA,1.3277928266623,0.170821875354778
1558,"correct_conditional",NA,1.57921015666719,0.373342979133369
1559,"history_naive",14,7.29405565562381e+285,4.86270377041587e+285
1559,"practical_naive",NA,3.92688012519263,0.134487097476609
1559,"correct_conditional",NA,1.31072367649204,0.213048759607788
1560,"history_naive",14,7.3379735741143e+285,4.89198238274287e+285
1560,"practical_naive",NA,3.32136202027766,0.641847225531795
1560,"correct_conditional",NA,1.34847786906472,0.505213257499457
1561,"history_naive",14,9.69626048470646e+285,9.69626048470646e+285
1561,"practical_naive",NA,1.24312825289872,0.15579892729488
1561,"correct_conditional",NA,2.4160195261819,0.451708744118642
1562,"history_naive",14,7.25765824499812e+285,4.83843882999875e+285
1562,"practical_naive",NA,1.05577801152804,0.172399413659554
1562,"correct_conditional",NA,1.14576249376848,0.289672610292857
1563,"history_naive",15,9.61896135380998e+285,9.61896135380998e+285
1563,"practical_naive",NA,1.91831732224247,0.153868173612743
1563,"correct_conditional",NA,1.84885000585392,0.377020680695961
1564,"history_naive",15,7.17104375840434e+285,4.78069583893623e+285
1564,"practical_naive",NA,1.39469087067865,0.199741910478572
1564,"correct_conditional",NA,1.49149843820476,0.589881829341059
1565,"history_naive",14,9.6575335815552e+285,9.6575335815552e+285
1565,"practical_naive",NA,2.28475119581676,0.490054517698836
1565,"correct_conditional",NA,3.21236469983226,1.25354662997643
1566,"history_naive",14,7.4043467594996e+285,4.93623117299974e+285
1566,"practical_naive",NA,1.96410319110801,0.23136890574458
1566,"correct_conditional",NA,6.38087724982516,1.79894097582125
1567,"history_naive",14,9.55183028619454e+285,9.55183028619454e+285
1567,"practical_naive",NA,1.78688419041532,0.134870865258129
1567,"correct_conditional",NA,2.03117412565377,0.669420777053096
1568,"history_naive",14,9.68656422422178e+285,9.68656422422178e+285
1568,"practical_naive",NA,1.71258813626703,0.139331777143058
1568,"correct_conditional",NA,3.94299905714283,2.03474522529126
1569,"history_naive",14,7.20700679434213e+285,4.80467119622809e+285
1569,"practical_naive",NA,2.16667391435425,0.097186358106611
1569,"correct_conditional",NA,2.08807914107903,0.118516348036383
1570,"history_naive",14,7.40434675949957e+285,4.93623117299971e+285
1570,"practical_naive",NA,1.9657829627896,0.259753171007205
1570,"correct_conditional",NA,1.55976717388854,0.276867446782054
1571,"history_naive",14,9.68656422422175e+285,9.68656422422175e+285
1571,"practical_naive",NA,3.35322748738073,0.490879786100605
1571,"correct_conditional",NA,1.91011340705794,0.266226476426335
1572,"history_naive",14,9.74488757108634e+285,9.74488757108634e+285
1572,"practical_naive",NA,1.12893128537057,0.27185930209562
1572,"correct_conditional",NA,1.11403325839299,0.597730678690681
1573,"history_naive",14,9.63822817192563e+285,9.63822817192563e+285
1573,"practical_naive",NA,1.21530779360726,0.307342518229706
1573,"correct_conditional",NA,3.4102473144775,0.878424849351147
1574,"history_naive",15,9.68656422422175e+285,9.68656422422175e+285
1574,"practical_naive",NA,2.5428596138468,0.189125175948084
1574,"correct_conditional",NA,1.88510496772358,0.384607132988319
1575,"history_naive",14,7.31598165997475e+285,4.87732110664983e+285
1575,"practical_naive",NA,1.75068040885703,0.226136471028864
1575,"correct_conditional",NA,2.24731769017716,0.416648230418688
1576,"history_naive",15,9.76440661991953e+285,9.76440661991953e+285
1576,"practical_naive",NA,1.14399570417395,0.231830589006885
1576,"correct_conditional",NA,1.63522516065599,0.629510872712175
1577,"history_naive",14,9.69626048470645e+285,9.69626048470645e+285
1577,"practical_naive",NA,1.2047416495291,0.181593030189138
1577,"correct_conditional",NA,1.37361246467622,0.538507516130904
1578,"history_naive",14,9.66720078233753e+285,9.66720078233753e+285
1578,"practical_naive",NA,1.03798464075688,0.269028565997529
1578,"correct_conditional",NA,1.23013861609616,0.396229330728539
1579,"history_naive",15,9.72540754083172e+285,9.72540754083172e+285
1579,"practical_naive",NA,1.14439043501954,0.402552482801253
1579,"correct_conditional",NA,1.56517434218964,0.398871455439431
1580,"history_naive",14,7.20700679434215e+285,4.8046711962281e+285
1580,"practical_naive",NA,1.52528252660701,0.185718574974749
1580,"correct_conditional",NA,1.22777702798883,0.141572098700754
1581,"history_naive",14,9.54227845590838e+285,9.54227845590838e+285
1581,"practical_naive",NA,1.07626955709943,0.226808642396017
1581,"correct_conditional",NA,1.43549335109778,0.387262132231226
1582,"history_naive",14,7.40434675949961e+285,4.93623117299974e+285
1582,"practical_naive",NA,1.32999366357817,0.24245524518467
1582,"correct_conditional",NA,1.31890224678366,0.314627111086639
1583,"history_naive",14,9.77418080072031e+285,9.77418080072031e+285
1583,"practical_naive",NA,2.23857294260732,0.944797574400743
1583,"correct_conditional",NA,10.6029780774625,7.03802231760865
1584,"history_naive",15,9.83303169190952e+285,9.83303169190952e+285
1584,"practical_naive",NA,3.93388140313587,0.271510121751669
1584,"correct_conditional",NA,4.09818045808699,0.213499215270659
1585,"history_naive",15,7.28676159996818e+285,4.85784106664546e+285
1585,"practical_naive",NA,1.04434808171161,0.211988901588882
1585,"correct_conditional",NA,1.04709014409553,0.171815683440799
1586,"history_naive",14,9.67687765999757e+285,9.67687765999757e+285
1586,"practical_naive",NA,9.54230575315991,0.149808849693627
1586,"correct_conditional",NA,2.9235517393421,0.16591892024614
1587,"history_naive",15,7.27219536352987e+285,4.84813024235325e+285
1587,"practical_naive",NA,1.55855968142073,0.15580070375598
1587,"correct_conditional",NA,1.29807392393841,0.213342775019009
1588,"history_naive",15,9.57096264051295e+285,9.57096264051295e+285
1588,"practical_naive",NA,1.95444523084479,1.87399930158684
1588,"correct_conditional",NA,2.62829214157688,1.92111451387667
1589,"history_naive",14,9.92197309089318e+285,9.92197309089318e+285
1589,"practical_naive",NA,1.5948184045508,0.103158498312676
1589,"correct_conditional",NA,1.14340395690658,0.506815527403647
1590,"history_naive",15,7.22144245781531e+285,4.81429497187687e+285
1590,"practical_naive",NA,1.28542751115676,0.192829482181537
1590,"correct_conditional",NA,1.57399813411332,0.387927236197392
1591,"history_naive",14,9.5997330500637e+285,9.5997330500637e+285
1591,"practical_naive",NA,1.19480907904215,0.191207494738401
1591,"correct_conditional",NA,1.19526139104817,0.312592862672823
1592,"history_naive",14,7.29405565562379e+285,4.86270377041586e+285
1592,"practical_naive",NA,2.60437605056871,0.242881186058239
1592,"correct_conditional",NA,1.88335372543839,0.326739678689812
1593,"history_naive",14,7.27947483836821e+285,4.85298322557881e+285
1593,"practical_naive",NA,1.51437709673997,0.168706322837128
1593,"correct_conditional",NA,1.58970006154421,0.207601730227095
1594,"history_naive",15,9.76440661991956e+285,9.76440661991956e+285
1594,"practical_naive",NA,1.02898814614756,0.203375476513059
1594,"correct_conditional",NA,1.09737798170586,0.473326143119714
1595,"history_naive",15,7.22144245781531e+285,4.81429497187688e+285
1595,"practical_naive",NA,2.23353143169444,0.30370007470187
1595,"correct_conditional",NA,1.69050369882079,0.620234931713943
1596,"history_naive",14,9.56139167787243e+285,9.56139167787243e+285
1596,"practical_naive",NA,2.19375814446744,0.0754481728312781
1596,"correct_conditional",NA,1.47874201018723,0.281395866736928
1597,"history_naive",14,9.75464221329961e+285,9.75464221329961e+285
1597,"practical_naive",NA,2.20073772333758,0.101215989375969
1597,"correct_conditional",NA,1.903725857333,0.212934119577252
1598,"history_naive",14,9.76440661991953e+285,9.76440661991953e+285
1598,"practical_naive",NA,3.16892666982682,0.0147192003039762
1598,"correct_conditional",NA,2.46685320776605,0.124813740157487
1599,"history_naive",15,9.59013331701364e+285,9.59013331701364e+285
1599,"practical_naive",NA,2.7526595570711,0.341373043581454
1599,"correct_conditional",NA,1.72214692448872,0.155465013033992
1600,"history_naive",14,7.33063560054018e+285,4.88709040036012e+285
1600,"practical_naive",NA,15.5745026121018,0.192139449716082
1600,"correct_conditional",NA,16.1370186619167,0.280204108598834
1601,"history_naive",15,9.50416655759587e+285,9.50416655759587e+285
1601,"practical_naive",NA,2.00620092385977,0.366440180422675
1601,"correct_conditional",NA,7.92582114736024,5.14686150806107
1602,"history_naive",15,9.66720078233752e+285,9.66720078233752e+285
1602,"practical_naive",NA,1.631138928764,0.247458510083477
1602,"correct_conditional",NA,1.63266724318135,0.284045689910677
1603,"history_naive",14,7.19259998776027e+285,4.79506665850685e+285
1603,"practical_naive",NA,1.3374421915688,0.313739724454185
1603,"correct_conditional",NA,1.7488611163007,0.780462620536084
1604,"history_naive",15,7.2214424578153e+285,4.81429497187687e+285
1604,"practical_naive",NA,1.2803236112897,0.245256449349965
1604,"correct_conditional",NA,1.02937349862003,0.369723676516189
1605,"history_naive",14,9.71568213329089e+285,9.71568213329089e+285
1605,"practical_naive",381,54.6564652013565,0.624260187839052
1605,"correct_conditional",NA,9.72161630338104,0.176188879766346
1606,"history_naive",15,9.77418080072032e+285,9.77418080072032e+285
1606,"practical_naive",NA,1.48264607022272,0.193469117331567
1606,"correct_conditional",NA,2.38964693312805,0.981711412009612
1607,"history_naive",14,9.6865642242218e+285,9.6865642242218e+285
1607,"practical_naive",NA,18.6614640086958,0.0797876362855361
1607,"correct_conditional",NA,7.83115495154124,1.54132617663193
1608,"history_naive",15,9.6285899437537e+285,9.6285899437537e+285
1608,"practical_naive",NA,2.57250112151234,0.228991089881136
1608,"correct_conditional",NA,1.70502770684098,0.146689792139246
1609,"history_naive",15,9.52320344127499e+285,9.52320344127499e+285
1609,"practical_naive",NA,4.21975381223996,0.204371318703663
1609,"correct_conditional",NA,3.35375024457773,0.458628806616986
1610,"history_naive",14,9.65753358155513e+285,9.65753358155513e+285
1610,"practical_naive",NA,7.64606569120963,0.243145400744465
1610,"correct_conditional",NA,4.1957373542556,1.76645662541063
1611,"history_naive",14,9.70596645115762e+285,9.70596645115762e+285
1611,"practical_naive",NA,5.85937123012177,0.21421664571789
1611,"correct_conditional",NA,8.06428473388326,0.500137097058986
1612,"history_naive",15,9.86258988365345e+285,9.86258988365345e+285
1612,"practical_naive",NA,4.14903214019839,1.07637827540582
1612,"correct_conditional",NA,3.40911213003317,0.954838351088337
1613,"history_naive",15,9.69626048470645e+285,9.69626048470645e+285
1613,"practical_naive",NA,1.12603730959835,0.195257106946406
1613,"correct_conditional",NA,1.07518583989504,0.175150744028186
1614,"history_naive",15,9.56139167787243e+285,9.56139167787243e+285
1614,"practical_naive",NA,1.65426364276883,0.33518396194712
1614,"correct_conditional",NA,2.63475676936112,1.03212178758658
1615,"history_naive",15,7.32330496493965e+285,4.88220330995977e+285
1615,"practical_naive",NA,1.58413036717311,0.226941946025396
1615,"correct_conditional",NA,2.59466431316308,0.30916186594454
1616,"history_naive",14,7.22144245781531e+285,4.81429497187687e+285
1616,"practical_naive",NA,1.1265756909923,0.170700912896403
1616,"correct_conditional",NA,1.22240296980542,0.404913159425021
1617,"history_naive",14,7.1997997875478e+285,4.79986652503187e+285
1617,"practical_naive",NA,9.86005264423473,0.471855200975073
1617,"correct_conditional",NA,1.05324674844443,0.118891152558984
1618,"history_naive",14,7.23590703598023e+285,4.82393802398682e+285
1618,"practical_naive",NA,1.74187236663123,0.366335633608189
1618,"correct_conditional",NA,4.23809544844106,2.34819424665057
1619,"history_naive",14,9.69626048470644e+285,9.69626048470644e+285
1619,"practical_naive",NA,1.60707191569084,0.27210568544626
1619,"correct_conditional",NA,5.9212911340069,0.490100108672152
1620,"history_naive",14,7.43403833835171e+285,4.95602555890114e+285
1620,"practical_naive",NA,1.18508858030165,0.187333209274889
1620,"correct_conditional",NA,1.1689028032987,0.216394355345201
1621,"history_naive",15,9.81337546155745e+285,9.81337546155745e+285
1621,"practical_naive",NA,6.72417066692346,0.0818921349760155
1621,"correct_conditional",NA,9.59799072967056,0.460946130167571
1622,"history_naive",15,9.66720078233756e+285,9.66720078233756e+285
1622,"practical_naive",NA,1.0310629773985,0.335507715218985
1622,"correct_conditional",NA,1.66166511061754,0.426864233057436
1623,"history_naive",15,9.69626048470646e+285,9.69626048470646e+285
1623,"practical_naive",NA,1.00198179881607,0.226106281690287
1623,"correct_conditional",NA,1.04640899540608,0.42710291828003
1624,"history_naive",15,7.30866567831475e+285,4.87244378554316e+285
1624,"practical_naive",NA,2.75766395233181,0.0810572866700612
1624,"correct_conditional",NA,1.85244016964223,0.176661758673788
1625,"history_naive",14,9.4189704114199e+285,9.4189704114199e+285
1625,"practical_naive",NA,9.92246226678708,0.995071259672138
1625,"correct_conditional",NA,6.94597203138558,0.231515696607601
1626,"history_naive",14,9.69626048470648e+285,9.69626048470648e+285
1626,"practical_naive",NA,2.40616117431234,0.272025170830325
1626,"correct_conditional",NA,2.71884490222013,0.369665186171393
1627,"history_naive",14,9.83303169190955e+285,9.83303169190955e+285
1627,"practical_naive",NA,1.81242987292972,0.204186178210517
1627,"correct_conditional",NA,1.67066813538408,0.656306892388977
1628,"history_naive",14,7.43403833835166e+285,4.9560255589011e+285
1628,"practical_naive",NA,8.88843897951267,0.155045009426237
1628,"correct_conditional",NA,5.27263005168392,0.372673844620331
1629,"history_naive",14,9.77418080072026e+285,9.77418080072026e+285
1629,"practical_naive",NA,1.43742805128419,0.130296124151176
1629,"correct_conditional",NA,1.0577924189403,0.0362168072816404
1630,"history_naive",15,9.57096264051294e+285,9.57096264051294e+285
1630,"practical_naive",NA,1.08973779906055,0.1309224663495
1630,"correct_conditional",NA,2.9006124864502,0.507781267629755
1631,"history_naive",15,7.22867112894424e+285,4.81911408596282e+285
1631,"practical_naive",NA,1.54972219645767,0.131042374760637
1631,"correct_conditional",NA,1.22925763275083,0.114244211494614
1632,"history_naive",14,7.30135701263648e+285,4.86757134175765e+285
1632,"practical_naive",NA,2.15984473182605,0.0353418144991352
1632,"correct_conditional",NA,1.21852088367065,0.0268872374271018
1633,"history_naive",14,9.80356208609589e+285,9.80356208609589e+285
1633,"practical_naive",NA,2.0724117437052,0.426958988821353
1633,"correct_conditional",NA,1.2468409120232,0.158638779534956
1634,"history_naive",14,9.65753358155521e+285,9.65753358155521e+285
1634,"practical_naive",NA,2.00108910379438,0.415202165292817
1634,"correct_conditional",NA,2.74672335776464,1.06135274145959
1635,"history_naive",14,7.27219536352982e+285,4.84813024235321e+285
1635,"practical_naive",NA,3.23092447181398,0.219061080967733
1635,"correct_conditional",NA,2.13313092107733,0.336102589874468
1636,"history_naive",14,7.22867112894428e+285,4.81911408596285e+285
1636,"practical_naive",NA,1.1239998027477,0.19850182466682
1636,"correct_conditional",NA,1.30214459946999,0.134317481329041
1637,"history_naive",15,9.71568213329094e+285,9.71568213329094e+285
1637,"practical_naive",NA,1.63368678356143,0.153304119364437
1637,"correct_conditional",NA,1.29063302998527,0.197889232831109
1638,"history_naive",14,9.78396476548576e+285,9.78396476548576e+285
1638,"practical_naive",NA,1.3503666116518,0.147055376482025
1638,"correct_conditional",NA,1.28933166884835,0.158567118454969
1639,"history_naive",14,7.38954547032735e+285,4.9263636468849e+285
1639,"practical_naive",NA,1.42919309612235,0.195768491708445
1639,"correct_conditional",NA,1.83026522925735,0.349955365542779
1640,"history_naive",14,9.69626048470646e+285,9.69626048470646e+285
1640,"practical_naive",NA,1.510145678962,0.470724826082985
1640,"correct_conditional",NA,3.77977942762895,1.05904003315765
1641,"history_naive",15,9.82319866021763e+285,9.82319866021763e+285
1641,"practical_naive",NA,2.76928014228155,1.53163679255386
1641,"correct_conditional",NA,2.27302166297445,0.334080064554739
1642,"history_naive",14,9.59973305006372e+285,9.59973305006372e+285
1642,"practical_naive",NA,1.36789481609165,0.171200374958718
1642,"correct_conditional",NA,1.10122600796178,0.332192132206109
1643,"history_naive",15,7.47132030133119e+285,4.98088020088746e+285
1643,"practical_naive",NA,1.21604353319583,0.205795512744837
1643,"correct_conditional",NA,2.18358721285413,1.62339279179801
1644,"history_naive",14,7.22867112894424e+285,4.81911408596282e+285
1644,"practical_naive",NA,1.33687455237968,0.278382634149967
1644,"correct_conditional",NA,1.52404164399286,0.171920793403082
1645,"history_naive",14,7.27219536352988e+285,4.84813024235325e+285
1645,"practical_naive",NA,4.82259167087202,0.0951020248839833
1645,"correct_conditional",NA,1.35756661266585,0.0359518677367114
1646,"history_naive",14,9.44728393080781e+285,9.44728393080781e+285
1646,"practical_naive",NA,2.39811763034185,0.0763961019816149
1646,"correct_conditional",NA,3.70028542781328,0.169977416057079
1647,"history_naive",14,7.26492316816631e+285,4.84328211211087e+285
1647,"practical_naive",NA,1.03378914003622,0.416896863169917
1647,"correct_conditional",NA,1.9809743203575,0.651160515304008
1648,"history_naive",14,9.80356208609584e+285,9.80356208609584e+285
1648,"practical_naive",NA,4.12068357509012,0.248696661337971
1648,"correct_conditional",NA,4.46467808013583,0.324974381435747
1649,"history_naive",15,9.79375852400977e+285,9.79375852400977e+285
1649,"practical_naive",NA,1.13873129963839,0.283785063988118
1649,"correct_conditional",NA,1.14995917763466,0.44002950319087
1650,"history_naive",14,9.68656422422175e+285,9.68656422422175e+285
1650,"practical_naive",NA,3.1618901088147,0.206453373487934
1650,"correct_conditional",NA,1.45318201012274,0.0566694834224284
1651,"history_naive",14,7.22867112894423e+285,4.81911408596282e+285
1651,"practical_naive",NA,3.29976638269595,0.144542652300088
1651,"correct_conditional",NA,1.78565991915932,0.0281365174896547
1652,"history_naive",15,9.55183028619456e+285,9.55183028619456e+285
1652,"practical_naive",NA,1.73552429866421,1.53575668510366
1652,"correct_conditional",NA,3.87082461460335,3.63745055308309
1653,"history_naive",14,9.84287456647607e+285,9.84287456647607e+285
1653,"practical_naive",NA,4.01929693124947,0.218314120532626
1653,"correct_conditional",NA,1.70664684363419,0.123706197947308
1654,"history_naive",15,7.27219536352986e+285,4.84813024235324e+285
1654,"practical_naive",NA,2.70304243816296,0.0881706303722931
1654,"correct_conditional",NA,2.66857065901454,0.0545388122312956
1655,"history_naive",14,7.26492316816631e+285,4.84328211211088e+285
1655,"practical_naive",NA,7.14344206288254,0.14906367715934
1655,"correct_conditional",NA,3.20062273899981,0.478263984916156
1656,"history_naive",14,9.63822817192565e+285,9.63822817192565e+285
1656,"practical_naive",NA,2.16459177285657,0.219739506862536
1656,"correct_conditional",NA,1.54338869369256,0.0967149846810732
1657,"history_naive",15,9.89223692761776e+285,9.89223692761776e+285
1657,"practical_naive",NA,1.64129566447116,0.242160170570457
1657,"correct_conditional",NA,1.20596242394198,0.493256776058631
1658,"history_naive",15,9.80356208609588e+285,9.80356208609588e+285
1658,"practical_naive",NA,1.30790390307065,0.143099532313068
1658,"correct_conditional",NA,1.34460990830641,0.14734768859595
1659,"history_naive",15,9.78396476548577e+285,9.78396476548577e+285
1659,"practical_naive",NA,1.14302282264669,0.187474739582607
1659,"correct_conditional",NA,2.70134389183132,1.08032477888988
1660,"history_naive",15,9.59013331701369e+285,9.59013331701369e+285
1660,"practical_naive",NA,1.30856316182338,0.22224169407744
1660,"correct_conditional",NA,1.61209030874254,0.355461019351918
1661,"history_naive",14,9.76440661991957e+285,9.76440661991957e+285
1661,"practical_naive",NA,3.51262866465554,0.188109158209461
1661,"correct_conditional",NA,1.86891991765365,0.13085513188711
1662,"history_naive",14,9.60934239245622e+285,9.60934239245622e+285
1662,"practical_naive",NA,19.8130839981031,0.299715841831844
1662,"correct_conditional",1263,32.3943690339337,1.65991800837944
1663,"history_naive",15,7.33797357411435e+285,4.8919823827429e+285
1663,"practical_naive",NA,8.72779072090822,0.0859264218479141
1663,"correct_conditional",NA,5.57262121082383,0.0757960223879275
1664,"history_naive",14,7.21422101535748e+285,4.80948067690498e+285
1664,"practical_naive",NA,2.15830722334731,0.231391211544173
1664,"correct_conditional",NA,2.74141756743771,0.681691417855669
1665,"history_naive",15,9.76440661991958e+285,9.76440661991958e+285
1665,"practical_naive",NA,3.52615174168029,0.220576614100372
1665,"correct_conditional",NA,1.72791766617119,0.284102333093831
1666,"history_naive",15,9.71568213329092e+285,9.71568213329092e+285
1666,"practical_naive",NA,3.95464119189747,0.230003054412345
1666,"correct_conditional",NA,3.29763410163557,0.461813390603856
1667,"history_naive",14,7.24315018616642e+285,4.82876679077761e+285
1667,"practical_naive",NA,1.23424896250606,0.246633793079476
1667,"correct_conditional",NA,1.32514662871032,0.448250370637301
1668,"history_naive",14,9.52320344127498e+285,9.52320344127498e+285
1668,"practical_naive",NA,1.00451105121668,0.316140550606377
1668,"correct_conditional",NA,1.005072445942,0.185062949047696
1669,"history_naive",14,9.66720078233751e+285,9.66720078233751e+285
1669,"practical_naive",NA,1.00378771692308,0.294919892056464
1669,"correct_conditional",NA,1.0012,0.801908945461788
1670,"history_naive",15,9.57096264051293e+285,9.57096264051293e+285
1670,"practical_naive",NA,1.76913189950237,0.411333658167126
1670,"correct_conditional",NA,2.13512652579988,0.0655293831471305
1671,"history_naive",14,9.65753358155524e+285,9.65753358155524e+285
1671,"practical_naive",NA,1.00972787789809,0.176727928176688
1671,"correct_conditional",NA,1.11352267629163,0.216708447106832
1672,"history_naive",14,9.67687765999755e+285,9.67687765999755e+285
1672,"practical_naive",NA,1.16198234898288,0.245610968420877
1672,"correct_conditional",NA,1.21045801477569,0.254243183653598
1673,"history_naive",14,9.75464221329963e+285,9.75464221329963e+285
1673,"practical_naive",NA,2.46678903661431,1.88030423785834
1673,"correct_conditional",NA,5.86195414204457,5.21136292661523
1674,"history_naive",15,7.15670884193125e+285,4.77113922795417e+285
1674,"practical_naive",NA,1.33836805974523,0.199185045832004
1674,"correct_conditional",NA,1.28266671071669,0.270674691680876
1675,"history_naive",14,9.72540754083177e+285,9.72540754083177e+285
1675,"practical_naive",NA,1.00371073547757,0.239107857811555
1675,"correct_conditional",NA,1.15249936945577,0.208255784351238
1676,"history_naive",15,7.25765824499816e+285,4.83843882999878e+285
1676,"practical_naive",NA,1.03668736901602,0.184380363024198
1676,"correct_conditional",NA,1.31679210195939,0.40134787599741
1677,"history_naive",14,7.39694241274013e+285,4.93129494182676e+285
1677,"practical_naive",NA,1.64815903126169,0.628002913881896
1677,"correct_conditional",NA,1.73285964208345,0.987492150864258
1678,"history_naive",14,9.49466239103833e+285,9.49466239103833e+285
1678,"practical_naive",NA,1.25385170625996,0.125188968113793
1678,"correct_conditional",NA,1.42941201586543,0.464146706234383
1679,"history_naive",15,9.81337546155744e+285,9.81337546155744e+285
1679,"practical_naive",NA,1.07615469414382,0.205321767019315
1679,"correct_conditional",NA,1.58079873706198,0.399364500403146
1680,"history_naive",14,7.23590703598027e+285,4.82393802398685e+285
1680,"practical_naive",NA,1.40057014292899,0.263517631522886
1680,"correct_conditional",NA,1.06686587397279,0.209713210604799
1681,"history_naive",15,9.70596645115761e+285,9.70596645115761e+285
1681,"practical_naive",NA,1.89349467225497,0.237343413338068
1681,"correct_conditional",NA,2.31649327906146,0.443021792932594
1682,"history_naive",14,7.16387271464593e+285,4.77591514309729e+285
1682,"practical_naive",NA,1.2215958391511,0.212549530330979
1682,"correct_conditional",NA,1.52723832588868,0.643859187245832
1683,"history_naive",15,9.58054318369664e+285,9.58054318369664e+285
1683,"practical_naive",NA,1.27666255468144,0.571350175124908
1683,"correct_conditional",NA,2.4301296231731,0.789276578486233
1684,"history_naive",14,9.90213906668445e+285,9.90213906668445e+285
1684,"practical_naive",NA,1.97615293996213,0.105724810534177
1684,"correct_conditional",NA,1.32854578253158,0.0619308983876887
1685,"history_naive",14,7.32330496493967e+285,4.88220330995978e+285
1685,"practical_naive",723,134.449337564386,14.9189572896365
1685,"correct_conditional",517,21.4891824597698,1.09142373768093
1686,"history_naive",14,9.64787604797363e+285,9.64787604797363e+285
1686,"practical_naive",NA,2.85076306203432,0.181610304694004
1686,"correct_conditional",NA,2.51616366987887,0.507351308141433
1687,"history_naive",14,9.80356208609588e+285,9.80356208609588e+285
1687,"practical_naive",NA,1.59930640113517,0.20181006359021
1687,"correct_conditional",NA,1.28296319904276,0.121317534234657
1688,"history_naive",14,7.23590703598022e+285,4.82393802398681e+285
1688,"practical_naive",NA,1.16861346243956,0.211904067210488
1688,"correct_conditional",NA,1.8725149875424,0.94905791579094
1689,"history_naive",14,9.62858994375372e+285,9.62858994375372e+285
1689,"practical_naive",NA,5.67732220037778,0.230046685829039
1689,"correct_conditional",NA,3.12418991089999,0.428192329168534
1690,"history_naive",14,9.79375852400975e+285,9.79375852400975e+285
1690,"practical_naive",NA,1.61633967194582,0.290726854418785
1690,"correct_conditional",NA,1.28651006600254,0.343200711284418
1691,"history_naive",14,7.30866567831474e+285,4.87244378554316e+285
1691,"practical_naive",NA,1.67711420231739,0.0658706055564002
1691,"correct_conditional",NA,2.72041865249121,0.579765581156479
1692,"history_naive",14,9.60934239245616e+285,9.60934239245616e+285
1692,"practical_naive",NA,2.19262802259417,0.476772985201899
1692,"correct_conditional",NA,3.95826607768354,1.36880088071373
1693,"history_naive",14,9.78396476548577e+285,9.78396476548577e+285
1693,"practical_naive",NA,2.21030685336003,0.151139337263373
1693,"correct_conditional",NA,1.56197650082181,0.128814872970961
1694,"history_naive",14,7.32330496493969e+285,4.88220330995979e+285
1694,"practical_naive",NA,2.81573070533758,0.227390683967396
1694,"correct_conditional",NA,2.00565887606318,0.715256384534304
1695,"history_naive",14,7.30866567831477e+285,4.87244378554318e+285
1695,"practical_naive",NA,4.96499392792679,3.6630908933117
1695,"correct_conditional",NA,1.35834373315389,0.362555590211072
1696,"history_naive",14,7.3453188930073e+285,4.89687926200487e+285
1696,"practical_naive",NA,1.07873331835003,0.149819875464565
1696,"correct_conditional",NA,1.14559333793122,0.130638289097085
1697,"history_naive",15,9.73514268351526e+285,9.73514268351526e+285
1697,"practical_naive",NA,2.60132987792596,0.0882967045232275
1697,"correct_conditional",NA,4.19083856025834,0.193506749889024
1698,"history_naive",14,9.73514268351524e+285,9.73514268351524e+285
1698,"practical_naive",NA,3.40129585223748,0.231833877510903
1698,"correct_conditional",NA,2.9575374146742,0.392264561120553
1699,"history_naive",14,9.59973305006374e+285,9.59973305006374e+285
1699,"practical_naive",NA,4.25553533803356,0.0776456216908424
1699,"correct_conditional",NA,3.96782177776529,0.0421835130765801
1700,"history_naive",14,9.68656422422177e+285,9.68656422422177e+285
1700,"practical_naive",NA,6.51311537580634,0.0615006597710397
1700,"correct_conditional",NA,6.93464791510405,0.267803374944526
1701,"history_naive",15,7.47132030133119e+285,4.98088020088746e+285
1701,"practical_naive",NA,4.4169184078661,0.0895053899875415
1701,"correct_conditional",NA,2.73366472971373,0.447064675066993
1702,"history_naive",15,7.22144245781529e+285,4.81429497187686e+285
1702,"practical_naive",NA,2.5389275546403,0.170178890177199
1702,"correct_conditional",NA,2.08929952820225,0.357228758841316
1703,"history_naive",15,7.34531889300733e+285,4.89687926200489e+285
1703,"practical_naive",NA,3.36722868420056,0.168053585257137
1703,"correct_conditional",NA,4.49372878100852,1.53572438954258
1704,"history_naive",14,9.79375852400979e+285,9.79375852400979e+285
1704,"practical_naive",NA,1.13573354002363,0.303784328594108
1704,"correct_conditional",NA,1.00260615384615,0.274523589286634
1705,"history_naive",15,9.64787604797363e+285,9.64787604797363e+285
1705,"practical_naive",NA,2.52160685429438,1.8376783659196
1705,"correct_conditional",NA,6.11251721766843,1.85961114321852
1706,"history_naive",14,9.68656422422177e+285,9.68656422422177e+285
1706,"practical_naive",NA,1.29110455107848,0.252856660453096
1706,"correct_conditional",NA,1.02115639864974,0.402067914572766
1707,"history_naive",15,7.20700679434213e+285,4.80467119622809e+285
1707,"practical_naive",NA,1.66801568862692,0.223249691900892
1707,"correct_conditional",NA,1.81983737162552,0.369786954688839
1708,"history_naive",15,9.7059664511576e+285,9.7059664511576e+285
1708,"practical_naive",NA,1.20375118313217,0.0941137863990052
1708,"correct_conditional",NA,1.69563595688047,0.38618221210991
1709,"history_naive",14,7.44892874691678e+285,4.96595249794452e+285
1709,"practical_naive",NA,6.71269006646662,0.56802003333669
1709,"correct_conditional",NA,4.68012740643632,0.330269025359569
1710,"history_naive",15,7.12812491819692e+285,4.75208327879794e+285
1710,"practical_naive",NA,1.2602152569564,0.570908297941577
1710,"correct_conditional",NA,1.17735622034057,1.01541306530209
1711,"history_naive",14,9.93190499588898e+285,9.93190499588898e+285
1711,"practical_naive",NA,1.30400001868548,0.160430061885395
1711,"correct_conditional",NA,1.18773471848433,0.253301935321596
1712,"history_naive",15,9.58054318369664e+285,9.58054318369664e+285
1712,"practical_naive",NA,1.61039852473251,0.257021591321686
1712,"correct_conditional",NA,8.96125860736002,3.19382278701297
1713,"history_naive",14,7.30135701263646e+285,4.86757134175764e+285
1713,"practical_naive",NA,2.50310402438851,0.247190277844861
1713,"correct_conditional",NA,1.13540965686032,0.195239651981719
1714,"history_naive",15,9.83303169190961e+285,9.83303169190961e+285
1714,"practical_naive",NA,1.66757529707612,0.0645989013283118
1714,"correct_conditional",NA,1.43531990354245,0.150536008458483
1715,"history_naive",14,9.66720078233755e+285,9.66720078233755e+285
1715,"practical_naive",NA,3.43247901147533,0.101419144968877
1715,"correct_conditional",NA,3.88584339387672,0.635577776399215
1716,"history_naive",14,9.76440661991959e+285,9.76440661991959e+285
1716,"practical_naive",NA,1.38855846262831,0.216570336651668
1716,"correct_conditional",NA,4.07303290259129,2.120213174247
1717,"history_naive",15,9.47568256091863e+285,9.47568256091863e+285
1717,"practical_naive",NA,3.10427914808969,0.110026065509269
1717,"correct_conditional",NA,2.44941580253617,0.256857860195449
1718,"history_naive",14,9.49466239103832e+285,9.49466239103832e+285
1718,"practical_naive",NA,1.22962100380853,0.77277152283054
1718,"correct_conditional",NA,5.01098273448172,4.65862981814467
1719,"history_naive",14,9.71568213329086e+285,9.71568213329086e+285
1719,"practical_naive",NA,11.6720329835225,0.0428665973193891
1719,"correct_conditional",NA,12.6901005384206,0.509565166674561
1720,"history_naive",15,9.64787604797364e+285,9.64787604797364e+285
1720,"practical_naive",NA,1.9313173118389,0.172687797769829
1720,"correct_conditional",NA,1.86482325235985,0.480006348870094
1721,"history_naive",14,7.22867112894425e+285,4.81911408596284e+285
1721,"practical_naive",NA,1.46567429424649,0.177714087777253
1721,"correct_conditional",NA,1.70904339028826,0.333966053038669
1722,"history_naive",15,7.40434675949958e+285,4.93623117299972e+285
1722,"practical_naive",NA,1.88347985676134,0.195780357086713
1722,"correct_conditional",NA,1.28165212056218,0.358846351894265
1723,"history_naive",14,9.62858994375374e+285,9.62858994375374e+285
1723,"practical_naive",NA,1.04933475356259,0.230764921320954
1723,"correct_conditional",NA,1.04721253812406,0.338231279984164
1724,"history_naive",15,9.68656422422175e+285,9.68656422422175e+285
1724,"practical_naive",NA,6.49102642540492,0.162224332362275
1724,"correct_conditional",NA,2.3633103356022,0.131628263799618
1725,"history_naive",15,9.71568213329095e+285,9.71568213329095e+285
1725,"practical_naive",NA,1.00382501696548,0.373427359252469
1725,"correct_conditional",NA,1.0230794672426,0.206487996331652
1726,"history_naive",15,7.27219536352985e+285,4.84813024235323e+285
1726,"practical_naive",NA,1.23352989924286,0.304260426024142
1726,"correct_conditional",NA,1.184037002964,0.318580882154667
1727,"history_naive",14,9.62858994375377e+285,9.62858994375377e+285
1727,"practical_naive",NA,1.68357490578571,0.18937823140797
1727,"correct_conditional",NA,1.70385914727585,0.171062884323516
1728,"history_naive",14,9.7546422132996e+285,9.7546422132996e+285
1728,"practical_naive",NA,1.27438042328364,0.222549912271893
1728,"correct_conditional",NA,1.68150752454292,0.41279207247206
1729,"history_naive",14,9.77418080072025e+285,9.77418080072025e+285
1729,"practical_naive",NA,1.31830533351054,0.226756913108972
1729,"correct_conditional",NA,1.03802622176852,0.156532357986822
1730,"history_naive",14,7.36003159616806e+285,4.90668773077871e+285
1730,"practical_naive",NA,7.04676720422591,3.29517243001248
1730,"correct_conditional",NA,14.8673595858185,11.1084797238797
1731,"history_naive",14,9.85272729376974e+285,9.85272729376974e+285
1731,"practical_naive",NA,1.30530633600209,0.19545622131883
1731,"correct_conditional",NA,1.64185866255176,0.337985601793013
1732,"history_naive",14,7.30135701263648e+285,4.86757134175766e+285
1732,"practical_naive",NA,1.14950748290506,0.304000882407146
1732,"correct_conditional",NA,1.381127685848,0.679998473612348
1733,"history_naive",15,9.81337546155743e+285,9.81337546155743e+285
1733,"practical_naive",NA,15.5589327481507,2.3602630683158
1733,"correct_conditional",NA,5.26068374086658,2.16559791829287
1734,"history_naive",15,9.47568256091859e+285,9.47568256091859e+285
1734,"practical_naive",NA,1.17964220104382,0.381973170300885
1734,"correct_conditional",NA,1.24518488809408,0.423878000792332
1735,"history_naive",14,9.70596645115763e+285,9.70596645115763e+285
1735,"practical_naive",NA,19.2928720700705,0.0915067933316802
1735,"correct_conditional",NA,10.0646585855068,0.353861361454058
1736,"history_naive",14,9.77418080072025e+285,9.77418080072025e+285
1736,"practical_naive",NA,1.16895030857972,0.179055472171382
1736,"correct_conditional",NA,2.02482710675829,1.1085920966897
1737,"history_naive",15,9.71568213329085e+285,9.71568213329085e+285
1737,"practical_naive",NA,2.12713501457573,0.0776647006426913
1737,"correct_conditional",NA,2.58911274072161,0.274902495511435
1738,"history_naive",15,9.70596645115767e+285,9.70596645115767e+285
1738,"practical_naive",NA,1.60862955313851,0.195445618040417
1738,"correct_conditional",NA,1.89890054350682,0.512789584965705
1739,"history_naive",15,9.55183028619463e+285,9.55183028619463e+285
1739,"practical_naive",NA,3.4623011366916,0.806119811802107
1739,"correct_conditional",NA,17.3178799182453,2.97266848592812
1740,"history_naive",14,7.19259998776023e+285,4.79506665850682e+285
1740,"practical_naive",NA,2.7096510920701,2.02547216052041
1740,"correct_conditional",NA,3.00039541640073,2.80172428568966
1741,"history_naive",14,9.65753358155518e+285,9.65753358155518e+285
1741,"practical_naive",NA,1.82974411722003,0.225626803109233
1741,"correct_conditional",NA,1.60242659018894,0.408125200136727
1742,"history_naive",14,7.11387579648548e+285,4.74258386432365e+285
1742,"practical_naive",NA,1.10399439499994,0.252805142931752
1742,"correct_conditional",NA,1.17800418956936,0.527081730310352
1743,"history_naive",14,9.73514268351528e+285,9.73514268351528e+285
1743,"practical_naive",NA,1.2274631970355,0.295294739481244
1743,"correct_conditional",NA,1.37519252993078,0.246892258725739
1744,"history_naive",15,9.54227845590834e+285,9.54227845590834e+285
1744,"practical_naive",NA,1.25355981042142,0.221779936692782
1744,"correct_conditional",NA,1.38261686769319,0.846689960960326
1745,"history_naive",15,7.19979978754777e+285,4.79986652503185e+285
1745,"practical_naive",NA,9.71253525152713,0.237977293219066
1745,"correct_conditional",NA,3.84051345061176,0.219265635649847
1746,"history_naive",14,9.8133754615574e+285,9.8133754615574e+285
1746,"practical_naive",NA,1.16586691463548,0.350828507012705
1746,"correct_conditional",NA,1.10612700807943,0.374826378894159
1747,"history_naive",14,9.5997330500637e+285,9.5997330500637e+285
1747,"practical_naive",NA,1.07284305477194,0.182934750622725
1747,"correct_conditional",NA,1.14759376711928,0.264437825333134
1748,"history_naive",14,7.3306356005402e+285,4.88709040036013e+285
1748,"practical_naive",NA,1.00308887709297,0.232665274495981
1748,"correct_conditional",NA,1,0.394213265316565
1749,"history_naive",15,7.34531889300731e+285,4.89687926200487e+285
1749,"practical_naive",NA,1.57230643205479,0.0318887739734112
1749,"correct_conditional",NA,2.45809225118449,0.135186872496678
1750,"history_naive",15,7.19259998776023e+285,4.79506665850682e+285
1750,"practical_naive",NA,2.2501223871823,0.20043054956772
1750,"correct_conditional",NA,2.21140237649149,0.356723772207242
1751,"history_naive",14,7.23590703598018e+285,4.82393802398679e+285
1751,"practical_naive",NA,2.24570835695384,0.203111661785032
1751,"correct_conditional",NA,1.08847180033165,0.317177034293474
1752,"history_naive",15,9.70596645115761e+285,9.70596645115761e+285
1752,"practical_naive",NA,1.85129021998491,0.168124713593176
1752,"correct_conditional",NA,2.13287820242859,0.135050750680703
1753,"history_naive",15,9.68656422422176e+285,9.68656422422176e+285
1753,"practical_naive",NA,1.24481861934847,0.165012417403717
1753,"correct_conditional",NA,1.12387039446275,0.194744432747202
1754,"history_naive",14,9.57096264051292e+285,9.57096264051292e+285
1754,"practical_naive",NA,1.01885753234476,0.100832245201717
1754,"correct_conditional",NA,2.07713326867989,0.752754774103884
1755,"history_naive",14,9.83303169190955e+285,9.83303169190955e+285
1755,"practical_naive",NA,1.19891536819537,0.490014626107826
1755,"correct_conditional",NA,1.16373489065142,0.703558696739789
1756,"history_naive",14,9.56139167787242e+285,9.56139167787242e+285
1756,"practical_naive",NA,1.61929059882334,0.049317948749691
1756,"correct_conditional",NA,2.3445927777691,0.32662102905749
1757,"history_naive",14,9.65753358155517e+285,9.65753358155517e+285
1757,"practical_naive",NA,6.09210577041897,1.46176842021911
1757,"correct_conditional",NA,2.42113752666725,0.176517176162412
1758,"history_naive",14,9.80356208609588e+285,9.80356208609588e+285
1758,"practical_naive",NA,1.97725655457787,0.126310701692574
1758,"correct_conditional",NA,1.64191812481858,0.0499191745300727
1759,"history_naive",15,9.6962604847065e+285,9.6962604847065e+285
1759,"practical_naive",NA,4.93121822704744,0.110989210999275
1759,"correct_conditional",NA,2.13530939885235,0.0254764269614371
1760,"history_naive",15,9.68656422422172e+285,9.68656422422172e+285
1760,"practical_naive",NA,3.48863553570639,0.545309149102491
1760,"correct_conditional",1625,24.9991170967315,14.178392500969
1761,"history_naive",14,7.20700679434211e+285,4.80467119622808e+285
1761,"practical_naive",192,31.5556055572454,0.19345827657252
1761,"correct_conditional",226,21.7394449429023,0.29342768780424
1762,"history_naive",14,7.26492316816633e+285,4.84328211211089e+285
1762,"practical_naive",NA,2.0669572755209,0.0699927605669195
1762,"correct_conditional",NA,1.9596950680896,0.0146926443764594
1763,"history_naive",15,9.66720078233755e+285,9.66720078233755e+285
1763,"practical_naive",NA,1.47604124400306,0.20057967346012
1763,"correct_conditional",NA,1.37782911969132,0.380140784226692
1764,"history_naive",14,9.570962640513e+285,9.570962640513e+285
1764,"practical_naive",NA,1.02422666058078,0.261568680165388
1764,"correct_conditional",NA,1.2586841117101,0.733609043852632
1765,"history_naive",15,7.10676192068893e+285,4.73784128045928e+285
1765,"practical_naive",NA,7.45882584379281,0.190184211516538
1765,"correct_conditional",NA,4.67177840080442,1.25188535996633
1766,"history_naive",14,9.79375852400978e+285,9.79375852400978e+285
1766,"practical_naive",NA,1.19029802546651,0.311403199993386
1766,"correct_conditional",NA,1.0718107099196,0.507922394686317
1767,"history_naive",14,9.75464221329963e+285,9.75464221329963e+285
1767,"practical_naive",NA,1.10366605595458,0.251473589019948
1767,"correct_conditional",NA,1.17582398814484,0.295702590359644
1768,"history_naive",14,7.1710437584043e+285,4.7806958389362e+285
1768,"practical_naive",NA,9.18951075987658,0.168903788553828
1768,"correct_conditional",NA,9.76100781148928,0.217475466436167
1769,"history_naive",14,7.38215592485703e+285,4.92143728323802e+285
1769,"practical_naive",NA,1.59308750911817,0.338735930749589
1769,"correct_conditional",NA,1.02121699707828,0.29067663171305
1770,"history_naive",15,9.87246234599948e+285,9.87246234599948e+285
1770,"practical_naive",NA,2.76852086921329,0.210132812584924
1770,"correct_conditional",NA,1.91615935302934,0.30219866530999
1771,"history_naive",14,7.26492316816631e+285,4.84328211211087e+285
1771,"practical_naive",NA,1.1143855124425,0.173172460342867
1771,"correct_conditional",NA,1.11459017430509,0.348594798386647
1772,"history_naive",14,9.84287456647607e+285,9.84287456647607e+285
1772,"practical_naive",NA,2.45870252348329,0.297146014789424
1772,"correct_conditional",NA,1.07916203845422,0.0414175387557271
1773,"history_naive",14,9.69626048470643e+285,9.69626048470643e+285
1773,"practical_naive",NA,1.4954888856224,0.390542593344528
1773,"correct_conditional",NA,1.50041262768885,0.433404351185478
1774,"history_naive",14,9.73514268351523e+285,9.73514268351523e+285
1774,"practical_naive",NA,13.3527555510417,0.875277269259413
1774,"correct_conditional",NA,19.33292948531,1.43585040011036
1775,"history_naive",14,7.27219536352985e+285,4.84813024235324e+285
1775,"practical_naive",NA,1.45162727272643,0.184918744897187
1775,"correct_conditional",NA,1.34467145396834,0.295972021439977
1776,"history_naive",14,9.70596645115764e+285,9.70596645115764e+285
1776,"practical_naive",NA,3.70650533268109,0.339593432797678
1776,"correct_conditional",NA,4.81851407909963,1.29739884654028
1777,"history_naive",14,9.79375852400975e+285,9.79375852400975e+285
1777,"practical_naive",NA,1.63330123080131,0.262390620940333
1777,"correct_conditional",NA,1.54037467919535,0.410265159229762
1778,"history_naive",14,9.59013331701369e+285,9.59013331701369e+285
1778,"practical_naive",NA,1.33803343369995,0.18160373793411
1778,"correct_conditional",NA,1.06580482148415,0.141145464459893
1779,"history_naive",14,9.49466239103829e+285,9.49466239103829e+285
1779,"practical_naive",NA,1.33695001447517,0.349279294191579
1779,"correct_conditional",NA,1.30423906313662,0.12474815065254
1780,"history_naive",14,9.66720078233754e+285,9.66720078233754e+285
1780,"practical_naive",NA,1.95574679202793,0.0848716322346292
1780,"correct_conditional",NA,3.34191916063977,0.984591076717037
1781,"history_naive",14,9.59973305006373e+285,9.59973305006373e+285
1781,"practical_naive",NA,3.43191098006801,0.316699222209429
1781,"correct_conditional",NA,7.71634559702558,1.74125387014044
1782,"history_naive",15,7.22867112894426e+285,4.81911408596284e+285
1782,"practical_naive",NA,1,0.292202690738337
1782,"correct_conditional",NA,1.02394424415233,0.325996779398937
1783,"history_naive",15,9.68656422422176e+285,9.68656422422176e+285
1783,"practical_naive",NA,1.0083541796391,0.435658553256728
1783,"correct_conditional",NA,1.06310911750668,0.188115348819427
1784,"history_naive",14,9.60934239245618e+285,9.60934239245618e+285
1784,"practical_naive",NA,1.30274624409219,0.252321907308332
1784,"correct_conditional",NA,1.65324521718827,0.68057265306581
1785,"history_naive",14,7.39694241274011e+285,4.93129494182674e+285
1785,"practical_naive",NA,1.92215074275831,0.30119605556012
1785,"correct_conditional",NA,3.33767129646293,1.74051643814887
1786,"history_naive",14,9.70596645115764e+285,9.70596645115764e+285
1786,"practical_naive",NA,2.45151161766707,0.196550645370407
1786,"correct_conditional",NA,2.07067768265279,0.340156827091612
1787,"history_naive",14,7.36003159616804e+285,4.90668773077869e+285
1787,"practical_naive",NA,1.10359830726746,0.281067276071106
1787,"correct_conditional",NA,1,0.129852781743251
1788,"history_naive",14,9.77418080072027e+285,9.77418080072027e+285
1788,"practical_naive",NA,1.39722268925601,0.126251499278964
1788,"correct_conditional",NA,1.1610273028246,0.0792545378090957
1789,"history_naive",14,9.74488757108634e+285,9.74488757108634e+285
1789,"practical_naive",NA,1.05742228256569,0.274428266719504
1789,"correct_conditional",NA,1.0024109513991,0.350991457330749
1790,"history_naive",14,9.73514268351522e+285,9.73514268351522e+285
1790,"practical_naive",NA,1.40117353640831,0.100081156484757
1790,"correct_conditional",NA,1.52529813107881,0.195709650108916
1791,"history_naive",15,7.27947483836825e+285,4.85298322557883e+285
1791,"practical_naive",NA,1.02441236364417,0.219412196218815
1791,"correct_conditional",NA,1.09949300286202,0.453849371925788
1792,"history_naive",15,9.6672007823375e+285,9.6672007823375e+285
1792,"practical_naive",NA,1.65435722394673,0.166695432636707
1792,"correct_conditional",NA,1.66258793302041,0.329928533617697
1793,"history_naive",15,7.41917769571332e+285,4.94611846380888e+285
1793,"practical_naive",NA,2.0811095347267,0.291818641363562
1793,"correct_conditional",NA,3.01409563777743,0.288929201827743
1794,"history_naive",14,9.76440661991957e+285,9.76440661991957e+285
1794,"practical_naive",NA,1.65123410879392,0.204788565707386
1794,"correct_conditional",NA,1.00917356690104,0.158013206935221
1795,"history_naive",15,7.22144245781532e+285,4.81429497187688e+285
1795,"practical_naive",NA,2.53748646876762,2.00332045639513
1795,"correct_conditional",NA,1.1808876627871,0.757844461130969
1796,"history_naive",15,9.58054318369662e+285,9.58054318369662e+285
1796,"practical_naive",NA,1.88007923890554,1.11006728567535
1796,"correct_conditional",NA,2.80621072568615,2.80621072568615
1797,"history_naive",15,9.62858994375373e+285,9.62858994375373e+285
1797,"practical_naive",NA,1.07294732826444,0.300097861447014
1797,"correct_conditional",NA,1.85898073978482,1.4974556072386
1798,"history_naive",15,9.7644066199196e+285,9.7644066199196e+285
1798,"practical_naive",NA,1.14365393136057,0.26978464088667
1798,"correct_conditional",NA,1.22013179992588,0.32954534710586
1799,"history_naive",14,7.18540738777249e+285,4.79027159184833e+285
1799,"practical_naive",NA,1.98192064854134,0.161048428091655
1799,"correct_conditional",NA,3.9853175143334,0.376438047268532
1800,"history_naive",15,9.76440661991957e+285,9.76440661991957e+285
1800,"practical_naive",NA,15.3612127809574,0.196851565134265
1800,"correct_conditional",486,20.9989980523355,0.470904931523795
1801,"history_naive",14,9.66720078233759e+285,9.66720078233759e+285
1801,"practical_naive",NA,2.55527818668489,0.278811966266766
1801,"correct_conditional",NA,6.58112578457152,1.54091825477835
1802,"history_naive",14,9.96176040177494e+285,9.96176040177494e+285
1802,"practical_naive",NA,1.3299982787089,0.158790513234711
1802,"correct_conditional",NA,1.26625168939607,0.0869065512646725
1803,"history_naive",15,9.85272729376982e+285,9.85272729376982e+285
1803,"practical_naive",NA,4.29897507306211,0.19205689593515
1803,"correct_conditional",NA,3.00442441874377,0.461806601419269
1804,"history_naive",14,9.66720078233762e+285,9.66720078233762e+285
1804,"practical_naive",NA,1.32507744146513,0.168337133103241
1804,"correct_conditional",NA,1.24197380701757,0.277044168016829
1805,"history_naive",14,7.25765824499817e+285,4.83843882999878e+285
1805,"practical_naive",NA,1.52505598213753,0.508724030355579
1805,"correct_conditional",NA,2.11566749857509,0.708177376036901
1806,"history_naive",15,9.61896135381003e+285,9.61896135381003e+285
1806,"practical_naive",NA,1.0669551252852,0.1457952696604
1806,"correct_conditional",NA,1.03668933172608,0.168030887301451
1807,"history_naive",14,9.523203441275e+285,9.523203441275e+285
1807,"practical_naive",NA,1.65991701654936,0.191366471857133
1807,"correct_conditional",NA,1.9101441383992,0.317850972121891
1808,"history_naive",15,9.82319866021765e+285,9.82319866021765e+285
1808,"practical_naive",NA,1.0256066603843,0.255515728961798
1808,"correct_conditional",NA,1.09764684779504,0.42084723635077
1809,"history_naive",14,9.80356208609585e+285,9.80356208609585e+285
1809,"practical_naive",NA,1.36667319309253,0.359992831255109
1809,"correct_conditional",NA,1.2676472984104,0.130147734096028
1810,"history_naive",14,9.56139167787244e+285,9.56139167787244e+285
1810,"practical_naive",NA,3.82924388784321,0.271886751362974
1810,"correct_conditional",NA,17.4631357369897,4.59069674352624
1811,"history_naive",15,9.59973305006375e+285,9.59973305006375e+285
1811,"practical_naive",NA,1.64644700158514,0.186425739471788
1811,"correct_conditional",NA,1.3828364395923,0.566318927105046
1812,"history_naive",15,9.67687765999749e+285,9.67687765999749e+285
1812,"practical_naive",NA,1.19723842101832,0.445687814148101
1812,"correct_conditional",NA,1.11908734848507,0.254408103905231
1813,"history_naive",14,7.36739899516322e+285,4.91159933010882e+285
1813,"practical_naive",NA,1.69599294280479,0.185844545961409
1813,"correct_conditional",NA,3.12984559381969,0.504305727029401
1814,"history_naive",14,9.71568213329095e+285,9.71568213329095e+285
1814,"practical_naive",NA,1.05325221643289,0.297080182457636
1814,"correct_conditional",NA,1.07497477102628,0.234813000980316
1815,"history_naive",14,9.74488757108633e+285,9.74488757108633e+285
1815,"practical_naive",NA,5.01678646332605,0.130045916181663
1815,"correct_conditional",NA,2.50726867198063,0.945105688173948
1816,"history_naive",15,9.52320344127497e+285,9.52320344127497e+285
1816,"practical_naive",NA,1.07108292752236,0.222398174961173
1816,"correct_conditional",NA,1.09296305766961,0.403421708529549
1817,"history_naive",14,7.24315018616638e+285,4.82876679077759e+285
1817,"practical_naive",NA,1.12157229293852,0.378758620117692
1817,"correct_conditional",NA,1.0872145326088,0.471552528720216
1818,"history_naive",14,7.19259998776023e+285,4.79506665850682e+285
1818,"practical_naive",NA,10.0236201816465,0.193854441267473
1818,"correct_conditional",NA,7.41992055767242,0.130676504464241
1819,"history_naive",14,9.75464221329963e+285,9.75464221329963e+285
1819,"practical_naive",NA,5.76956503674807,0.0636337882646217
1819,"correct_conditional",NA,1.44362297999255,0.0140485129919066
1820,"history_naive",14,9.67687765999757e+285,9.67687765999757e+285
1820,"practical_naive",NA,1.57910194255849,0.128774340629787
1820,"correct_conditional",NA,2.07490982257921,0.414012517802829
1821,"history_naive",14,9.63822817192564e+285,9.63822817192564e+285
1821,"practical_naive",NA,1.27390402303853,0.193176058673998
1821,"correct_conditional",NA,2.38711255491546,0.973577429419001
1822,"history_naive",14,9.60934239245617e+285,9.60934239245617e+285
1822,"practical_naive",NA,1.28516832381026,0.244728371420149
1822,"correct_conditional",NA,1.16708445169493,0.385925257399288
1823,"history_naive",15,9.69626048470646e+285,9.69626048470646e+285
1823,"practical_naive",NA,3.82294743457686,0.28185203682607
1823,"correct_conditional",NA,2.74687643932836,0.463830197061316
1824,"history_naive",14,7.18540738777249e+285,4.79027159184832e+285
1824,"practical_naive",NA,2.42643873400275,0.168016622871413
1824,"correct_conditional",NA,1.62106970896847,0.0702134174931468
1825,"history_naive",15,7.27219536352986e+285,4.84813024235324e+285
1825,"practical_naive",NA,1.36020667089371,0.418562136858577
1825,"correct_conditional",NA,1.41575752701625,0.823709368453049
1826,"history_naive",14,9.77418080072034e+285,9.77418080072034e+285
1826,"practical_naive",NA,2.38370574119645,0.307238556305041
1826,"correct_conditional",NA,1.61758910589084,0.368376436203612
1827,"history_naive",14,9.77418080072026e+285,9.77418080072026e+285
1827,"practical_naive",NA,1.45380776605692,0.176775030534101
1827,"correct_conditional",NA,1.85864294227965,0.119248695697844
1828,"history_naive",15,9.64787604797362e+285,9.64787604797362e+285
1828,"practical_naive",NA,1.10864521260941,0.197040312820366
1828,"correct_conditional",NA,1.28389882554624,0.855488387132961
1829,"history_naive",15,9.59013331701364e+285,9.59013331701364e+285
1829,"practical_naive",NA,3.5357204217679,0.250937526211993
1829,"correct_conditional",NA,1.52313764739077,0.169126045287055
1830,"history_naive",14,9.89223692761776e+285,9.89223692761776e+285
1830,"practical_naive",NA,5.05572086556465,0.243221715986772
1830,"correct_conditional",NA,3.5779453857984,0.302514905531467
1831,"history_naive",15,9.64787604797362e+285,9.64787604797362e+285
1831,"practical_naive",NA,1.18969126164541,0.22957191319747
1831,"correct_conditional",NA,1.54348821741053,0.313813231521013
1832,"history_naive",15,9.80356208609583e+285,9.80356208609583e+285
1832,"practical_naive",NA,14.4790923847703,2.64806198213994
1832,"correct_conditional",NA,13.2303160746075,6.79473544261006
1833,"history_naive",14,9.74488757108633e+285,9.74488757108633e+285
1833,"practical_naive",NA,1.45700177830191,0.353294463085586
1833,"correct_conditional",NA,1.20235658690356,0.41609847536732
1834,"history_naive",14,9.5613916778724e+285,9.5613916778724e+285
1834,"practical_naive",NA,2.03771210416063,0.977647492553863
1834,"correct_conditional",NA,3.74002773847586,1.72061040878672
1835,"history_naive",14,7.17104375840435e+285,4.78069583893624e+285
1835,"practical_naive",NA,2.44387525567158,0.136108058968531
1835,"correct_conditional",NA,2.3654610681606,0.140511165158566
1836,"history_naive",15,9.79375852400984e+285,9.79375852400984e+285
1836,"practical_naive",NA,1.05938958018502,0.222923148654816
1836,"correct_conditional",NA,1.05040417884519,0.681500529680034
1837,"history_naive",14,7.24315018616638e+285,4.82876679077759e+285
1837,"practical_naive",NA,2.67459249224656,0.189607393750918
1837,"correct_conditional",NA,1.51121427578764,0.312342261949532
1838,"history_naive",14,9.64787604797364e+285,9.64787604797364e+285
1838,"practical_naive",NA,1.12830360405007,0.563275103042867
1838,"correct_conditional",NA,1.16305578429586,0.624642758194106
1839,"history_naive",14,9.5613916778724e+285,9.5613916778724e+285
1839,"practical_naive",NA,1.14914180417968,0.344479296234237
1839,"correct_conditional",NA,2.12246993723952,0.318227509565252
1840,"history_naive",14,9.87246234599941e+285,9.87246234599941e+285
1840,"practical_naive",NA,1.01500117576021,0.302575323869019
1840,"correct_conditional",NA,1.36568220650686,0.406986788486461
1841,"history_naive",14,7.28676159996817e+285,4.85784106664545e+285
1841,"practical_naive",NA,1.85508851792005,0.21998058828657
1841,"correct_conditional",NA,1.28272717170509,0.145152386897357
1842,"history_naive",15,7.2142210153575e+285,4.809480676905e+285
1842,"practical_naive",NA,1.93613205562189,0.829564450929179
1842,"correct_conditional",NA,1.56618259828819,0.374298232645034
1843,"history_naive",14,9.74488757108636e+285,9.74488757108636e+285
1843,"practical_naive",NA,1.00643261192687,0.213309748906144
1843,"correct_conditional",NA,1.03084167265053,0.193351522934866
1844,"history_naive",14,9.69626048470644e+285,9.69626048470644e+285
1844,"practical_naive",300,24.5828838986545,0.134607261187069
1844,"correct_conditional",NA,6.96944581193433,0.0483037413782996
1845,"history_naive",15,9.66720078233755e+285,9.66720078233755e+285
1845,"practical_naive",NA,2.16905692223798,0.365978968384738
1845,"correct_conditional",NA,8.11262032648176,5.50700038198554
1846,"history_naive",14,9.81337546155747e+285,9.81337546155747e+285
1846,"practical_naive",NA,1.77600891912993,0.949621905009857
1846,"correct_conditional",NA,3.45136327715738,3.04007764800118
1847,"history_naive",15,9.67687765999758e+285,9.67687765999758e+285
1847,"practical_naive",NA,3.28749770097713,0.417237256719434
1847,"correct_conditional",NA,7.76251610370913,0.86811087108461
1848,"history_naive",14,9.78396476548579e+285,9.78396476548579e+285
1848,"practical_naive",NA,1.03875256806388,0.0719009719067116
1848,"correct_conditional",NA,1.0246636816568,0.157002951605839
1849,"history_naive",14,9.59013331701367e+285,9.59013331701367e+285
1849,"practical_naive",NA,1.15919887976251,0.331336056241682
1849,"correct_conditional",NA,1.41430877654429,0.775073644046695
1850,"history_naive",14,9.6575335815552e+285,9.6575335815552e+285
1850,"practical_naive",NA,1.13899361405938,0.236560384854571
1850,"correct_conditional",NA,1.0413166369511,0.373329046840274
1851,"history_naive",14,7.3600315961681e+285,4.90668773077873e+285
1851,"practical_naive",NA,1.46182238689078,0.253617565965451
1851,"correct_conditional",NA,1.09130588206522,0.120888144896139
1852,"history_naive",14,9.56139167787242e+285,9.56139167787242e+285
1852,"practical_naive",NA,1,0.237179550247885
1852,"correct_conditional",NA,1.02485940287835,0.46098734545043
1853,"history_naive",15,9.61896135380997e+285,9.61896135380997e+285
1853,"practical_naive",NA,1.72256854183033,0.222344041964354
1853,"correct_conditional",NA,1.8038682189643,0.502328701309072
1854,"history_naive",15,7.22867112894423e+285,4.81911408596282e+285
1854,"practical_naive",376,96.6431624734628,0.263811999903487
1854,"correct_conditional",410,495.88964897321,10.6839282815306
1855,"history_naive",14,9.56139167787246e+285,9.56139167787246e+285
1855,"practical_naive",NA,3.40438050832465,0.224528247689858
1855,"correct_conditional",NA,1.66697627569417,0.307760050329893
1856,"history_naive",14,9.91205111780225e+285,9.91205111780225e+285
1856,"practical_naive",195,51.5196639440005,0.0829914036397392
1856,"correct_conditional",NA,8.3781651293493,0.00694517944467555
1857,"history_naive",15,7.12812491819693e+285,4.75208327879795e+285
1857,"practical_naive",NA,1.22367934250608,0.209522738669176
1857,"correct_conditional",NA,1.26490929920182,0.207648923715261
1858,"history_naive",14,9.80356208609586e+285,9.80356208609586e+285
1858,"practical_naive",NA,9.1749664399001,0.196102985953512
1858,"correct_conditional",NA,2.48721528000218,0.187687721189722
1859,"history_naive",15,9.67687765999751e+285,9.67687765999751e+285
1859,"practical_naive",NA,1.9081382025781,0.176144189752064
1859,"correct_conditional",NA,1.86941565028555,0.395410897992173
1860,"history_naive",14,9.71568213329088e+285,9.71568213329088e+285
1860,"practical_naive",NA,1.19127334936797,0.166789026652692
1860,"correct_conditional",NA,1.18206190316796,0.693677145878256
1861,"history_naive",14,9.64787604797365e+285,9.64787604797365e+285
1861,"practical_naive",NA,1.96471953642765,0.200791955570269
1861,"correct_conditional",NA,1.1565888189868,0.295912324812591
1862,"history_naive",15,9.75464221329961e+285,9.75464221329961e+285
1862,"practical_naive",NA,1.57577436920176,0.214617001454442
1862,"correct_conditional",NA,1.25656375689126,0.513726016919826
1863,"history_naive",14,9.68656422422177e+285,9.68656422422177e+285
1863,"practical_naive",NA,1.95533275876546,0.488775891797057
1863,"correct_conditional",NA,3.05570112719868,1.21429611951108
1864,"history_naive",14,7.25765824499817e+285,4.83843882999878e+285
1864,"practical_naive",NA,1.63333817646685,0.312399090864166
1864,"correct_conditional",NA,1.25716911904545,0.521296802286963
1865,"history_naive",14,7.17822198038472e+285,4.78548132025648e+285
1865,"practical_naive",NA,1.40898976720617,0.356529721870955
1865,"correct_conditional",NA,2.14190859325502,0.39302934153857
1866,"history_naive",15,9.87246234599944e+285,9.87246234599944e+285
1866,"practical_naive",NA,1.61463632151679,0.187035244023501
1866,"correct_conditional",NA,2.57610598198687,1.13603534219359
1867,"history_naive",14,9.78396476548578e+285,9.78396476548578e+285
1867,"practical_naive",NA,1.01889006345814,0.282499371978163
1867,"correct_conditional",NA,1.20865883642858,0.0964611498338541
1868,"history_naive",14,9.6575335815552e+285,9.6575335815552e+285
1868,"practical_naive",NA,1.14225685045376,0.164760013582026
1868,"correct_conditional",NA,1.21083071318779,0.137227242639289
1869,"history_naive",14,7.25040058675313e+285,4.83360039116875e+285
1869,"practical_naive",NA,2.72097588503856,0.25272746328799
1869,"correct_conditional",NA,1.51369861815986,0.167663124582989
1870,"history_naive",14,9.69626048470645e+285,9.69626048470645e+285
1870,"practical_naive",NA,1.25472135433915,0.292231717053495
1870,"correct_conditional",NA,1.04370868327519,0.306471563873446
1871,"history_naive",15,9.59013331701364e+285,9.59013331701364e+285
1871,"practical_naive",NA,1.07421664608955,0.213052180730743
1871,"correct_conditional",NA,1.02335389505455,0.25659685443433
1872,"history_naive",15,7.45638513204879e+285,4.97092342136586e+285
1872,"practical_naive",NA,1.42530253526999,0.168698865319831
1872,"correct_conditional",NA,2.01456335847834,0.561722055298657
1873,"history_naive",15,9.68656422422175e+285,9.68656422422175e+285
1873,"practical_naive",NA,2.15330724691005,0.825609717617566
1873,"correct_conditional",NA,1.4619114827942,0.498014370593584
1874,"history_naive",14,9.6672007823375e+285,9.6672007823375e+285
1874,"practical_naive",NA,1.03224560969053,0.197883280502681
1874,"correct_conditional",NA,1.06480939925965,0.429846923702825
1875,"history_naive",14,7.33797357411428e+285,4.89198238274286e+285
1875,"practical_naive",NA,7.20951547954175,2.64073953099461
1875,"correct_conditional",NA,6.35694021525435,2.00693515172278
1876,"history_naive",14,9.81337546155743e+285,9.81337546155743e+285
1876,"practical_naive",NA,1.12980831221478,0.356804416737471
1876,"correct_conditional",NA,1.06920099165859,0.517612350054353
1877,"history_naive",14,7.30866567831475e+285,4.87244378554316e+285
1877,"practical_naive",NA,5.13129501220976,0.691753965773826
1877,"correct_conditional",NA,3.95954384822873,2.92204014285264
1878,"history_naive",15,9.78396476548577e+285,9.78396476548577e+285
1878,"practical_naive",NA,1.51456765143918,0.195610523244621
1878,"correct_conditional",NA,2.18216600714919,0.592374727827615
1879,"history_naive",14,9.5805431836966e+285,9.5805431836966e+285
1879,"practical_naive",NA,1.39665734844752,0.300495900393385
1879,"correct_conditional",NA,1.97759565990043,0.387488392180484
1880,"history_naive",14,9.57096264051297e+285,9.57096264051297e+285
1880,"practical_naive",NA,1.21865583565676,0.208141843776629
1880,"correct_conditional",NA,2.14818828894524,0.432737706813114
1881,"history_naive",15,9.63822817192567e+285,9.63822817192567e+285
1881,"practical_naive",NA,5.91050798659475,0.224402729541426
1881,"correct_conditional",NA,11.2477489304548,0.885763000957024
1882,"history_naive",14,9.79375852400981e+285,9.79375852400981e+285
1882,"practical_naive",NA,2.99620206883632,1.20901983456784
1882,"correct_conditional",NA,11.4284839579599,5.82029159277943
1883,"history_naive",15,7.22867112894424e+285,4.81911408596283e+285
1883,"practical_naive",NA,1.03929495414017,0.231907328913944
1883,"correct_conditional",NA,1.5811610835137,0.811671973465567
1884,"history_naive",14,9.92197309089313e+285,9.92197309089313e+285
1884,"practical_naive",NA,1.20992653596757,0.220803899684672
1884,"correct_conditional",NA,1.11693758716625,0.249681223559932
1885,"history_naive",14,9.61896135381001e+285,9.61896135381001e+285
1885,"practical_naive",NA,1.15338534584481,0.245745777262069
1885,"correct_conditional",NA,1.11063763324047,0.393331438743508
1886,"history_naive",14,7.37477376893215e+285,4.91651584595477e+285
1886,"practical_naive",NA,1.82375530368047,0.317330178872114
1886,"correct_conditional",NA,2.05884885353211,0.79721183110636
1887,"history_naive",14,9.74488757108634e+285,9.74488757108634e+285
1887,"practical_naive",NA,1.60332054657065,0.30196042905945
1887,"correct_conditional",NA,2.24650303146953,0.0824191670808866
1888,"history_naive",15,9.60934239245615e+285,9.60934239245615e+285
1888,"practical_naive",NA,2.19072859479779,0.222878451411038
1888,"correct_conditional",NA,1.19670644403389,0.384731807562345
1889,"history_naive",15,9.73514268351522e+285,9.73514268351522e+285
1889,"practical_naive",NA,1.01493322060208,0.22979247884817
1889,"correct_conditional",NA,1.45482846420997,0.42422370568102
1890,"history_naive",15,7.20700679434218e+285,4.80467119622812e+285
1890,"practical_naive",NA,3.66161057313579,0.0931461927766978
1890,"correct_conditional",NA,4.35609272452037,0.09027730990226
1891,"history_naive",15,7.32330496493966e+285,4.88220330995977e+285
1891,"practical_naive",NA,1.82889806735379,0.349739348932851
1891,"correct_conditional",NA,2.26154211135494,0.343899591906579
1892,"history_naive",14,9.78396476548577e+285,9.78396476548577e+285
1892,"practical_naive",NA,2.10183679081124,0.145065848951196
1892,"correct_conditional",NA,1.66747164009287,0.186982938446501
1893,"history_naive",14,9.74488757108628e+285,9.74488757108628e+285
1893,"practical_naive",NA,1.41403827924977,0.146340357593768
1893,"correct_conditional",NA,1.16829487111349,0.355524458574231
1894,"history_naive",15,7.13526017837527e+285,4.75684011891685e+285
1894,"practical_naive",NA,8.6973851930293,0.183519808660948
1894,"correct_conditional",318,31.3015964908646,2.84304116746309
1895,"history_naive",15,9.81337546155745e+285,9.81337546155745e+285
1895,"practical_naive",NA,3.6541234918985,0.118927380445456
1895,"correct_conditional",NA,2.43013069419822,0.0970288985633216
1896,"history_naive",14,7.13526017837531e+285,4.75684011891687e+285
1896,"practical_naive",NA,1.92085365829032,0.299314101289557
1896,"correct_conditional",NA,2.27711956408879,0.448377745541243
1897,"history_naive",15,9.67687765999752e+285,9.67687765999752e+285
1897,"practical_naive",NA,2.7641672656886,0.253993591593783
1897,"correct_conditional",NA,1.28463798486166,0.16206692058655
1898,"history_naive",14,7.07129910767258e+285,4.71419940511505e+285
1898,"practical_naive",NA,2.63735795454577,0.619213952369149
1898,"correct_conditional",NA,2.83734206232505,0.417786870388815
1899,"history_naive",14,7.33063560054022e+285,4.88709040036015e+285
1899,"practical_naive",NA,1.2060449339238,0.322958448158527
1899,"correct_conditional",NA,1.0415631228421,0.171637079271863
1900,"history_naive",15,7.30866567831476e+285,4.87244378554318e+285
1900,"practical_naive",NA,1.20110596415324,0.233252703795394
1900,"correct_conditional",NA,1.59207620864245,0.382590106643146
1901,"history_naive",14,7.05716358075644e+285,4.7047757205043e+285
1901,"practical_naive",NA,17.5059295437578,0.107277879061798
1901,"correct_conditional",NA,4.58925917868787,0.356580521720323
1902,"history_naive",14,9.52320344127502e+285,9.52320344127502e+285
1902,"practical_naive",NA,1.04485598715751,0.274124236749797
1902,"correct_conditional",NA,1.0205080632718,0.339293369852616
1903,"history_naive",14,9.58054318369662e+285,9.58054318369662e+285
1903,"practical_naive",NA,2.09655552650453,0.543814476459983
1903,"correct_conditional",NA,1.03900691773371,0.313638050509195
1904,"history_naive",14,9.87246234599943e+285,9.87246234599943e+285
1904,"practical_naive",NA,1.11434013597034,0.61234658595845
1904,"correct_conditional",NA,1.02401863262679,0.279434789701727
1905,"history_naive",14,9.72540754083173e+285,9.72540754083173e+285
1905,"practical_naive",NA,1.12364249523969,0.351680358936228
1905,"correct_conditional",NA,1.29580186842842,0.511295137012597
1906,"history_naive",14,9.67687765999753e+285,9.67687765999753e+285
1906,"practical_naive",NA,1.00197632526929,0.308102790823832
1906,"correct_conditional",NA,1.31852634825972,1.05209529794131
1907,"history_naive",15,9.71568213329088e+285,9.71568213329088e+285
1907,"practical_naive",NA,1.57525112295024,0.14405389863847
1907,"correct_conditional",NA,1.21691766222533,0.122684854075672
1908,"history_naive",15,7.25040058675315e+285,4.83360039116877e+285
1908,"practical_naive",NA,1.04915645342991,1.0457489621799
1908,"correct_conditional",NA,1.23759252756815,1.23747163943275
1909,"history_naive",14,7.27947483836821e+285,4.8529832255788e+285
1909,"practical_naive",NA,5.21552336390063,0.271045296647385
1909,"correct_conditional",NA,3.15693362266415,0.322772834020797
1910,"history_naive",14,9.89223692761777e+285,9.89223692761777e+285
1910,"practical_naive",NA,1.16729330694471,0.195081539250034
1910,"correct_conditional",NA,1.08545697222881,0.268332093026712
1911,"history_naive",14,9.69626048470647e+285,9.69626048470647e+285
1911,"practical_naive",631,24.2122511183056,1.09944757472143
1911,"correct_conditional",NA,1.75679756790706,0.143672290043603
1912,"history_naive",15,7.34531889300728e+285,4.89687926200486e+285
1912,"practical_naive",NA,1.98227225733352,0.761252896481444
1912,"correct_conditional",NA,1.52817195230052,0.358671223056103
1913,"history_naive",14,9.6768776599976e+285,9.6768776599976e+285
1913,"practical_naive",NA,2.09415218526054,0.174337350930587
1913,"correct_conditional",NA,3.2380454984334,0.21792590047397
1914,"history_naive",15,9.65753358155522e+285,9.65753358155522e+285
1914,"practical_naive",NA,1.55945116253208,0.0749164041816311
1914,"correct_conditional",NA,1.50503520680924,0.191809522737012
1915,"history_naive",14,7.21422101535752e+285,4.80948067690501e+285
1915,"practical_naive",NA,2.45197585724555,0.912546795773808
1915,"correct_conditional",NA,3.67680235545053,2.16114664384177
1916,"history_naive",14,9.68656422422178e+285,9.68656422422178e+285
1916,"practical_naive",NA,2.72989765118516,0.105868087786472
1916,"correct_conditional",NA,1.60754611381867,0.414926346512895
1917,"history_naive",14,9.81337546155737e+285,9.81337546155737e+285
1917,"practical_naive",NA,1.18277834824728,0.202304915452366
1917,"correct_conditional",NA,1.08756427375612,0.588528853280632
1918,"history_naive",15,9.56139167787242e+285,9.56139167787242e+285
1918,"practical_naive",NA,1.0428992151056,0.266741091793481
1918,"correct_conditional",NA,1.00309645774449,0.694876541819336
1919,"history_naive",14,9.66720078233753e+285,9.66720078233753e+285
1919,"practical_naive",NA,3.44291997286391,0.134965262066836
1919,"correct_conditional",NA,2.70259851419445,0.335343926122549
1920,"history_naive",15,7.3895454703273e+285,4.92636364688487e+285
1920,"practical_naive",NA,1.0355294190379,0.151422428930326
1920,"correct_conditional",NA,1.01367438650888,0.269436642064879
1921,"history_naive",15,9.75464221329964e+285,9.75464221329964e+285
1921,"practical_naive",NA,1.12733117405263,0.184376719271082
1921,"correct_conditional",NA,1.10190564880307,0.405841796171213
1922,"history_naive",14,9.71568213329088e+285,9.71568213329088e+285
1922,"practical_naive",NA,3.0556163776098,0.80117778617273
1922,"correct_conditional",NA,4.70318076425851,0.99983454974069
1923,"history_naive",15,9.80356208609588e+285,9.80356208609588e+285
1923,"practical_naive",NA,1.41449239423927,0.0893567483576528
1923,"correct_conditional",NA,2.2631846205103,0.25323904012456
1924,"history_naive",15,9.63822817192566e+285,9.63822817192566e+285
1924,"practical_naive",NA,1.61522510026733,0.174244505174571
1924,"correct_conditional",NA,1.4672461092104,0.482007305648947
1925,"history_naive",15,7.30866567831476e+285,4.87244378554318e+285
1925,"practical_naive",NA,1.0623751788887,0.209470195947192
1925,"correct_conditional",NA,1.05079436911644,0.289198836318615
1926,"history_naive",14,9.80356208609586e+285,9.80356208609586e+285
1926,"practical_naive",NA,16.1903350236961,0.437702307153718
1926,"correct_conditional",NA,3.68132958663236,0.0650755025859061
1927,"history_naive",14,9.83303169190955e+285,9.83303169190955e+285
1927,"practical_naive",NA,1.98418482400771,0.416904895384037
1927,"correct_conditional",NA,2.52285384331418,0.449809000373052
1928,"history_naive",14,7.39694241274009e+285,4.93129494182673e+285
1928,"practical_naive",NA,2.28379124491972,0.240998799623626
1928,"correct_conditional",NA,1.16609505648788,0.277678971444464
1929,"history_naive",14,9.76440661991958e+285,9.76440661991958e+285
1929,"practical_naive",NA,1.06552981904847,0.267386017977497
1929,"correct_conditional",NA,1.09257877875261,0.287981985796565
1930,"history_naive",14,9.6672007823375e+285,9.6672007823375e+285
1930,"practical_naive",NA,1.37632305655641,0.209820078965597
1930,"correct_conditional",NA,1.85265667575584,0.62826640468825
1931,"history_naive",15,7.23590703598023e+285,4.82393802398682e+285
1931,"practical_naive",NA,4.62966042325434,0.188757789407927
1931,"correct_conditional",NA,3.14547812718545,0.181890878778359
1932,"history_naive",14,9.51368023783373e+285,9.51368023783373e+285
1932,"practical_naive",NA,1.98380346649439,0.372736568737017
1932,"correct_conditional",NA,1.33814479516806,0.916575203036771
1933,"history_naive",15,9.69626048470646e+285,9.69626048470646e+285
1933,"practical_naive",NA,1.09841273857911,0.197552073980796
1933,"correct_conditional",NA,1.17495936869605,0.328864961947387
1934,"history_naive",15,9.61896135381e+285,9.61896135381e+285
1934,"practical_naive",NA,1.29793873542183,0.261154411843135
1934,"correct_conditional",NA,1.49173648585814,1.1497874200198
1935,"history_naive",14,9.70596645115763e+285,9.70596645115763e+285
1935,"practical_naive",NA,1.77551666169013,0.279621068036962
1935,"correct_conditional",NA,11.625315217337,2.0578174786658
1936,"history_naive",14,9.86258988365345e+285,9.86258988365345e+285
1936,"practical_naive",NA,1.17459242024599,0.161615890986005
1936,"correct_conditional",NA,1.39528298412734,0.437965702317902
1937,"history_naive",14,9.56139167787242e+285,9.56139167787242e+285
1937,"practical_naive",NA,4.32092281153999,0.0782878911963745
1937,"correct_conditional",NA,1.77039784290284,0.114883614949096
1938,"history_naive",14,9.75464221329961e+285,9.75464221329961e+285
1938,"practical_naive",NA,1.77929235141239,0.292593021851674
1938,"correct_conditional",NA,1.9057368096813,0.102665098722911
1939,"history_naive",15,9.78396476548577e+285,9.78396476548577e+285
1939,"practical_naive",NA,3.21481604558751,0.235888348847367
1939,"correct_conditional",NA,5.83821911872152,1.09462804621046
1940,"history_naive",14,9.86258988365349e+285,9.86258988365349e+285
1940,"practical_naive",NA,3.16288278158819,0.162626732448162
1940,"correct_conditional",NA,3.33606646577744,0.356545291749573
1941,"history_naive",14,7.28676159996818e+285,4.85784106664546e+285
1941,"practical_naive",NA,2.79185926357596,0.322792039963588
1941,"correct_conditional",NA,8.0065961151578,1.3096512562679
1942,"history_naive",15,6.95900293075424e+285,4.63933528716949e+285
1942,"practical_naive",NA,5.21981160484779,0.705533707072729
1942,"correct_conditional",NA,3.06422928650379,1.19066520536186
1943,"history_naive",14,9.66720078233752e+285,9.66720078233752e+285
1943,"practical_naive",NA,1.36190373265325,0.200209299936178
1943,"correct_conditional",NA,3.0691006471164,1.07551665083538
1944,"history_naive",14,9.58054318369661e+285,9.58054318369661e+285
1944,"practical_naive",NA,2.94422847942373,0.20646862954718
1944,"correct_conditional",NA,1.85247364940902,0.139573084816729
1945,"history_naive",14,9.78396476548574e+285,9.78396476548574e+285
1945,"practical_naive",NA,1.93631316117332,0.225826439438345
1945,"correct_conditional",NA,1.90900799028628,0.485008053214318
1946,"history_naive",14,7.18540738777252e+285,4.79027159184835e+285
1946,"practical_naive",NA,1.06039312359686,0.278863112698029
1946,"correct_conditional",NA,1.05420557824786,0.480194247954515
1947,"history_naive",15,9.69626048470643e+285,9.69626048470643e+285
1947,"practical_naive",413,35.4535245269638,0.239357458635777
1947,"correct_conditional",411,29.1381244294201,2.23558303847341
1948,"history_naive",14,9.8527272937698e+285,9.8527272937698e+285
1948,"practical_naive",NA,1.55216869343452,0.126410060450786
1948,"correct_conditional",NA,2.01864475341854,0.372625056726294
1949,"history_naive",15,9.81337546155738e+285,9.81337546155738e+285
1949,"practical_naive",NA,1.65374336365671,0.182923269626869
1949,"correct_conditional",NA,1.69644657184732,0.176717503025727
1950,"history_naive",14,9.72540754083176e+285,9.72540754083176e+285
1950,"practical_naive",NA,4.3755512523357,0.109427932306302
1950,"correct_conditional",NA,4.34689826372851,0.929345812600085
1951,"history_naive",14,9.53273617745244e+285,9.53273617745244e+285
1951,"practical_naive",1722,39.6687601322108,9.22495178929565
1951,"correct_conditional",NA,5.46215426290896,0.0872835821698112
1952,"history_naive",14,7.38215592485699e+285,4.921437283238e+285
1952,"practical_naive",NA,1.01275590371504,0.206092848460938
1952,"correct_conditional",NA,1.17706219206002,0.263124573717533
1953,"history_naive",15,7.08546294810588e+285,4.72364196540392e+285
1953,"practical_naive",NA,2.84896582614952,0.039569532975314
1953,"correct_conditional",NA,2.16058002557367,0.0830485506490464
1954,"history_naive",15,9.63822817192574e+285,9.63822817192574e+285
1954,"practical_naive",NA,2.96978804515373,0.983693757644665
1954,"correct_conditional",NA,1.23769127548592,0.208206275376994
1955,"history_naive",14,7.28676159996815e+285,4.85784106664544e+285
1955,"practical_naive",NA,1.41822899334838,0.138819811544934
1955,"correct_conditional",NA,1.26753584077851,0.119883127845117
1956,"history_naive",14,7.28676159996819e+285,4.85784106664546e+285
1956,"practical_naive",963,34.9416802414126,0.445566398491549
1956,"correct_conditional",667,80.5568617923046,0.731756544109538
1957,"history_naive",14,9.9617604017749e+285,9.9617604017749e+285
1957,"practical_naive",NA,2.10347311082807,0.239421019863413
1957,"correct_conditional",NA,2.37825111618995,0.932505166496874
1958,"history_naive",14,9.83303169190957e+285,9.83303169190957e+285
1958,"practical_naive",NA,1.50761210149329,0.268103462644218
1958,"correct_conditional",NA,1.04255333898798,0.24949716813304
1959,"history_naive",14,7.35267156457191e+285,4.90178104304794e+285
1959,"practical_naive",NA,1.23058683240999,0.354176664021989
1959,"correct_conditional",NA,1.17582191136054,0.468282119453081
1960,"history_naive",15,9.94184684273177e+285,9.94184684273177e+285
1960,"practical_naive",NA,1.46685477988343,0.228699993673022
1960,"correct_conditional",NA,2.24615799901414,0.391508858575567
1961,"history_naive",14,9.81337546155742e+285,9.81337546155742e+285
1961,"practical_naive",NA,3.93744242415097,0.213208615541852
1961,"correct_conditional",NA,1.65797910116534,0.185009121275354
1962,"history_naive",15,7.29405565562381e+285,4.86270377041587e+285
1962,"practical_naive",NA,5.09564045073493,0.239924676200288
1962,"correct_conditional",NA,13.8281262694815,2.16266988927493
1963,"history_naive",14,7.2649231681663e+285,4.84328211211087e+285
1963,"practical_naive",NA,3.10053795414576,0.650950622862371
1963,"correct_conditional",NA,3.39243831419124,0.551430713864639
1964,"history_naive",14,7.20700679434212e+285,4.80467119622808e+285
1964,"practical_naive",NA,1.71617016788513,0.232479194046509
1964,"correct_conditional",NA,1.11520692831956,0.279353780386569
1965,"history_naive",14,9.81337546155742e+285,9.81337546155742e+285
1965,"practical_naive",NA,1.53381347776844,0.218625778264043
1965,"correct_conditional",NA,1.39698899871608,0.662553086453131
1966,"history_naive",14,7.0925555036095e+285,4.72837033573967e+285
1966,"practical_naive",NA,1.46686727773487,0.222536028123215
1966,"correct_conditional",NA,1.21741588384247,0.125197219044801
1967,"history_naive",15,7.0360132544477e+285,4.69067550296513e+285
1967,"practical_naive",NA,2.71630915677244,0.207106360374042
1967,"correct_conditional",NA,2.02842738084656,0.284895631373314
1968,"history_naive",15,9.62858994375375e+285,9.62858994375375e+285
1968,"practical_naive",NA,10.8964249576567,0.216769340906567
1968,"correct_conditional",NA,3.36988622821673,0.0783472254112019
1969,"history_naive",14,9.80356208609585e+285,9.80356208609585e+285
1969,"practical_naive",NA,1.17695319830345,0.219036639544917
1969,"correct_conditional",NA,1.16998578117426,0.235624222008942
1970,"history_naive",15,9.76440661991958e+285,9.76440661991958e+285
1970,"practical_naive",NA,1.57207356690979,1.33248536465937
1970,"correct_conditional",NA,3.07183050632315,1.7025197453667
1971,"history_naive",14,7.27947483836826e+285,4.85298322557884e+285
1971,"practical_naive",NA,11.6291605432213,0.270837159933386
1971,"correct_conditional",NA,6.66087351478255,0.215285159928105
1972,"history_naive",14,9.59013331701364e+285,9.59013331701364e+285
1972,"practical_naive",NA,2.84729283647888,1.3023491132082
1972,"correct_conditional",NA,1.05457672367349,0.430848440373506
1973,"history_naive",15,9.80356208609584e+285,9.80356208609584e+285
1973,"practical_naive",NA,8.75056693761969,0.288162566383518
1973,"correct_conditional",NA,2.54338480788615,0.330209213567814
1974,"history_naive",14,9.77418080072032e+285,9.77418080072032e+285
1974,"practical_naive",NA,1.52795157489179,0.33904464080818
1974,"correct_conditional",NA,1.54865327374128,0.268489311520085
1975,"history_naive",14,9.84287456647606e+285,9.84287456647606e+285
1975,"practical_naive",306,21.7105556067225,0.118016264833058
1975,"correct_conditional",NA,9.13351227106597,0.0174879316134669
1976,"history_naive",14,9.70596645115765e+285,9.70596645115765e+285
1976,"practical_naive",NA,1.05674901512974,0.275879773602055
1976,"correct_conditional",NA,1.03909933669023,0.300552922763232
1977,"history_naive",15,7.11387579648545e+285,4.74258386432363e+285
1977,"practical_naive",NA,1.79488874478912,0.172082729296767
1977,"correct_conditional",NA,3.42000122260395,1.22836953921567
1978,"history_naive",14,9.70596645115763e+285,9.70596645115763e+285
1978,"practical_naive",NA,1.29753562341804,0.468569546127568
1978,"correct_conditional",NA,1.12584583220937,0.375288173297862
1979,"history_naive",14,9.77418080072031e+285,9.77418080072031e+285
1979,"practical_naive",NA,1.05720930910294,0.157817420497875
1979,"correct_conditional",NA,1.01594500830324,0.0687402185152657
1980,"history_naive",14,9.58054318369666e+285,9.58054318369666e+285
1980,"practical_naive",NA,1.95918283854099,0.190882132976519
1980,"correct_conditional",NA,1.96141836219236,0.422040334010852
1981,"history_naive",14,9.62858994375368e+285,9.62858994375368e+285
1981,"practical_naive",NA,1.7679167341493,0.278930230567425
1981,"correct_conditional",NA,4.13839466352814,1.49249765160462
1982,"history_naive",14,9.523203441275e+285,9.523203441275e+285
1982,"practical_naive",NA,5.33381767014998,0.0890985342125831
1982,"correct_conditional",NA,4.64530204436416,0.0871299897140227
1983,"history_naive",14,7.30866567831479e+285,4.8724437855432e+285
1983,"practical_naive",NA,3.29247578943237,0.115934094591364
1983,"correct_conditional",NA,2.1758390552584,0.660047688556633
1984,"history_naive",14,9.70596645115763e+285,9.70596645115763e+285
1984,"practical_naive",NA,1.80224293783073,0.285162344260362
1984,"correct_conditional",NA,4.6668497282888,0.71507860444057
1985,"history_naive",15,9.56139167787247e+285,9.56139167787247e+285
1985,"practical_naive",NA,1.32431658069573,0.271573281939824
1985,"correct_conditional",NA,2.26378351025244,0.640455375023006
1986,"history_naive",15,7.31598165997473e+285,4.87732110664982e+285
1986,"practical_naive",NA,15.7140596565102,0.070723667431314
1986,"correct_conditional",227,33.8859487457369,1.25951595162117
1987,"history_naive",15,9.81337546155744e+285,9.81337546155744e+285
1987,"practical_naive",NA,1.16342047466073,0.193021201852068
1987,"correct_conditional",NA,1.31469678095027,0.425153404393572
1988,"history_naive",14,9.79375852400979e+285,9.79375852400979e+285
1988,"practical_naive",182,33.3990965594381,0.154997457038881
1988,"correct_conditional",NA,18.6711324140198,0.155091124093232
1989,"history_naive",14,7.14240258095627e+285,4.76160172063751e+285
1989,"practical_naive",NA,1.38255781651142,0.321046559630888
1989,"correct_conditional",NA,1.34086803492394,1.29021638279964
1990,"history_naive",14,7.38954547032734e+285,4.92636364688489e+285
1990,"practical_naive",NA,1.07008515952679,0.209003118398762
1990,"correct_conditional",NA,1.11216236506477,0.575887432486984
1991,"history_naive",14,7.31598165997473e+285,4.87732110664982e+285
1991,"practical_naive",NA,1.1781396163818,0.17680017861422
1991,"correct_conditional",NA,1.02303532033577,0.147230858880662
1992,"history_naive",14,9.93190499588902e+285,9.93190499588902e+285
1992,"practical_naive",NA,1.65475731065733,0.18514030968849
1992,"correct_conditional",NA,1.1892229570292,0.196009254807733
1993,"history_naive",15,7.30866567831476e+285,4.87244378554318e+285
1993,"practical_naive",NA,1.08238306042377,0.195264257816681
1993,"correct_conditional",NA,2.27385961600878,0.612584502482317
1994,"history_naive",15,9.65753358155517e+285,9.65753358155517e+285
1994,"practical_naive",NA,2.76899863387744,0.763135887115297
1994,"correct_conditional",NA,4.25668889296961,1.85314854749464
1995,"history_naive",14,7.17104375840436e+285,4.78069583893624e+285
1995,"practical_naive",NA,1.14507911433216,0.570514746078902
1995,"correct_conditional",NA,1.09879543505501,0.13798320767727
1996,"history_naive",15,9.86258988365349e+285,9.86258988365349e+285
1996,"practical_naive",NA,1.01068296830183,0.210483452772845
1996,"correct_conditional",NA,1.15377121079026,0.433083495208449
1997,"history_naive",14,7.34531889300734e+285,4.8968792620049e+285
1997,"practical_naive",NA,8.61189801425369,1.24503496268992
1997,"correct_conditional",NA,14.5270273283834,2.86860571156432
1998,"history_naive",14,9.70596645115764e+285,9.70596645115764e+285
1998,"practical_naive",NA,1.13095625560978,0.202520416989449
1998,"correct_conditional",NA,1.26769753422908,0.25595937420574
1999,"history_naive",14,9.77418080072028e+285,9.77418080072028e+285
1999,"practical_naive",NA,1.12335667380665,0.192956460659122
1999,"correct_conditional",NA,1.35124674057853,0.59914940238931
2000,"history_naive",14,9.7644066199196e+285,9.7644066199196e+285
2000,"practical_naive",NA,1.53420660906742,0.329645096895414
2000,"correct_conditional",NA,2.85844850007134,1.475944457705
2001,"history_naive",15,7.15670884193127e+285,4.77113922795418e+285
2001,"practical_naive",NA,1.05546601734146,0.190932939058737
2001,"correct_conditional",NA,1.05007742278369,0.273728462985936
2002,"history_naive",14,9.59013331701368e+285,9.59013331701368e+285
2002,"practical_naive",NA,1.00107092497119,0.329535146148698
2002,"correct_conditional",NA,2.08852298583556,0.659682893331998
2003,"history_naive",15,9.57096264051294e+285,9.57096264051294e+285
2003,"practical_naive",NA,1.34718735790212,0.108165820388061
2003,"correct_conditional",NA,1.33699397867718,0.158672566125517
2004,"history_naive",14,9.59973305006372e+285,9.59973305006372e+285
2004,"practical_naive",NA,1.00274351923668,0.195116435215833
2004,"correct_conditional",NA,1.00346153846154,0.200095399350062
2005,"history_naive",15,9.69626048470646e+285,9.69626048470646e+285
2005,"practical_naive",NA,2.47446301165904,0.0541260721059727
2005,"correct_conditional",NA,1.89233287141456,0.234646794305886
2006,"history_naive",15,9.68656422422182e+285,9.68656422422182e+285
2006,"practical_naive",NA,1.68235443188181,0.237857250588401
2006,"correct_conditional",NA,1.92425723258032,0.167548465590112
2007,"history_naive",14,9.48516772864725e+285,9.48516772864725e+285
2007,"practical_naive",NA,1.52218586882469,0.244566851839536
2007,"correct_conditional",NA,1.18195461514202,0.529286121736506
2008,"history_naive",14,7.10676192068898e+285,4.73784128045932e+285
2008,"practical_naive",NA,1.42540378518409,0.273108547548993
2008,"correct_conditional",NA,1.03656628155665,0.0431089885704721
2009,"history_naive",14,9.70596645115764e+285,9.70596645115764e+285
2009,"practical_naive",NA,1.53133955921993,0.203906356302007
2009,"correct_conditional",NA,1.22457087456249,0.0762478633773442
2010,"history_naive",14,9.48516772864726e+285,9.48516772864726e+285
2010,"practical_naive",NA,4.29296969483692,0.158582366292897
2010,"correct_conditional",NA,3.53735772431404,0.134838130519555
2011,"history_naive",15,7.25765824499814e+285,4.83843882999876e+285
2011,"practical_naive",NA,2.53110814506322,0.830353327193505
2011,"correct_conditional",NA,2.74604614060571,0.397846387285555
2012,"history_naive",14,7.28676159996819e+285,4.85784106664546e+285
2012,"practical_naive",1261,27.7196958809124,1.77407398190277
2012,"correct_conditional",1302,32.4124438869431,13.3472885299288
2013,"history_naive",14,7.41917769571333e+285,4.94611846380889e+285
2013,"practical_naive",NA,2.48440871343854,0.218680739178881
2013,"correct_conditional",NA,2.55604412767974,0.0525098078361772
2014,"history_naive",14,9.61896135380997e+285,9.61896135380997e+285
2014,"practical_naive",NA,7.36529819334833,0.316107654010642
2014,"correct_conditional",NA,2.47152305306772,0.325949781131175
2015,"history_naive",15,9.66720078233753e+285,9.66720078233753e+285
2015,"practical_naive",NA,8.30943093731511,0.486394815875875
2015,"correct_conditional",NA,11.5121245493838,2.65334969369168
2016,"history_naive",14,9.70596645115764e+285,9.70596645115764e+285
2016,"practical_naive",NA,1.1108878999281,0.245608732366641
2016,"correct_conditional",NA,1.26211257083457,0.696138761241523
2017,"history_naive",14,9.76440661991952e+285,9.76440661991952e+285
2017,"practical_naive",NA,1.67706989883906,0.166343621863625
2017,"correct_conditional",NA,1.45923152704381,0.103528990443342
2018,"history_naive",14,9.49466239103831e+285,9.49466239103831e+285
2018,"practical_naive",NA,1.32598492396601,0.134631471246034
2018,"correct_conditional",NA,1.13077907095512,0.156792323175018
2019,"history_naive",15,7.53136073030258e+285,5.02090715353506e+285
2019,"practical_naive",NA,1.00679368378905,0.223087576662662
2019,"correct_conditional",NA,1.11357714479769,0.330805628207472
2020,"history_naive",14,9.59013331701364e+285,9.59013331701364e+285
2020,"practical_naive",NA,1.36467277731303,0.220312823558653
2020,"correct_conditional",NA,1.0860791171166,0.408422383694591
2021,"history_naive",15,9.83303169190954e+285,9.83303169190954e+285
2021,"practical_naive",NA,4.25480096490913,0.20132382997919
2021,"correct_conditional",NA,2.81294190650317,0.143465927270802
2022,"history_naive",15,9.64787604797362e+285,9.64787604797362e+285
2022,"practical_naive",NA,1.03570048994229,0.293622577149376
2022,"correct_conditional",NA,2.17364702425039,1.30104287238154
2023,"history_naive",14,9.57096264051292e+285,9.57096264051292e+285
2023,"practical_naive",NA,1.27790967958648,0.125310289170924
2023,"correct_conditional",NA,1.11988752839708,0.242536408563721
2024,"history_naive",14,9.76440661991954e+285,9.76440661991954e+285
2024,"practical_naive",NA,1.23040423747805,0.0918086499863091
2024,"correct_conditional",NA,1.24063882477491,0.181011272678839
2025,"history_naive",14,9.59013331701364e+285,9.59013331701364e+285
2025,"practical_naive",NA,1.33709880134954,0.208600757119913
2025,"correct_conditional",NA,1.34352824476608,0.171302106808029
2026,"history_naive",14,9.74488757108635e+285,9.74488757108635e+285
2026,"practical_naive",NA,1.42530281339593,0.227233492725141
2026,"correct_conditional",NA,2.78769931911792,1.03954593782689
2027,"history_naive",14,7.17822198038471e+285,4.78548132025647e+285
2027,"practical_naive",NA,1.96775789938162,0.102681575189371
2027,"correct_conditional",NA,1.1786362029441,0.134215319016925
2028,"history_naive",15,9.89223692761776e+285,9.89223692761776e+285
2028,"practical_naive",399,23.9328790061041,1.4212685623369
2028,"correct_conditional",NA,10.5174815279093,1.57006663242981
2029,"history_naive",15,9.84287456647602e+285,9.84287456647602e+285
2029,"practical_naive",NA,1.79291569550276,0.160423053779828
2029,"correct_conditional",NA,1.56655535617479,0.312636383230234
2030,"history_naive",15,7.0854629481059e+285,4.72364196540393e+285
2030,"practical_naive",NA,1.79187615142697,0.655006483515075
2030,"correct_conditional",NA,1.95759582929161,1.61765052189414
2031,"history_naive",14,9.71568213329089e+285,9.71568213329089e+285
2031,"practical_naive",NA,2.47878486197177,0.186492404561745
2031,"correct_conditional",NA,4.71102769455356,0.135511609501339
2032,"history_naive",14,9.85272729376981e+285,9.85272729376981e+285
2032,"practical_naive",NA,1.56084251658134,0.242269109386817
2032,"correct_conditional",NA,1.28932295489364,0.0749215452946513
2033,"history_naive",14,7.28676159996823e+285,4.85784106664549e+285
2033,"practical_naive",NA,5.37988608874115,0.264078032982342
2033,"correct_conditional",NA,1.25900969943405,0.164825379280921
2034,"history_naive",14,9.69626048470646e+285,9.69626048470646e+285
2034,"practical_naive",NA,1.09223466527777,0.322993827937177
2034,"correct_conditional",NA,1.0719655391158,0.476002953412669
2035,"history_naive",15,9.64787604797359e+285,9.64787604797359e+285
2035,"practical_naive",NA,1.97683193880839,0.133987528349393
2035,"correct_conditional",NA,1.91990708343216,0.11437725792098
2036,"history_naive",15,9.75464221329964e+285,9.75464221329964e+285
2036,"practical_naive",NA,1.16390801253309,0.232216581099795
2036,"correct_conditional",NA,2.11181219796004,0.670961936541582
2037,"history_naive",14,9.65753358155528e+285,9.65753358155528e+285
2037,"practical_naive",NA,1.00633571294869,0.283862684055376
2037,"correct_conditional",NA,1,0.304057258007428
2038,"history_naive",14,9.82319866021762e+285,9.82319866021762e+285
2038,"practical_naive",NA,7.3239194170055,1.35798745636424
2038,"correct_conditional",NA,2.02404135219579,0.39472783897704
2039,"history_naive",14,7.30866567831476e+285,4.87244378554318e+285
2039,"practical_naive",NA,1.6509495948581,0.457066935612216
2039,"correct_conditional",NA,1.35393506788317,0.891283602523058
2040,"history_naive",14,9.49466239103829e+285,9.49466239103829e+285
2040,"practical_naive",NA,4.36450310496135,0.161828451906383
2040,"correct_conditional",NA,6.71990784609168,0.292667990398686
2041,"history_naive",14,7.43403833835171e+285,4.95602555890114e+285
2041,"practical_naive",NA,1.20498583680863,0.20355853797472
2041,"correct_conditional",NA,3.10095908780711,0.756038035841054
2042,"history_naive",14,7.27219536352985e+285,4.84813024235323e+285
2042,"practical_naive",NA,11.2268237487857,0.179189739213274
2042,"correct_conditional",NA,1.47659401612839,0.0193998747844983
2043,"history_naive",14,9.72540754083177e+285,9.72540754083177e+285
2043,"practical_naive",NA,1.9890349441445,0.152733850037449
2043,"correct_conditional",NA,1.49366681471004,0.127303456435925
2044,"history_naive",15,9.80356208609591e+285,9.80356208609591e+285
2044,"practical_naive",NA,3.33895966007321,0.20874166840179
2044,"correct_conditional",NA,1.96276221970176,0.181130777391467
2045,"history_naive",14,7.3306356005402e+285,4.88709040036014e+285
2045,"practical_naive",NA,6.16241905017438,0.117946285486126
2045,"correct_conditional",NA,3.64813630080952,0.693982378606013
2046,"history_naive",14,9.55183028619458e+285,9.55183028619458e+285
2046,"practical_naive",NA,4.89721431902575,0.111281035569494
2046,"correct_conditional",NA,1.3711627461954,0.0475344365609129
2047,"history_naive",14,9.64787604797365e+285,9.64787604797365e+285
2047,"practical_naive",NA,1.71903960486009,0.337162356607522
2047,"correct_conditional",NA,1.70087954414422,0.0900809501739345
2048,"history_naive",14,7.21422101535746e+285,4.80948067690497e+285
2048,"practical_naive",282,38.8827882458945,0.0930226876964471
2048,"correct_conditional",NA,8.196488654477,0.0702420770078053
2049,"history_naive",14,7.25765824499813e+285,4.83843882999875e+285
2049,"practical_naive",167,20.5238631411739,0.137935116148776
2049,"correct_conditional",NA,10.1032331025813,2.88644079334381
2050,"history_naive",15,9.68656422422175e+285,9.68656422422175e+285
2050,"practical_naive",NA,1.97893235632091,0.237259404451441
2050,"correct_conditional",NA,1.07098087857317,0.231264206062315
2051,"history_naive",14,7.28676159996815e+285,4.85784106664543e+285
2051,"practical_naive",NA,1.10685228263475,0.206092721791269
2051,"correct_conditional",NA,1.04941694410382,0.0898272542163281
2052,"history_naive",14,9.81337546155741e+285,9.81337546155741e+285
2052,"practical_naive",NA,7.73613130776472,0.127141612770356
2052,"correct_conditional",NA,8.48302957411924,0.230767442479021
2053,"history_naive",14,9.80356208609583e+285,9.80356208609583e+285
2053,"practical_naive",NA,7.15258607713189,0.15337476051135
2053,"correct_conditional",NA,5.35330376580686,1.03065632095145
2054,"history_naive",14,9.6865642242217e+285,9.6865642242217e+285
2054,"practical_naive",NA,1.68085762460137,0.249125750223586
2054,"correct_conditional",NA,1.99812102896862,0.514419513904197
2055,"history_naive",15,9.6478760479736e+285,9.6478760479736e+285
2055,"practical_naive",NA,3.821494444264,0.208893458444546
2055,"correct_conditional",NA,2.40183611370555,0.233825427965006
2056,"history_naive",14,9.67687765999755e+285,9.67687765999755e+285
2056,"practical_naive",NA,6.89681088026767,0.769408352201763
2056,"correct_conditional",NA,5.55266149566825,2.38004759251354
2057,"history_naive",15,7.25040058675316e+285,4.83360039116877e+285
2057,"practical_naive",NA,3.36029163305885,0.153736314314565
2057,"correct_conditional",NA,2.49766328010726,0.887592118464311
2058,"history_naive",14,9.62858994375375e+285,9.62858994375375e+285
2058,"practical_naive",NA,6.24161418909731,0.367928237471729
2058,"correct_conditional",NA,2.78288975328831,0.144800558495098
2059,"history_naive",14,9.73514268351528e+285,9.73514268351528e+285
2059,"practical_naive",NA,1.23979025208505,0.388902655489757
2059,"correct_conditional",NA,1.20260140489257,0.265758818130638
2060,"history_naive",14,9.64787604797363e+285,9.64787604797363e+285
2060,"practical_naive",NA,1.14003066131384,0.225404403909567
2060,"correct_conditional",NA,1.08247626449483,0.355469021762161
2061,"history_naive",15,9.63822817192562e+285,9.63822817192562e+285
2061,"practical_naive",NA,1.0495827831235,0.216666610411023
2061,"correct_conditional",NA,1.14544056843302,0.430231839859543
2062,"history_naive",14,9.72540754083174e+285,9.72540754083174e+285
2062,"practical_naive",NA,1.62509106514863,0.258455031972464
2062,"correct_conditional",NA,1.43952625471215,0.15864277276967
2063,"history_naive",14,9.85272729376978e+285,9.85272729376978e+285
2063,"practical_naive",NA,1.35793976738011,0.197823610503835
2063,"correct_conditional",NA,1.23237517813665,0.380487849211797
2064,"history_naive",14,9.72540754083179e+285,9.72540754083179e+285
2064,"practical_naive",NA,9.9388328046583,0.0875775880954676
2064,"correct_conditional",NA,13.4559231652741,0.193675346801777
2065,"history_naive",14,9.61896135380998e+285,9.61896135380998e+285
2065,"practical_naive",NA,1.51279349771742,0.232579288644738
2065,"correct_conditional",NA,1.02765421277537,0.13974825830919
2066,"history_naive",14,9.4851677286473e+285,9.4851677286473e+285
2066,"practical_naive",NA,3.32856456775813,0.263887424891325
2066,"correct_conditional",NA,6.22831910214632,1.41814305273974
2067,"history_naive",15,7.12812491819692e+285,4.75208327879795e+285
2067,"practical_naive",NA,1.08393401927239,0.0987728788839411
2067,"correct_conditional",NA,1.27301764422944,0.156049519279857
2068,"history_naive",14,7.25765824499815e+285,4.83843882999877e+285
2068,"practical_naive",NA,1.12687103708032,0.207108823940806
2068,"correct_conditional",NA,1.49285771579724,0.505739018182533
2069,"history_naive",15,7.09255550360949e+285,4.72837033573966e+285
2069,"practical_naive",NA,1.39671690176335,0.257844997961967
2069,"correct_conditional",NA,1.52697848256132,0.245783706652043
2070,"history_naive",14,9.58054318369668e+285,9.58054318369668e+285
2070,"practical_naive",NA,1.56838898941981,0.189619053560825
2070,"correct_conditional",NA,1.73854573917071,0.430465935576417
2071,"history_naive",14,7.27219536352983e+285,4.84813024235322e+285
2071,"practical_naive",NA,1.4978607980331,0.18197814316988
2071,"correct_conditional",NA,1.81509701668712,0.368767983812537
2072,"history_naive",15,9.59973305006371e+285,9.59973305006371e+285
2072,"practical_naive",NA,1.23666508281309,0.136281040551735
2072,"correct_conditional",NA,1.12761837422697,0.133787498253431
2073,"history_naive",14,7.05010641717565e+285,4.70007094478377e+285
2073,"practical_naive",NA,4.55183332918995,1.1162148842529
2073,"correct_conditional",NA,1.77469391838459,0.315826952912695
2074,"history_naive",14,9.58054318369662e+285,9.58054318369662e+285
2074,"practical_naive",NA,1.82041755686475,0.157897412255934
2074,"correct_conditional",NA,4.08087977228264,0.680744361193155
2075,"history_naive",15,9.45674067147938e+285,9.45674067147938e+285
2075,"practical_naive",1580,43.1279348717379,37.2860454853368
2075,"correct_conditional",1606,212.618345454178,167.505694631745
2076,"history_naive",14,9.71568213329094e+285,9.71568213329094e+285
2076,"practical_naive",NA,4.81871268125225,0.0632985117445561
2076,"correct_conditional",463,27.4245979635952,6.26603889202685
2077,"history_naive",14,7.2794748383682e+285,4.8529832255788e+285
2077,"practical_naive",NA,1.16022486326882,0.328283466563376
2077,"correct_conditional",NA,1.07492016432386,0.382599289214715
2078,"history_naive",15,9.72540754083177e+285,9.72540754083177e+285
2078,"practical_naive",NA,1.28899454058154,0.428128440078401
2078,"correct_conditional",NA,1.6265409265954,1.00635229547225
2079,"history_naive",14,7.41917769571333e+285,4.94611846380889e+285
2079,"practical_naive",NA,6.51339080448372,0.294393009815571
2079,"correct_conditional",NA,3.4659059402328,0.776449494341871
2080,"history_naive",14,9.6672007823375e+285,9.6672007823375e+285
2080,"practical_naive",NA,1.2242683532998,0.204778011559033
2080,"correct_conditional",NA,1.1169216405176,0.147177972565146
2081,"history_naive",14,7.22867112894425e+285,4.81911408596284e+285
2081,"practical_naive",NA,1.12084910276348,0.261294667821875
2081,"correct_conditional",NA,1.10053626980328,0.337189692464574
2082,"history_naive",15,7.17822198038472e+285,4.78548132025648e+285
2082,"practical_naive",NA,1.75132859581518,0.213348863945945
2082,"correct_conditional",NA,3.7947610727585,0.80283910384026
2083,"history_naive",15,7.14955213308937e+285,4.76636808872625e+285
2083,"practical_naive",NA,1.94549732729914,0.165272542822789
2083,"correct_conditional",NA,1.03177199535496,0.13855377953664
2084,"history_naive",14,7.21422101535752e+285,4.80948067690501e+285
2084,"practical_naive",NA,1.00264666666667,0.177811429496422
2084,"correct_conditional",NA,1,0.360822571072589
2085,"history_naive",14,9.85272729376982e+285,9.85272729376982e+285
2085,"practical_naive",NA,1.11912692344064,0.205067545540765
2085,"correct_conditional",NA,1.25324819788857,0.447527961227457
2086,"history_naive",14,9.63822817192567e+285,9.63822817192567e+285
2086,"practical_naive",NA,1.91254193343329,0.213429319247053
2086,"correct_conditional",NA,5.57517216259375,2.58649069672728
2087,"history_naive",14,9.64787604797357e+285,9.64787604797357e+285
2087,"practical_naive",NA,4.23721956662329,2.93957811527021
2087,"correct_conditional",1826,72.2592498749655,13.1074189531991
2088,"history_naive",15,9.51368023783373e+285,9.51368023783373e+285
2088,"practical_naive",NA,1.42419431047294,0.186160015618978
2088,"correct_conditional",NA,4.08305620780884,1.60584083371532
2089,"history_naive",15,9.67687765999751e+285,9.67687765999751e+285
2089,"practical_naive",NA,4.53106943906394,0.267019014837335
2089,"correct_conditional",NA,4.3381230391594,0.599463839969546
2090,"history_naive",14,7.45638513204883e+285,4.97092342136589e+285
2090,"practical_naive",NA,14.6524917194617,8.65508546394151
2090,"correct_conditional",2541,30.3870170524406,17.8408661058081
2091,"history_naive",14,9.54227845590837e+285,9.54227845590837e+285
2091,"practical_naive",NA,1.02475438613372,0.198549585964534
2091,"correct_conditional",NA,1.10415465394691,0.310924152877585
2092,"history_naive",14,9.83303169190956e+285,9.83303169190956e+285
2092,"practical_naive",NA,1.68774537212206,0.121226947354993
2092,"correct_conditional",NA,1.49706046431325,0.264820882913262
2093,"history_naive",15,9.59973305006372e+285,9.59973305006372e+285
2093,"practical_naive",NA,1.46284769380863,0.116674234662179
2093,"correct_conditional",NA,1.44754776651538,0.0995285868466606
2094,"history_naive",14,7.27219536352985e+285,4.84813024235323e+285
2094,"practical_naive",NA,1.56500381725352,0.179973935293816
2094,"correct_conditional",NA,1.5869264691069,0.377823351203325
2095,"history_naive",15,7.25040058675315e+285,4.83360039116877e+285
2095,"practical_naive",NA,1.26393637760606,0.160779465558875
2095,"correct_conditional",NA,3.81745252071636,1.25435933775156
2096,"history_naive",15,7.2142210153575e+285,4.809480676905e+285
2096,"practical_naive",NA,1.81411212080358,0.277248329241978
2096,"correct_conditional",NA,1.31853400726325,0.500465423505314
2097,"history_naive",15,9.39074174767798e+285,9.39074174767798e+285
2097,"practical_naive",NA,1.53648056066966,0.168471027017738
2097,"correct_conditional",NA,1.13948503986438,0.30621802254592
2098,"history_naive",15,9.54227845590834e+285,9.54227845590834e+285
2098,"practical_naive",NA,2.20407711199996,0.299042937031579
2098,"correct_conditional",NA,1.47395140121144,0.276151322587432
2099,"history_naive",14,9.85272729376981e+285,9.85272729376981e+285
2099,"practical_naive",NA,1.02423103830048,0.229283263759402
2099,"correct_conditional",NA,1.08929318489169,0.354849873694707
2100,"history_naive",14,9.61896135380996e+285,9.61896135380996e+285
2100,"practical_naive",NA,1.58746650746968,0.149991973473689
2100,"correct_conditional",NA,1.1504414119083,0.10442188530844
2101,"history_naive",14,9.62858994375371e+285,9.62858994375371e+285
2101,"practical_naive",NA,1.00630207942853,0.379770596341607
2101,"correct_conditional",NA,1.7476086116119,1.43633286073786
2102,"history_naive",15,7.1352601783753e+285,4.75684011891687e+285
2102,"practical_naive",NA,1.28033397093989,0.201231094388928
2102,"correct_conditional",NA,1.13203745589926,0.404617585694488
2103,"history_naive",14,9.61896135381002e+285,9.61896135381002e+285
2103,"practical_naive",NA,1.12924031744329,0.419942912425253
2103,"correct_conditional",NA,4.36126905701666,1.94521754145575
2104,"history_naive",14,9.79375852400974e+285,9.79375852400974e+285
2104,"practical_naive",NA,2.91585869385896,0.217101969366986
2104,"correct_conditional",NA,2.56736010978571,0.0797505098750953
2105,"history_naive",15,9.60934239245617e+285,9.60934239245617e+285
2105,"practical_naive",NA,1.30935476480622,0.199156726099548
2105,"correct_conditional",NA,1.1152624336434,0.223064978084751
2106,"history_naive",14,9.73514268351527e+285,9.73514268351527e+285
2106,"practical_naive",NA,1.4486867458152,0.242832295346491
2106,"correct_conditional",NA,1.37877644937118,0.229588122270661
2107,"history_naive",14,7.22867112894426e+285,4.81911408596284e+285
2107,"practical_naive",NA,1.7334176349081,0.178133627173858
2107,"correct_conditional",NA,1.24769482543876,0.182043951349468
2108,"history_naive",15,9.62858994375373e+285,9.62858994375373e+285
2108,"practical_naive",NA,1.08770443942493,0.424218993373096
2108,"correct_conditional",NA,1.09133783967883,0.433645406725085
2109,"history_naive",14,9.5422784559084e+285,9.5422784559084e+285
2109,"practical_naive",NA,3.03315688349027,0.231924506245164
2109,"correct_conditional",NA,2.67129999157153,0.277677947038099
2110,"history_naive",14,7.23590703598025e+285,4.82393802398684e+285
2110,"practical_naive",NA,2.27230400458131,0.221074310472296
2110,"correct_conditional",NA,2.65153748790986,0.554901326323288
2111,"history_naive",14,9.57096264051293e+285,9.57096264051293e+285
2111,"practical_naive",NA,5.44208772447278,0.410665529877384
2111,"correct_conditional",NA,3.20616749589177,0.65371040720286
2112,"history_naive",14,1.00720001014462e+286,1.00720001014462e+286
2112,"practical_naive",NA,1.97736443994313,0.205343799468206
2112,"correct_conditional",NA,1.54231117015374,0.290578852811559
2113,"history_naive",15,9.71568213329088e+285,9.71568213329088e+285
2113,"practical_naive",NA,1.0731198509595,0.138613395581239
2113,"correct_conditional",NA,1.04487739720216,0.144894669012541
2114,"history_naive",15,7.25040058675316e+285,4.83360039116878e+285
2114,"practical_naive",NA,1.64799658580333,0.14691676128566
2114,"correct_conditional",NA,1.69743248116961,0.173378562492611
2115,"history_naive",14,9.78396476548576e+285,9.78396476548576e+285
2115,"practical_naive",NA,1.82267461160812,0.268161961999028
2115,"correct_conditional",NA,1.75218596103371,0.302122128909698
2116,"history_naive",14,9.66720078233753e+285,9.66720078233753e+285
2116,"practical_naive",NA,1.10435547986551,0.145488786701545
2116,"correct_conditional",NA,1.57522016652147,0.703988375510112
2117,"history_naive",15,7.33063560054019e+285,4.88709040036012e+285
2117,"practical_naive",NA,1.11549517168062,0.204318158522922
2117,"correct_conditional",NA,1.31483886419744,0.461298894682668
2118,"history_naive",15,9.70596645115762e+285,9.70596645115762e+285
2118,"practical_naive",NA,1.65684586851582,0.24257335293831
2118,"correct_conditional",NA,2.92763502823196,0.915694864322672
2119,"history_naive",14,9.77418080072034e+285,9.77418080072034e+285
2119,"practical_naive",NA,2.54604355514985,0.112180424295997
2119,"correct_conditional",NA,2.30851006165863,0.516186811843553
2120,"history_naive",14,7.25040058675316e+285,4.83360039116878e+285
2120,"practical_naive",NA,1.47595468180661,0.442947765018476
2120,"correct_conditional",NA,2.72125633228638,1.54850965065106
2121,"history_naive",15,9.65753358155519e+285,9.65753358155519e+285
2121,"practical_naive",NA,1.3635336365123,0.233044067341773
2121,"correct_conditional",NA,1.26235491003956,0.100431033193706
2122,"history_naive",14,9.69626048470648e+285,9.69626048470648e+285
2122,"practical_naive",NA,1.14595046934487,0.181374761469758
2122,"correct_conditional",NA,1.09892506622849,0.2590292432394
2123,"history_naive",15,9.56139167787248e+285,9.56139167787248e+285
2123,"practical_naive",NA,1.7814051697717,0.127027093423849
2123,"correct_conditional",NA,1.44849118503048,0.158865938252406
2124,"history_naive",14,7.38215592485703e+285,4.92143728323802e+285
2124,"practical_naive",NA,3.56881039165987,0.890454384394062
2124,"correct_conditional",NA,5.61666924938404,3.28293315686456
2125,"history_naive",15,7.27947483836819e+285,4.8529832255788e+285
2125,"practical_naive",NA,4.24548171723458,0.0715538588432657
2125,"correct_conditional",NA,1.89752557583454,0.036318933656978
2126,"history_naive",14,9.49466239103831e+285,9.49466239103831e+285
2126,"practical_naive",NA,2.46098662818607,1.03620850820358
2126,"correct_conditional",NA,1.64850986161271,0.843658765959988
2127,"history_naive",14,7.3306356005402e+285,4.88709040036014e+285
2127,"practical_naive",NA,1.10419627397408,0.161265076844481
2127,"correct_conditional",NA,1.76299177831596,0.391832120457878
2128,"history_naive",15,7.25040058675316e+285,4.83360039116878e+285
2128,"practical_naive",NA,1.26202311677092,0.218934404868718
2128,"correct_conditional",NA,1.51789392361065,0.554760405830832
2129,"history_naive",14,9.65753358155521e+285,9.65753358155521e+285
2129,"practical_naive",NA,2.02429884017632,0.116849502198059
2129,"correct_conditional",NA,1.3237401143379,0.290207204085703
2130,"history_naive",14,7.33797357411431e+285,4.89198238274288e+285
2130,"practical_naive",NA,1.63959974533203,0.280797725227495
2130,"correct_conditional",NA,1.24267083189555,0.574524542831313
2131,"history_naive",14,9.77418080072029e+285,9.77418080072029e+285
2131,"practical_naive",NA,2.11984333063512,0.272235891091849
2131,"correct_conditional",NA,3.7433325183918,0.160264350710885
2132,"history_naive",14,9.64787604797362e+285,9.64787604797362e+285
2132,"practical_naive",NA,1.14613603068917,0.256797687753469
2132,"correct_conditional",NA,1.18708058785498,0.452564269704571
2133,"history_naive",14,9.62858994375375e+285,9.62858994375375e+285
2133,"practical_naive",NA,1.84228460708906,0.18655158000754
2133,"correct_conditional",NA,1.96190274176895,0.388839615396096
2134,"history_naive",15,9.61896135380998e+285,9.61896135380998e+285
2134,"practical_naive",NA,1.83436235791385,0.342866362155054
2134,"correct_conditional",NA,3.1350202953071,0.308702608137898
2135,"history_naive",14,9.8527272937698e+285,9.8527272937698e+285
2135,"practical_naive",NA,2.17574469496909,0.481168657637126
2135,"correct_conditional",NA,3.46796757848901,3.20504151830372
2136,"history_naive",15,7.12099679327873e+285,4.74733119551915e+285
2136,"practical_naive",NA,4.51662054617389,0.167171003749662
2136,"correct_conditional",NA,9.56385454667347,3.09994073686946
2137,"history_naive",14,9.76440661991951e+285,9.76440661991951e+285
2137,"practical_naive",NA,1.22129155273543,0.123638550237334
2137,"correct_conditional",NA,1.19489087189553,0.0868565612132856
2138,"history_naive",15,7.22867112894425e+285,4.81911408596283e+285
2138,"practical_naive",NA,2.03073697003403,0.225464773105361
2138,"correct_conditional",NA,1.70418052034962,0.275485445032695
2139,"history_naive",15,9.65753358155517e+285,9.65753358155517e+285
2139,"practical_naive",NA,1.45748229165627,0.120449183758212
2139,"correct_conditional",NA,1.3757147908731,0.362894151826488
2140,"history_naive",14,9.71568213329087e+285,9.71568213329087e+285
2140,"practical_naive",NA,1.18862181001763,0.466101888675442
2140,"correct_conditional",NA,2.47292656841077,1.34250384680484
2141,"history_naive",14,9.6478760479736e+285,9.6478760479736e+285
2141,"practical_naive",NA,2.46418392495666,0.0944356830072898
2141,"correct_conditional",NA,2.13761327626635,0.0930542342593755
2142,"history_naive",15,9.72540754083172e+285,9.72540754083172e+285
2142,"practical_naive",NA,1.4158120212673,0.269022844570235
2142,"correct_conditional",NA,1.21052960232412,0.096647497179847
2143,"history_naive",14,9.75464221329966e+285,9.75464221329966e+285
2143,"practical_naive",NA,2.749132734831,0.0646003290104031
2143,"correct_conditional",NA,3.26266558951885,0.145852362827696
2144,"history_naive",15,9.59973305006374e+285,9.59973305006374e+285
2144,"practical_naive",NA,1.23855704395475,0.132883415828776
2144,"correct_conditional",NA,1.19947220713254,0.133866803214471
2145,"history_naive",14,7.25765824499813e+285,4.83843882999875e+285
2145,"practical_naive",NA,1.13140439980514,0.270556676781569
2145,"correct_conditional",NA,1.11527536636104,0.459485144018801
2146,"history_naive",15,7.21422101535747e+285,4.80948067690498e+285
2146,"practical_naive",NA,1.06899017767047,0.190882350312798
2146,"correct_conditional",NA,1.16704893798573,0.117028763165924
2147,"history_naive",14,7.1782219803847e+285,4.78548132025647e+285
2147,"practical_naive",NA,1.19237907019575,0.320533066040304
2147,"correct_conditional",NA,1.65920523952836,1.22147360571206
2148,"history_naive",14,9.9717321339088e+285,9.9717321339088e+285
2148,"practical_naive",NA,1.26997463006142,0.243916436544749
2148,"correct_conditional",NA,1.17745174294849,0.399173567890824
2149,"history_naive",14,9.59013331701364e+285,9.59013331701364e+285
2149,"practical_naive",NA,1.47862986338269,0.21455087623601
2149,"correct_conditional",NA,1.57617197190419,0.388086990262771
2150,"history_naive",14,9.78396476548579e+285,9.78396476548579e+285
2150,"practical_naive",NA,1.5959912918674,0.145719328049552
2150,"correct_conditional",NA,1.80845067818855,0.124552085822943
2151,"history_naive",14,9.67687765999756e+285,9.67687765999756e+285
2151,"practical_naive",NA,2.58618196982745,0.210997477469404
2151,"correct_conditional",NA,1.77704004820378,0.161662853117286
2152,"history_naive",14,9.80356208609588e+285,9.80356208609588e+285
2152,"practical_naive",NA,4.98742344973492,0.181606023646178
2152,"correct_conditional",NA,3.54025885150274,0.17120931896754
2153,"history_naive",14,9.55183028619454e+285,9.55183028619454e+285
2153,"practical_naive",NA,1.26861026528291,0.182424911907928
2153,"correct_conditional",NA,1.1662530829433,0.266518661132796
2154,"history_naive",15,9.73514268351525e+285,9.73514268351525e+285
2154,"practical_naive",NA,1.1488917672299,0.358338508237468
2154,"correct_conditional",NA,1.46567418504633,0.633877554516964
2155,"history_naive",14,7.31598165997474e+285,4.87732110664983e+285
2155,"practical_naive",534,27.7853950274259,0.225818104230029
2155,"correct_conditional",773,30.2017423195054,0.699440855693694
2156,"history_naive",14,9.43783664687704e+285,9.43783664687704e+285
2156,"practical_naive",NA,1.74806886330987,0.424164111354462
2156,"correct_conditional",NA,1.42617313334057,0.535097493014569
2157,"history_naive",14,9.5041665575959e+285,9.5041665575959e+285
2157,"practical_naive",NA,1.68357595279896,0.662129365611904
2157,"correct_conditional",NA,2.82143000028702,1.18755289821764
2158,"history_naive",14,7.10676192068896e+285,4.7378412804593e+285
2158,"practical_naive",NA,1.07052723531916,0.205517473722293
2158,"correct_conditional",NA,1.14100661037789,0.658762510357323
2159,"history_naive",15,9.55183028619457e+285,9.55183028619457e+285
2159,"practical_naive",NA,1.17735905833694,0.26006539024332
2159,"correct_conditional",NA,1.3489073867949,0.790742956978662
2160,"history_naive",14,9.52320344127502e+285,9.52320344127502e+285
2160,"practical_naive",NA,2.20821054823243,0.0175889866298061
2160,"correct_conditional",NA,1.66859058119454,0.0574465967375622
2161,"history_naive",14,9.50416655759588e+285,9.50416655759588e+285
2161,"practical_naive",NA,1.11996396771855,0.17163268714699
2161,"correct_conditional",NA,1.91265807967647,1.14158390293409
2162,"history_naive",14,7.26492316816632e+285,4.84328211211088e+285
2162,"practical_naive",NA,1.19661727425298,0.178749417889863
2162,"correct_conditional",NA,1.15319557365157,0.268121559616615
2163,"history_naive",14,9.73514268351528e+285,9.73514268351528e+285
2163,"practical_naive",NA,1.75241221923622,0.269188236171447
2163,"correct_conditional",NA,1.44799314905705,0.316493672366211
2164,"history_naive",15,9.83303169190954e+285,9.83303169190954e+285
2164,"practical_naive",NA,1,0.129120327504085
2164,"correct_conditional",NA,1.41747756448971,0.205005062814849
2165,"history_naive",15,9.69626048470651e+285,9.69626048470651e+285
2165,"practical_naive",NA,2.31096532841406,0.465911890417773
2165,"correct_conditional",NA,2.16426162452568,0.35433669011175
2166,"history_naive",15,9.79375852400984e+285,9.79375852400984e+285
2166,"practical_naive",NA,2.41604640847668,0.197795726580758
2166,"correct_conditional",NA,1.54964231603767,0.263034811113069
2167,"history_naive",14,7.23590703598023e+285,4.82393802398682e+285
2167,"practical_naive",NA,16.8843654550277,1.58824461786132
2167,"correct_conditional",914,29.1869229161604,1.49717286992467
2168,"history_naive",14,7.44892874691679e+285,4.96595249794453e+285
2168,"practical_naive",NA,1.49525147339174,0.591595572120892
2168,"correct_conditional",NA,1.60196786647415,0.574093345632697
2169,"history_naive",14,9.64787604797367e+285,9.64787604797367e+285
2169,"practical_naive",NA,1.44077129593566,0.184990747109556
2169,"correct_conditional",NA,4.33970930964936,0.901912645329616
2170,"history_naive",14,9.56139167787243e+285,9.56139167787243e+285
2170,"practical_naive",NA,6.49899812241801,0.26395384478702
2170,"correct_conditional",NA,3.50325033318111,0.791385852119072
2171,"history_naive",14,9.842874566476e+285,9.842874566476e+285
2171,"practical_naive",NA,2.55532525073718,0.18668659851072
2171,"correct_conditional",NA,1.86298227227323,0.651182326013671
2172,"history_naive",14,7.26492316816627e+285,4.84328211211085e+285
2172,"practical_naive",NA,1.35098666574982,0.183011008961643
2172,"correct_conditional",NA,1.11663048606981,0.231574036671949
2173,"history_naive",14,9.82319866021761e+285,9.82319866021761e+285
2173,"practical_naive",NA,3.41249783415673,0.279400717002043
2173,"correct_conditional",NA,1.308965895566,0.071579013122968
2174,"history_naive",14,7.22867112894429e+285,4.81911408596286e+285
2174,"practical_naive",NA,11.5233905207921,0.546118311074165
2174,"correct_conditional",NA,1.55913468476441,0.287959073984717
2175,"history_naive",14,7.3306356005402e+285,4.88709040036013e+285
2175,"practical_naive",NA,1.24100553814337,0.126318639178424
2175,"correct_conditional",NA,1.31184196714983,0.21366707886647
2176,"history_naive",14,9.62858994375373e+285,9.62858994375373e+285
2176,"practical_naive",NA,3.53188896128798,0.184293691337951
2176,"correct_conditional",NA,3.09167081267177,0.110883630433319
2177,"history_naive",14,9.58054318369661e+285,9.58054318369661e+285
2177,"practical_naive",NA,1.04199708617226,0.12418287195303
2177,"correct_conditional",NA,1.12685292501641,0.260477398535573
2178,"history_naive",15,9.83303169190959e+285,9.83303169190959e+285
2178,"practical_naive",NA,1.54353703064728,0.356398369848518
2178,"correct_conditional",NA,1.44851242275439,0.370192995174656
2179,"history_naive",14,7.35267156457189e+285,4.90178104304793e+285
2179,"practical_naive",NA,1.0032,0.26180212860848
2179,"correct_conditional",NA,1.0032,0.369173191113159
2180,"history_naive",14,7.30135701263644e+285,4.86757134175762e+285
2180,"practical_naive",NA,2.98050722364239,0.229493401677237
2180,"correct_conditional",NA,1.88215527783646,0.382215248127798
2181,"history_naive",14,9.94184684273171e+285,9.94184684273171e+285
2181,"practical_naive",NA,1.02974476471568,0.213183591302677
2181,"correct_conditional",NA,1.04526584266062,0.291499935827052
2182,"history_naive",15,7.32330496493969e+285,4.88220330995979e+285
2182,"practical_naive",567,56.7838925172967,0.804662130666573
2182,"correct_conditional",589,34.885868710273,3.77737741590332
2183,"history_naive",14,9.55183028619461e+285,9.55183028619461e+285
2183,"practical_naive",NA,1.51561124148487,0.228059454085823
2183,"correct_conditional",NA,1.08571148910503,0.231408197451497
2184,"history_naive",15,9.34388185249657e+285,9.34388185249657e+285
2184,"practical_naive",NA,1.29480621582933,0.037192630965076
2184,"correct_conditional",NA,1.96539293969057,0.0371453783605992
2185,"history_naive",14,9.84287456647601e+285,9.84287456647601e+285
2185,"practical_naive",NA,1.13146706531782,0.175099851583936
2185,"correct_conditional",NA,1.10398490990762,0.323585826050205
2186,"history_naive",15,7.25040058675313e+285,4.83360039116876e+285
2186,"practical_naive",NA,1.21323137904303,0.207462789634574
2186,"correct_conditional",NA,1.02694019097633,0.270171901998983
2187,"history_naive",14,7.39694241274012e+285,4.93129494182674e+285
2187,"practical_naive",NA,2.14277947056178,0.191749030469746
2187,"correct_conditional",NA,2.10019832201455,0.132246975737014
2188,"history_naive",14,7.40434675949961e+285,4.93623117299974e+285
2188,"practical_naive",NA,1.3501017324511,0.225792331150093
2188,"correct_conditional",NA,2.15186333905811,0.480848081362124
2189,"history_naive",15,9.78396476548573e+285,9.78396476548573e+285
2189,"practical_naive",NA,3.20877771380183,0.421069502086948
2189,"correct_conditional",NA,9.23922735263921,1.63632443931367
2190,"history_naive",14,9.67687765999751e+285,9.67687765999751e+285
2190,"practical_naive",NA,1.10976543356664,0.405230657756506
2190,"correct_conditional",NA,1.23295246645612,0.373762174979448
2191,"history_naive",15,9.70596645115767e+285,9.70596645115767e+285
2191,"practical_naive",NA,1.69422782246776,0.0717906073133508
2191,"correct_conditional",NA,1.23861823474232,0.00274286529422174
2192,"history_naive",14,9.68656422422177e+285,9.68656422422177e+285
2192,"practical_naive",NA,4.99791143209599,0.228592271144904
2192,"correct_conditional",NA,1.62971367446682,0.0246977385430398
2193,"history_naive",15,9.67687765999754e+285,9.67687765999754e+285
2193,"practical_naive",NA,3.59223088171232,0.170392597036209
2193,"correct_conditional",NA,1.73780734353936,0.147372929813127
2194,"history_naive",14,9.62858994375374e+285,9.62858994375374e+285
2194,"practical_naive",NA,1.35830356747668,0.151095302094654
2194,"correct_conditional",NA,1.09613462377465,0.149217322012595
2195,"history_naive",15,9.68656422422175e+285,9.68656422422175e+285
2195,"practical_naive",NA,1.05349611307023,0.269056525221052
2195,"correct_conditional",NA,1.08276562370429,0.311334300244273
2196,"history_naive",15,9.7156821332909e+285,9.7156821332909e+285
2196,"practical_naive",NA,4.36794950110528,0.15910203245373
2196,"correct_conditional",NA,5.87248766063366,0.671769747300252
2197,"history_naive",15,9.65753358155519e+285,9.65753358155519e+285
2197,"practical_naive",NA,1.23424230364696,0.200165293995695
2197,"correct_conditional",NA,1.25989131385544,0.319428111442788
2198,"history_naive",14,9.76440661991954e+285,9.76440661991954e+285
2198,"practical_naive",NA,2.30573026214828,0.118270872826695
2198,"correct_conditional",NA,1.4953504392371,0.908170801564697
2199,"history_naive",15,9.66720078233756e+285,9.66720078233756e+285
2199,"practical_naive",NA,1.21565857088591,0.178315099228849
2199,"correct_conditional",NA,1.08161122465331,0.218902691494825
2200,"history_naive",15,7.38215592485698e+285,4.92143728323799e+285
2200,"practical_naive",NA,1.25013880383508,0.348560600801291
2200,"correct_conditional",NA,1.12994470874228,0.35162478354406
2201,"history_naive",14,9.62858994375373e+285,9.62858994375373e+285
2201,"practical_naive",NA,2.73783865728407,0.0455288691039803
2201,"correct_conditional",NA,3.77458450411762,0.418897496473748
2202,"history_naive",14,9.66720078233752e+285,9.66720078233752e+285
2202,"practical_naive",NA,2.49002799265952,0.242862418543422
2202,"correct_conditional",NA,1.05681496807132,0.0964209409426639
2203,"history_naive",14,9.55183028619454e+285,9.55183028619454e+285
2203,"practical_naive",NA,2.79088571360988,0.212198826581077
2203,"correct_conditional",NA,1.34115149773578,0.233791248064455
2204,"history_naive",15,7.3306356005402e+285,4.88709040036014e+285
2204,"practical_naive",NA,1.56703491255999,0.187830363013103
2204,"correct_conditional",NA,1.20335118317477,0.180278408351274
2205,"history_naive",15,9.79375852400977e+285,9.79375852400977e+285
2205,"practical_naive",NA,1.18449041394703,0.224526147174299
2205,"correct_conditional",NA,1.1115363586265,0.459166672057756
2206,"history_naive",14,9.73514268351525e+285,9.73514268351525e+285
2206,"practical_naive",NA,1.99162721241876,0.127975446728944
2206,"correct_conditional",NA,9.08748626158377,1.02611773974621
2207,"history_naive",14,9.82319866021766e+285,9.82319866021766e+285
2207,"practical_naive",NA,1.05398792091726,0.21662087249765
2207,"correct_conditional",NA,1.08272492108183,0.44213144509321
2208,"history_naive",14,9.71568213329095e+285,9.71568213329095e+285
2208,"practical_naive",NA,2.97249264429184,0.190148189266197
2208,"correct_conditional",NA,2.06225180165443,1.00037516214875
2209,"history_naive",15,9.55183028619453e+285,9.55183028619453e+285
2209,"practical_naive",NA,1.01026061307973,0.489433471585222
2209,"correct_conditional",NA,1.00592336410256,0.27455731600748
2210,"history_naive",15,7.35267156457186e+285,4.90178104304791e+285
2210,"practical_naive",NA,1.05033027201794,0.176000011150293
2210,"correct_conditional",NA,1.92685268422581,1.12061017961237
2211,"history_naive",15,9.59973305006372e+285,9.59973305006372e+285
2211,"practical_naive",NA,1.43598113777042,0.0378292493324234
2211,"correct_conditional",NA,1.57659702726968,0.104298796481087
2212,"history_naive",14,9.74488757108632e+285,9.74488757108632e+285
2212,"practical_naive",NA,6.03122464585595,0.0877150819243976
2212,"correct_conditional",NA,1.5352791034992,0.208727592889294
2213,"history_naive",15,9.72540754083174e+285,9.72540754083174e+285
2213,"practical_naive",NA,1.09619594132427,0.155980128901328
2213,"correct_conditional",NA,1.88271006169849,0.488256189346941
2214,"history_naive",14,9.66720078233756e+285,9.66720078233756e+285
2214,"practical_naive",NA,3.35028507472809,0.0874840598974417
2214,"correct_conditional",NA,3.69011175171362,0.474487876165291
2215,"history_naive",14,9.62858994375371e+285,9.62858994375371e+285
2215,"practical_naive",NA,1.39674612132612,0.266595584390608
2215,"correct_conditional",NA,1.13151902338499,0.201940336646359
2216,"history_naive",15,9.68656422422175e+285,9.68656422422175e+285
2216,"practical_naive",NA,2.01145646247965,0.168192368388536
2216,"correct_conditional",NA,1.36514804438169,0.566480783145979
2217,"history_naive",14,9.45674067147934e+285,9.45674067147934e+285
2217,"practical_naive",617,20.1620070034343,0.43419195556117
2217,"correct_conditional",NA,12.8494488773883,0.153234302044717
2218,"history_naive",14,7.19979978754781e+285,4.79986652503188e+285
2218,"practical_naive",NA,1.01471802533923,0.199147609499924
2218,"correct_conditional",NA,1.15730058252077,0.207910001191375
2219,"history_naive",14,9.95179864137316e+285,9.95179864137316e+285
2219,"practical_naive",NA,9.33077785707459,0.0980556047320731
2219,"correct_conditional",NA,3.88620877769935,0.0556526782429205
2220,"history_naive",14,9.61896135380994e+285,9.61896135380994e+285
2220,"practical_naive",NA,2.49288890162736,0.113195550348193
2220,"correct_conditional",NA,1.44979170869333,0.0946855209798752
2221,"history_naive",14,7.21422101535748e+285,4.80948067690499e+285
2221,"practical_naive",NA,4.45261102505478,0.0405653664901366
2221,"correct_conditional",NA,1.41597445418408,0.0144206025531594
2222,"history_naive",14,9.85272729376976e+285,9.85272729376976e+285
2222,"practical_naive",NA,1.70367553598862,0.199261055501125
2222,"correct_conditional",NA,1.39274103117149,0.190740400337252
2223,"history_naive",15,9.65753358155521e+285,9.65753358155521e+285
2223,"practical_naive",NA,2.53219859895118,0.169666328401459
2223,"correct_conditional",NA,1.673573986642,0.185692533327063
2224,"history_naive",14,9.90213906668446e+285,9.90213906668446e+285
2224,"practical_naive",NA,1.01970189867587,0.270012573865248
2224,"correct_conditional",NA,1.06572841018232,0.35932715939452
2225,"history_naive",15,7.19979978754777e+285,4.79986652503185e+285
2225,"practical_naive",NA,1.77510863162684,0.204850430742343
2225,"correct_conditional",NA,1.24379025754884,0.461363130354442
2226,"history_naive",14,9.44728393080786e+285,9.44728393080786e+285
2226,"practical_naive",NA,5.35083639821502,0.0241068951008392
2226,"correct_conditional",NA,4.59515242537816,0.0090200806336075
2227,"history_naive",14,9.59973305006371e+285,9.59973305006371e+285
2227,"practical_naive",NA,1.03710284676511,0.224181777537239
2227,"correct_conditional",NA,1.00732656389218,0.11441266168999
2228,"history_naive",15,9.80356208609588e+285,9.80356208609588e+285
2228,"practical_naive",NA,1.06208239101959,0.380821592459161
2228,"correct_conditional",NA,1.06769028020214,0.352173677540173
2229,"history_naive",14,9.56139167787248e+285,9.56139167787248e+285
2229,"practical_naive",NA,1.93485206083158,0.183848413056259
2229,"correct_conditional",NA,1.33785155129042,0.348283639224424
2230,"history_naive",14,9.7156821332909e+285,9.7156821332909e+285
2230,"practical_naive",NA,1.18485358807042,0.269809906915376
2230,"correct_conditional",NA,1.21253173254374,0.321934960460329
2231,"history_naive",14,9.81337546155742e+285,9.81337546155742e+285
2231,"practical_naive",NA,2.68242300508546,0.263115996266089
2231,"correct_conditional",NA,1.01356913806623,0.211425382620924
2232,"history_naive",15,9.77418080072026e+285,9.77418080072026e+285
2232,"practical_naive",NA,3.50782624479498,0.0984506344519778
2232,"correct_conditional",NA,1.86866060717406,0.0633149955605073
2233,"history_naive",14,9.79375852400977e+285,9.79375852400977e+285
2233,"practical_naive",NA,1.03588178743125,0.282226151273184
2233,"correct_conditional",NA,1.01232879803726,0.631451161333286
2234,"history_naive",15,7.35267156457192e+285,4.90178104304795e+285
2234,"practical_naive",2588,20.7928531788289,9.51995439875882
2234,"correct_conditional",1093,352.14992730622,121.419962704716
2235,"history_naive",15,9.59013331701364e+285,9.59013331701364e+285
2235,"practical_naive",NA,3.91340824990125,0.429855565658538
2235,"correct_conditional",NA,2.23110492068316,0.359384900915158
2236,"history_naive",14,9.6575335815552e+285,9.6575335815552e+285
2236,"practical_naive",NA,1.83483995820592,1.42276640642105
2236,"correct_conditional",NA,1.58460002241781,0.32504553712314
2237,"history_naive",14,9.72540754083181e+285,9.72540754083181e+285
2237,"practical_naive",NA,1.76976988867587,0.128524034152346
2237,"correct_conditional",NA,2.34838053159389,0.820499683015848
2238,"history_naive",15,9.60934239245616e+285,9.60934239245616e+285
2238,"practical_naive",NA,2.76187592015772,0.0455583426946183
2238,"correct_conditional",NA,2.63608382666542,0.025386890025881
2239,"history_naive",15,9.66720078233753e+285,9.66720078233753e+285
2239,"practical_naive",NA,2.39211020342981,0.194351888479842
2239,"correct_conditional",NA,5.87484131064647,2.11536568527941
2240,"history_naive",15,9.61896135381e+285,9.61896135381e+285
2240,"practical_naive",NA,1.23974247156527,0.113127330267534
2240,"correct_conditional",NA,1.68588038039011,0.355705578203252
2241,"history_naive",14,9.85272729376984e+285,9.85272729376984e+285
2241,"practical_naive",NA,1.71201021176949,0.386127287406845
2241,"correct_conditional",NA,1.03845564543729,0.339470419193851
2242,"history_naive",15,9.61896135381004e+285,9.61896135381004e+285
2242,"practical_naive",NA,1.29694184774279,0.487972194987343
2242,"correct_conditional",NA,1.96832917483232,0.399853206200756
2243,"history_naive",14,9.58054318369662e+285,9.58054318369662e+285
2243,"practical_naive",NA,1.53995141690063,0.201870790983167
2243,"correct_conditional",NA,1.54268902042346,0.576265324785844
2244,"history_naive",14,9.55183028619449e+285,9.55183028619449e+285
2244,"practical_naive",NA,1.93840034163239,0.118126912329742
2244,"correct_conditional",NA,1.46550151398064,0.29347867372336
2245,"history_naive",14,9.48516772864722e+285,9.48516772864722e+285
2245,"practical_naive",NA,1.82230976306726,0.180822692201294
2245,"correct_conditional",NA,1.7782587316079,0.439452687103364
2246,"history_naive",15,7.33797357411432e+285,4.89198238274288e+285
2246,"practical_naive",NA,1.08601107265162,0.186845566978517
2246,"correct_conditional",NA,1.10841172346911,0.556864809292374
2247,"history_naive",14,7.26492316816635e+285,4.8432821121109e+285
2247,"practical_naive",NA,1.88928281155999,0.208599955702159
2247,"correct_conditional",NA,1.0705411758681,0.147389421511421
2248,"history_naive",15,7.26492316816636e+285,4.8432821121109e+285
2248,"practical_naive",NA,1.75054157238408,0.208539129858648
2248,"correct_conditional",NA,1.06175289655556,0.18765053383084
2249,"history_naive",15,7.22144245781526e+285,4.81429497187684e+285
2249,"practical_naive",NA,1.52211789585762,0.173724021029855
2249,"correct_conditional",NA,1.42615332479235,0.349939056985542
2250,"history_naive",14,9.90213906668443e+285,9.90213906668443e+285
2250,"practical_naive",NA,5.86692677078019,0.269635218358169
2250,"correct_conditional",NA,3.10580426661781,0.359050454885963
2251,"history_naive",15,7.16387271464591e+285,4.77591514309727e+285
2251,"practical_naive",NA,1.4160930349236,0.0471634890435103
2251,"correct_conditional",NA,1.111293592388,0.0646819438418607
2252,"history_naive",15,9.66720078233752e+285,9.66720078233752e+285
2252,"practical_naive",NA,7.2155272980255,1.72311502208854
2252,"correct_conditional",NA,2.14414154665868,0.37704036116062
2253,"history_naive",14,9.60934239245612e+285,9.60934239245612e+285
2253,"practical_naive",NA,1.45839037269665,0.180480388087098
2253,"correct_conditional",NA,1.5867692071453,0.191999959316767
2254,"history_naive",14,9.69626048470648e+285,9.69626048470648e+285
2254,"practical_naive",NA,1.24309323325022,0.232014454305015
2254,"correct_conditional",NA,1.15306369500869,0.405032046362721
2255,"history_naive",14,9.58054318369661e+285,9.58054318369661e+285
2255,"practical_naive",NA,1.19697732246804,0.242211947258138
2255,"correct_conditional",NA,1.6397870308595,0.269021519283134
2256,"history_naive",14,9.57096264051297e+285,9.57096264051297e+285
2256,"practical_naive",NA,1.11707710041696,0.34677416163112
2256,"correct_conditional",NA,1.0012,0.212366467514459
2257,"history_naive",15,9.65753358155518e+285,9.65753358155518e+285
2257,"practical_naive",NA,1.00618138170701,0.255172409691524
2257,"correct_conditional",NA,1.18879422589831,0.652823481684241
2258,"history_naive",14,7.23590703598024e+285,4.82393802398683e+285
2258,"practical_naive",NA,4.0757544906411,0.0533708780308211
2258,"correct_conditional",NA,2.34577481778028,0.172858366346398
2259,"history_naive",14,9.63822817192571e+285,9.63822817192571e+285
2259,"practical_naive",NA,1.20291275760348,0.24953013427216
2259,"correct_conditional",NA,1.26911258318777,0.495215731788527
2260,"history_naive",14,9.56139167787241e+285,9.56139167787241e+285
2260,"practical_naive",NA,1.04296549103367,0.262679447264676
2260,"correct_conditional",NA,1.78283362379782,0.398310086237216
2261,"history_naive",14,9.60934239245619e+285,9.60934239245619e+285
2261,"practical_naive",NA,1.09063876733471,0.239558556778927
2261,"correct_conditional",NA,1.24204153484616,0.480340820523559
2262,"history_naive",15,9.67687765999755e+285,9.67687765999755e+285
2262,"practical_naive",NA,4.9736425836894,0.26427640231528
2262,"correct_conditional",NA,2.37093602255993,0.230489637103551
2263,"history_naive",14,7.27947483836823e+285,4.85298322557882e+285
2263,"practical_naive",NA,1.4119502237022,0.186946172986104
2263,"correct_conditional",NA,1.68589776552235,0.463486049225529
2264,"history_naive",15,7.14240258095623e+285,4.76160172063748e+285
2264,"practical_naive",NA,4.42431974616206,0.748396657176156
2264,"correct_conditional",NA,3.2383327880588,0.14372917779039
2265,"history_naive",15,7.1782219803847e+285,4.78548132025647e+285
2265,"practical_naive",NA,1.07387541647635,0.214575161322731
2265,"correct_conditional",NA,1.10534879208252,0.283832071263899
2266,"history_naive",14,9.67687765999753e+285,9.67687765999753e+285
2266,"practical_naive",NA,1.14665028591708,0.30455314824121
2266,"correct_conditional",NA,1.89611804637078,0.232697476784592
2267,"history_naive",14,7.41175851801759e+285,4.94117234534506e+285
2267,"practical_naive",NA,1.18776361724462,0.214921789016886
2267,"correct_conditional",NA,1.15862916892668,0.174276162635329
2268,"history_naive",14,7.19259998776023e+285,4.79506665850682e+285
2268,"practical_naive",NA,1.14087277422603,0.243508472704735
2268,"correct_conditional",NA,1.01113658568847,0.183112638284717
2269,"history_naive",14,7.50878923466253e+285,5.00585948977502e+285
2269,"practical_naive",NA,3.2247344281746,0.13251476924915
2269,"correct_conditional",NA,4.01607049492144,0.929825746705667
2270,"history_naive",14,9.85272729376982e+285,9.85272729376982e+285
2270,"practical_naive",NA,2.1409736905112,0.191335501660216
2270,"correct_conditional",NA,1.47348763786548,0.132894773786952
2271,"history_naive",15,9.82319866021764e+285,9.82319866021764e+285
2271,"practical_naive",NA,2.706512006475,0.189246544616244
2271,"correct_conditional",NA,1.86156122350802,0.285732863573961
2272,"history_naive",14,7.27947483836825e+285,4.85298322557883e+285
2272,"practical_naive",NA,1.64767986719374,0.202574518467467
2272,"correct_conditional",NA,2.1895221829297,0.623394143712824
2273,"history_naive",14,9.65753358155515e+285,9.65753358155515e+285
2273,"practical_naive",NA,2.36403466158235,0.162613014022158
2273,"correct_conditional",NA,2.2171352292581,0.259500780266034
2274,"history_naive",14,9.63822817192568e+285,9.63822817192568e+285
2274,"practical_naive",NA,2.81634677594722,0.313657054492606
2274,"correct_conditional",NA,1.39548018042646,0.369932205353894
2275,"history_naive",14,9.67687765999757e+285,9.67687765999757e+285
2275,"practical_naive",NA,1.62905002225258,0.151130741950625
2275,"correct_conditional",NA,1.61129664118649,0.138153575899985
2276,"history_naive",15,7.22867112894425e+285,4.81911408596283e+285
2276,"practical_naive",NA,1.47456889225016,0.231316456421947
2276,"correct_conditional",NA,3.99109636190639,0.922255628376964
2277,"history_naive",14,9.56139167787247e+285,9.56139167787247e+285
2277,"practical_naive",NA,3.53181713397533,0.119182984707554
2277,"correct_conditional",NA,2.65681019856763,0.152866616392186
2278,"history_naive",15,9.54227845590836e+285,9.54227845590836e+285
2278,"practical_naive",NA,1.02801614237913,0.21369268368407
2278,"correct_conditional",NA,1.02581590689269,0.493676052588186
2279,"history_naive",15,7.3379735741143e+285,4.89198238274287e+285
2279,"practical_naive",NA,1.00451769313168,0.204425469495447
2279,"correct_conditional",NA,1.50413167932148,0.320859805750773
2280,"history_naive",14,9.55183028619454e+285,9.55183028619454e+285
2280,"practical_naive",NA,6.43746001070977,0.0841559848032441
2280,"correct_conditional",NA,18.0962654092971,0.96409691417754
2281,"history_naive",15,7.09965515876829e+285,4.73310343917886e+285
2281,"practical_naive",NA,1.28696360766038,0.20165639909916
2281,"correct_conditional",NA,1.60913487270347,0.100723424454688
2282,"history_naive",15,9.81337546155742e+285,9.81337546155742e+285
2282,"practical_naive",NA,1.57817003317673,0.187688629616761
2282,"correct_conditional",NA,1.11812451892932,0.160723093578361
2283,"history_naive",15,7.14955213308934e+285,4.76636808872623e+285
2283,"practical_naive",NA,1.50201262866853,0.208162970075354
2283,"correct_conditional",NA,1.02041929147374,0.515970954784528
2284,"history_naive",14,9.65753358155516e+285,9.65753358155516e+285
2284,"practical_naive",NA,1.15345878820636,0.178029739232563
2284,"correct_conditional",NA,1.07012929275431,0.214163818242672
2285,"history_naive",14,9.63822817192564e+285,9.63822817192564e+285
2285,"practical_naive",NA,1.18933723288086,0.227643431290395
2285,"correct_conditional",NA,1.65502070870777,0.495649597795505
2286,"history_naive",14,7.24315018616644e+285,4.82876679077763e+285
2286,"practical_naive",NA,1.27596757787607,0.141558928154611
2286,"correct_conditional",NA,1.53772810483116,0.488525924760108
2287,"history_naive",15,9.65753358155517e+285,9.65753358155517e+285
2287,"practical_naive",NA,2.43880079672216,0.165635791245465
2287,"correct_conditional",NA,1.99269340061001,0.35191448893925
2288,"history_naive",14,9.842874566476e+285,9.842874566476e+285
2288,"practical_naive",NA,1.06330479139489,0.253864943448093
2288,"correct_conditional",NA,1.4386426458298,0.448999858888394
2289,"history_naive",14,9.81337546155745e+285,9.81337546155745e+285
2289,"practical_naive",NA,3.79897205850128,0.193326720381559
2289,"correct_conditional",NA,4.82204307582911,0.576920677865933
2290,"history_naive",14,9.60934239245617e+285,9.60934239245617e+285
2290,"practical_naive",NA,2.46523556576981,0.207816441507763
2290,"correct_conditional",NA,1.93369394796184,0.318536575638151
2291,"history_naive",15,9.64787604797364e+285,9.64787604797364e+285
2291,"practical_naive",NA,1.13587646228927,0.393292099203368
2291,"correct_conditional",NA,2.2032961598162,1.33234800372772
2292,"history_naive",14,7.22867112894422e+285,4.81911408596281e+285
2292,"practical_naive",NA,1.27468468951855,0.436004451261448
2292,"correct_conditional",NA,3.69247980108789,2.16842532554403
2293,"history_naive",15,9.71568213329087e+285,9.71568213329087e+285
2293,"practical_naive",NA,2.40106255386164,0.256963552915385
2293,"correct_conditional",NA,1.12613100624413,0.120666825561309
2294,"history_naive",15,7.25765824499815e+285,4.83843882999876e+285
2294,"practical_naive",NA,1.53840129846684,0.241405331740359
2294,"correct_conditional",NA,1.41916376510068,0.340847537825059
2295,"history_naive",14,9.59013331701369e+285,9.59013331701369e+285
2295,"practical_naive",NA,9.30000113222985,0.638799136323534
2295,"correct_conditional",NA,4.10946912078114,0.159640960591305
2296,"history_naive",14,9.66720078233755e+285,9.66720078233755e+285
2296,"practical_naive",NA,1.22300057720773,0.291500716107754
2296,"correct_conditional",NA,2.45774842496248,1.67159562810928
2297,"history_naive",15,7.35267156457191e+285,4.90178104304794e+285
2297,"practical_naive",NA,2.34818926652887,0.236324322679773
2297,"correct_conditional",NA,1.51429976445622,0.33406811973656
2298,"history_naive",15,9.85272729376981e+285,9.85272729376981e+285
2298,"practical_naive",NA,1.73481569076542,0.21271473700304
2298,"correct_conditional",NA,1.14283790496582,0.120861832525782
2299,"history_naive",15,9.67687765999752e+285,9.67687765999752e+285
2299,"practical_naive",NA,1.67494234910084,0.217580601995997
2299,"correct_conditional",NA,1.68273781984981,0.443982072406438
2300,"history_naive",14,9.75464221329967e+285,9.75464221329967e+285
2300,"practical_naive",NA,1.26925608694684,0.182842572819589
2300,"correct_conditional",NA,1.48521175366659,0.350183070174953
2301,"history_naive",15,7.15670884193126e+285,4.77113922795418e+285
2301,"practical_naive",NA,6.14135546096429,0.121806076775289
2301,"correct_conditional",NA,2.91433720276741,0.289445280068247
2302,"history_naive",14,9.57096264051296e+285,9.57096264051296e+285
2302,"practical_naive",NA,1.61733587577742,0.130772464713363
2302,"correct_conditional",NA,1.36678856966103,0.227209503342726
2303,"history_naive",14,7.14955213308934e+285,4.76636808872623e+285
2303,"practical_naive",NA,2.64722668706371,0.163554202310414
2303,"correct_conditional",NA,5.41657483103914,0.292599346650251
2304,"history_naive",14,9.51368023783377e+285,9.51368023783377e+285
2304,"practical_naive",NA,1.30968302839395,0.143493364329673
2304,"correct_conditional",NA,1.30100923393415,0.0832939189834301
2305,"history_naive",14,9.89223692761779e+285,9.89223692761779e+285
2305,"practical_naive",1205,784.559035108093,2.40197244928086
2305,"correct_conditional",1453,45.2654503632486,1.31134093978059
2306,"history_naive",15,9.67687765999753e+285,9.67687765999753e+285
2306,"practical_naive",NA,1.2873663677144,0.214605185070464
2306,"correct_conditional",NA,1.17166613329388,0.258983615889632
2307,"history_naive",15,9.83303169190958e+285,9.83303169190958e+285
2307,"practical_naive",NA,1.02921660767445,0.21616546483996
2307,"correct_conditional",NA,1.53486388219264,0.474984698008231
2308,"history_naive",14,9.6865642242218e+285,9.6865642242218e+285
2308,"practical_naive",620,34.0013844684536,1.1630959206896
2308,"correct_conditional",NA,3.38354984267896,0.125731176041507
2309,"history_naive",15,9.89223692761775e+285,9.89223692761775e+285
2309,"practical_naive",NA,2.4518149444736,0.238923285619406
2309,"correct_conditional",NA,2.44509403681575,0.352849535496209
2310,"history_naive",14,7.33063560054023e+285,4.88709040036015e+285
2310,"practical_naive",NA,5.49796151992215,0.307685227107199
2310,"correct_conditional",NA,4.87280650396055,0.228177717753538
2311,"history_naive",14,9.55183028619454e+285,9.55183028619454e+285
2311,"practical_naive",NA,5.86623369886028,0.225702595477403
2311,"correct_conditional",NA,1.25861478566622,0.116684180632429
2312,"history_naive",14,7.33797357411431e+285,4.89198238274287e+285
2312,"practical_naive",NA,2.25464472569129,0.210911820213703
2312,"correct_conditional",NA,1.04439200923113,0.092458705074751
2313,"history_naive",14,9.9021390666845e+285,9.9021390666845e+285
2313,"practical_naive",NA,6.17008726487101,0.161994944566299
2313,"correct_conditional",NA,2.24599824282777,0.0438741041369458
2314,"history_naive",14,9.64787604797364e+285,9.64787604797364e+285
2314,"practical_naive",NA,2.16330361784929,0.213009106126881
2314,"correct_conditional",NA,1.8755557935035,0.25831987300665
2315,"history_naive",14,9.4662068783577e+285,9.4662068783577e+285
2315,"practical_naive",NA,6.53140665113482,1.20247889444328
2315,"correct_conditional",NA,5.18028165681392,3.72501809454489
2316,"history_naive",14,9.79375852400982e+285,9.79375852400982e+285
2316,"practical_naive",NA,4.15682260773992,0.149896977037491
2316,"correct_conditional",NA,2.31346373981605,0.102406549806776
2317,"history_naive",14,7.24315018616637e+285,4.82876679077758e+285
2317,"practical_naive",NA,4.73648349730885,0.13493990628142
2317,"correct_conditional",NA,2.8340218666964,0.217555583261656
2318,"history_naive",14,7.25040058675318e+285,4.83360039116879e+285
2318,"practical_naive",NA,1.85309329230668,0.15330248736132
2318,"correct_conditional",NA,1.20166618416208,0.163864345555062
2319,"history_naive",14,7.12812491819693e+285,4.75208327879795e+285
2319,"practical_naive",NA,1.4379308020612,0.0768296619510379
2319,"correct_conditional",NA,3.69238989597188,0.561297087577737
2320,"history_naive",14,9.95179864137315e+285,9.95179864137315e+285
2320,"practical_naive",NA,3.20461206541683,0.6593990387924
2320,"correct_conditional",NA,5.39662367165573,1.58703509995736
2321,"history_naive",14,1.00418143070701e+286,1.00418143070701e+286
2321,"practical_naive",NA,2.17192301411931,0.243126991883501
2321,"correct_conditional",NA,1.31591934252735,0.103718131468898
2322,"history_naive",14,9.6962604847065e+285,9.6962604847065e+285
2322,"practical_naive",NA,1.80353104370287,0.235255381902549
2322,"correct_conditional",NA,4.03512041865076,0.512703827175528
2323,"history_naive",14,7.0783774851578e+285,4.71891832343853e+285
2323,"practical_naive",NA,1.68075552326871,0.108681894328357
2323,"correct_conditional",NA,1.22358817585375,0.0934933483108868
2324,"history_naive",14,7.36739899516322e+285,4.91159933010882e+285
2324,"practical_naive",NA,1.01335996689161,0.208018038564028
2324,"correct_conditional",NA,1.01847276537274,0.283614483471188
2325,"history_naive",15,7.30866567831479e+285,4.87244378554319e+285
2325,"practical_naive",NA,1.67099093719284,0.198754391423177
2325,"correct_conditional",NA,1.76456740055224,0.876820504552679
2326,"history_naive",15,9.59013331701371e+285,9.59013331701371e+285
2326,"practical_naive",NA,1.24132353308459,0.126577500989301
2326,"correct_conditional",NA,1.14958548703479,0.294570107022572
2327,"history_naive",14,9.77418080072026e+285,9.77418080072026e+285
2327,"practical_naive",NA,2.70397331944144,0.279843789665934
2327,"correct_conditional",186,36.5635570858124,7.63461384048797
2328,"history_naive",14,7.25040058675314e+285,4.83360039116876e+285
2328,"practical_naive",NA,1.7095321405118,0.664254482276788
2328,"correct_conditional",NA,7.04753480433365,1.50575128962082
2329,"history_naive",14,9.86258988365346e+285,9.86258988365346e+285
2329,"practical_naive",NA,1.55539323307127,0.294308714133972
2329,"correct_conditional",NA,2.0533695885064,0.227659909926638
2330,"history_naive",15,9.75464221329963e+285,9.75464221329963e+285
2330,"practical_naive",NA,4.30209852025919,0.158915022956131
2330,"correct_conditional",NA,3.13412356721472,0.495560571868322
2331,"history_naive",15,7.33797357411435e+285,4.8919823827429e+285
2331,"practical_naive",NA,1.32001746596682,0.210039950797422
2331,"correct_conditional",NA,1.33705902245212,0.348968216393723
2332,"history_naive",14,7.36003159616806e+285,4.90668773077871e+285
2332,"practical_naive",NA,1.44765599888786,0.547486820669271
2332,"correct_conditional",NA,2.46352496084845,2.36334867717579
2333,"history_naive",15,9.78396476548579e+285,9.78396476548579e+285
2333,"practical_naive",NA,4.19882024720334,0.195909820625122
2333,"correct_conditional",NA,4.01282027930662,0.138497534292867
2334,"history_naive",14,7.41917769571337e+285,4.94611846380891e+285
2334,"practical_naive",NA,1.01898680853018,0.257306584901698
2334,"correct_conditional",NA,1.01521258102769,0.317944805943289
2335,"history_naive",15,7.19979978754782e+285,4.79986652503188e+285
2335,"practical_naive",NA,6.00765302324442,0.913777669368117
2335,"correct_conditional",NA,1.27083530170788,0.0949884614337764
2336,"history_naive",15,9.73514268351525e+285,9.73514268351525e+285
2336,"practical_naive",NA,1.32942363761647,0.2572252490733
2336,"correct_conditional",NA,2.82853792312208,0.600613360917332
2337,"history_naive",14,9.79375852400979e+285,9.79375852400979e+285
2337,"practical_naive",NA,1.05972641882387,0.209654547148084
2337,"correct_conditional",NA,1.02120565450362,0.372474770994505
2338,"history_naive",15,9.73514268351528e+285,9.73514268351528e+285
2338,"practical_naive",NA,1.33025016465877,0.261348096522247
2338,"correct_conditional",NA,1.19786844775729,0.17077394462236
2339,"history_naive",14,9.64787604797364e+285,9.64787604797364e+285
2339,"practical_naive",NA,1.21928347151101,0.706562671103014
2339,"correct_conditional",NA,2.41370893179644,1.26569528706149
2340,"history_naive",15,9.56139167787242e+285,9.56139167787242e+285
2340,"practical_naive",NA,2.22687706609032,0.121718284653273
2340,"correct_conditional",NA,1.81139500974782,0.149008986219759
2341,"history_naive",14,9.80356208609589e+285,9.80356208609589e+285
2341,"practical_naive",NA,1.00075929426926,0.209877222233599
2341,"correct_conditional",NA,1.04099441133382,0.318083362680229
2342,"history_naive",14,9.67687765999748e+285,9.67687765999748e+285
2342,"practical_naive",NA,1.91718633738203,0.150370325076986
2342,"correct_conditional",NA,1.33707748757349,0.183849038134839
2343,"history_naive",14,9.62858994375371e+285,9.62858994375371e+285
2343,"practical_naive",NA,1.25647121187951,0.472462631124797
2343,"correct_conditional",NA,1.33550892917081,0.770165787852398
2344,"history_naive",14,9.67687765999753e+285,9.67687765999753e+285
2344,"practical_naive",NA,2.10685768438182,0.601592511793687
2344,"correct_conditional",NA,10.6304301628921,1.48758386813761
2345,"history_naive",14,7.37477376893216e+285,4.91651584595477e+285
2345,"practical_naive",NA,1.17786532513483,0.195320277422799
2345,"correct_conditional",NA,1.17415770066736,0.439034175904805
2346,"history_naive",15,9.70596645115763e+285,9.70596645115763e+285
2346,"practical_naive",NA,15.4221773764881,3.50040203734377
2346,"correct_conditional",NA,14.987024107993,3.11078404305975
2347,"history_naive",14,9.69626048470644e+285,9.69626048470644e+285
2347,"practical_naive",NA,1.38355300808007,0.0332507961466212
2347,"correct_conditional",NA,3.83729795489392,0.320777825678678
2348,"history_naive",14,9.76440661991956e+285,9.76440661991956e+285
2348,"practical_naive",NA,2.08763050543509,0.212951334319082
2348,"correct_conditional",NA,1.74379593374569,0.130083582586144
2349,"history_naive",14,9.70596645115761e+285,9.70596645115761e+285
2349,"practical_naive",NA,1.28252494960966,0.516388404572355
2349,"correct_conditional",NA,1.17982190305909,0.660472889902574
2350,"history_naive",14,9.69626048470646e+285,9.69626048470646e+285
2350,"practical_naive",NA,2.27433359284364,0.390038086111983
2350,"correct_conditional",NA,5.59087837317517,3.52918768390936
2351,"history_naive",15,9.73514268351527e+285,9.73514268351527e+285
2351,"practical_naive",NA,2.90294542089686,0.373990226417024
2351,"correct_conditional",NA,2.17718574055071,1.18327239935848
2352,"history_naive",15,9.81337546155742e+285,9.81337546155742e+285
2352,"practical_naive",NA,1.1106300553578,0.214302788299705
2352,"correct_conditional",NA,1.09620897545261,0.342717249376353
2353,"history_naive",15,9.75464221329962e+285,9.75464221329962e+285
2353,"practical_naive",NA,12.166590535519,0.239571289352673
2353,"correct_conditional",NA,5.42058525108985,0.116755734318406
2354,"history_naive",15,9.63822817192569e+285,9.63822817192569e+285
2354,"practical_naive",NA,1.55002555804976,0.1666531256269
2354,"correct_conditional",NA,1.74723076180098,0.255687971043791
2355,"history_naive",14,9.63822817192568e+285,9.63822817192568e+285
2355,"practical_naive",NA,1.04458983306378,0.161709213493575
2355,"correct_conditional",NA,1.71576781252015,0.509967542964718
2356,"history_naive",14,9.65753358155517e+285,9.65753358155517e+285
2356,"practical_naive",NA,1.25046426639788,0.236160934955036
2356,"correct_conditional",NA,1.28086659581802,0.712397632106271
2357,"history_naive",14,9.49466239103828e+285,9.49466239103828e+285
2357,"practical_naive",NA,1.07766625915347,0.298908702358301
2357,"correct_conditional",NA,1.09234143801013,0.255232548547119
2358,"history_naive",14,9.62858994375376e+285,9.62858994375376e+285
2358,"practical_naive",NA,5.72587589306398,0.523653687260478
2358,"correct_conditional",NA,9.87560078349937,1.45682739427156
2359,"history_naive",15,9.47568256091863e+285,9.47568256091863e+285
2359,"practical_naive",NA,2.98033388035683,0.417000262650121
2359,"correct_conditional",NA,1.46251360726337,0.111762463197635
2360,"history_naive",15,7.16387271464589e+285,4.77591514309726e+285
2360,"practical_naive",NA,1.07626580492166,0.223662236239682
2360,"correct_conditional",NA,2.16262175627329,0.521485196515397
2361,"history_naive",14,9.7741808007203e+285,9.7741808007203e+285
2361,"practical_naive",NA,1.22774055792738,0.193573627765567
2361,"correct_conditional",NA,1.64537872502244,0.402417008278729
2362,"history_naive",15,9.76440661991957e+285,9.76440661991957e+285
2362,"practical_naive",NA,2.09052897900483,0.520399885858308
2362,"correct_conditional",NA,1.63675358368601,0.660590849938388
2363,"history_naive",15,7.10676192068894e+285,4.73784128045929e+285
2363,"practical_naive",NA,1.9041595404746,0.489687099415015
2363,"correct_conditional",NA,1.82174608106432,1.7626972115087
2364,"history_naive",15,9.87246234599947e+285,9.87246234599947e+285
2364,"practical_naive",NA,1.00016025641026,0.509574830883008
2364,"correct_conditional",NA,1.26394204105229,1.26394204105229
2365,"history_naive",14,7.19979978754779e+285,4.79986652503186e+285
2365,"practical_naive",NA,3.3604467142159,0.422569347570314
2365,"correct_conditional",NA,3.17448671166663,0.253309386634904
2366,"history_naive",15,9.76440661991958e+285,9.76440661991958e+285
2366,"practical_naive",NA,4.68471521472789,0.476001618411003
2366,"correct_conditional",NA,4.88126505599485,1.41583882606596
2367,"history_naive",15,9.84287456647607e+285,9.84287456647607e+285
2367,"practical_naive",NA,3.15264922884037,0.348081450188554
2367,"correct_conditional",NA,1.27265909852651,0.348342654027171
2368,"history_naive",14,7.17822198038471e+285,4.78548132025647e+285
2368,"practical_naive",NA,9.6248814163425,0.071975596612635
2368,"correct_conditional",NA,6.45001754102279,0.0164553515481865
2369,"history_naive",14,9.81337546155745e+285,9.81337546155745e+285
2369,"practical_naive",NA,1.00189884738572,0.204426349876979
2369,"correct_conditional",NA,1.0016,0.214889718244225
2370,"history_naive",14,7.38215592485702e+285,4.92143728323801e+285
2370,"practical_naive",NA,1.50848192285537,0.196240129581574
2370,"correct_conditional",NA,1.28720301027876,0.265959365089513
2371,"history_naive",14,9.56139167787245e+285,9.56139167787245e+285
2371,"practical_naive",NA,3.44363646630235,0.272983559723736
2371,"correct_conditional",NA,3.85869760855402,1.20504848202691
2372,"history_naive",14,7.26492316816631e+285,4.84328211211088e+285
2372,"practical_naive",NA,5.56814650368631,0.317013081616133
2372,"correct_conditional",NA,1.1622916395475,0.186813481448397
2373,"history_naive",15,7.36739899516323e+285,4.91159933010882e+285
2373,"practical_naive",NA,1.51525510412583,0.190110410920433
2373,"correct_conditional",NA,1.46723000342831,0.780171253198066
2374,"history_naive",15,7.19259998776024e+285,4.79506665850682e+285
2374,"practical_naive",NA,1.05873215249833,0.194241292327415
2374,"correct_conditional",NA,1.06719313745451,0.226314082074107
2375,"history_naive",14,9.74488757108636e+285,9.74488757108636e+285
2375,"practical_naive",NA,2.35480741229459,0.285943548402134
2375,"correct_conditional",NA,3.41279097031174,0.955504660614197
2376,"history_naive",14,7.27947483836819e+285,4.85298322557879e+285
2376,"practical_naive",NA,1.21967852875992,0.229742960248314
2376,"correct_conditional",NA,1.14147350021702,0.13312400586896
2377,"history_naive",15,9.73514268351527e+285,9.73514268351527e+285
2377,"practical_naive",NA,1.49070100316029,0.187512001031899
2377,"correct_conditional",NA,1.49785290490383,0.576999608321166
2378,"history_naive",14,9.85272729376978e+285,9.85272729376978e+285
2378,"practical_naive",NA,1.97331103901161,0.217973997963242
2378,"correct_conditional",NA,2.79050153899492,1.06609853322668
2379,"history_naive",15,7.22867112894421e+285,4.81911408596281e+285
2379,"practical_naive",NA,1.80791787603018,0.447271726531211
2379,"correct_conditional",NA,1.77586202562978,0.58714590406324
2380,"history_naive",14,9.88234469069017e+285,9.88234469069017e+285
2380,"practical_naive",NA,1.77964184889026,0.201353596545983
2380,"correct_conditional",NA,3.23643133923311,0.447839425007443
2381,"history_naive",15,9.59973305006377e+285,9.59973305006377e+285
2381,"practical_naive",NA,1.99645896633944,0.345691031035253
2381,"correct_conditional",NA,1.59300513652475,0.477228130675066
2382,"history_naive",15,7.36003159616807e+285,4.90668773077871e+285
2382,"practical_naive",NA,1.38871917936985,0.36957565661071
2382,"correct_conditional",NA,1.32692812969566,0.262077089350267
2383,"history_naive",14,9.84287456647606e+285,9.84287456647606e+285
2383,"practical_naive",NA,3.02481099613392,0.908449348594941
2383,"correct_conditional",NA,2.43495119729741,0.48299375208231
2384,"history_naive",14,9.76440661991952e+285,9.76440661991952e+285
2384,"practical_naive",NA,1.10790634756417,0.19070962338282
2384,"correct_conditional",NA,1.06730320118641,0.124971827482365
2385,"history_naive",15,9.73514268351525e+285,9.73514268351525e+285
2385,"practical_naive",NA,1.8848948315877,0.202770730598382
2385,"correct_conditional",NA,2.32113499256728,0.373459471091856
2386,"history_naive",15,9.76440661991957e+285,9.76440661991957e+285
2386,"practical_naive",NA,1.20226009861604,0.190813474569464
2386,"correct_conditional",NA,1.15228982629663,0.398555199528575
2387,"history_naive",15,7.2867615999682e+285,4.85784106664547e+285
2387,"practical_naive",NA,5.41913548097334,0.157340055495097
2387,"correct_conditional",NA,2.99128109475969,0.602316475292063
2388,"history_naive",15,9.66720078233759e+285,9.66720078233759e+285
2388,"practical_naive",NA,1.10851113392818,0.186530775532118
2388,"correct_conditional",NA,1.12258688659149,0.314354369457158
2389,"history_naive",14,7.2867615999682e+285,4.85784106664547e+285
2389,"practical_naive",NA,2.18824016704208,0.191360233061264
2389,"correct_conditional",NA,2.95369429161451,0.652382788383087
2390,"history_naive",14,9.81337546155752e+285,9.81337546155752e+285
2390,"practical_naive",NA,1.1645451703242,0.697880117849756
2390,"correct_conditional",NA,2.19119710211672,1.89395344457432
2391,"history_naive",14,7.22867112894429e+285,4.81911408596286e+285
2391,"practical_naive",NA,3.00851167994582,0.128155797433024
2391,"correct_conditional",NA,2.91753021758857,1.0789939055544
2392,"history_naive",15,7.16387271464593e+285,4.77591514309729e+285
2392,"practical_naive",NA,1.01816281088243,0.207370279446216
2392,"correct_conditional",NA,1.0114411586167,0.401983611802275
2393,"history_naive",14,7.19979978754779e+285,4.79986652503186e+285
2393,"practical_naive",NA,6.98280091331977,0.0711605192270694
2393,"correct_conditional",NA,1.94903470083204,0.0260234132622468
2394,"history_naive",14,9.61896135380997e+285,9.61896135380997e+285
2394,"practical_naive",NA,1.73098592922376,0.251384829822547
2394,"correct_conditional",NA,3.45273958823657,2.66562558942404
2395,"history_naive",14,7.24315018616643e+285,4.82876679077762e+285
2395,"practical_naive",NA,2.20847770024397,0.164370609801875
2395,"correct_conditional",NA,2.23701113439914,0.246118806838854
2396,"history_naive",14,9.79375852400977e+285,9.79375852400977e+285
2396,"practical_naive",NA,1.03184226655168,0.455880357812287
2396,"correct_conditional",NA,2.86406055369601,1.75043463378153
2397,"history_naive",14,7.21422101535749e+285,4.80948067690499e+285
2397,"practical_naive",NA,3.55058042147011,0.238955408998189
2397,"correct_conditional",NA,3.03010496944216,0.259703710246065
2398,"history_naive",15,9.69626048470642e+285,9.69626048470642e+285
2398,"practical_naive",1050,29.5774010732322,0.349897319394503
2398,"correct_conditional",1126,55.8232640140477,28.1087107673272
2399,"history_naive",14,9.71568213329088e+285,9.71568213329088e+285
2399,"practical_naive",1461,20.9296538182745,1.01350034461714
2399,"correct_conditional",NA,2.10672675435825,0.272116779698795
2400,"history_naive",14,9.52320344127505e+285,9.52320344127505e+285
2400,"practical_naive",NA,1.16747467163038,0.200402978914377
2400,"correct_conditional",NA,1.38307839935421,0.533531040925006
2401,"history_naive",15,9.52320344127501e+285,9.52320344127501e+285
2401,"practical_naive",NA,1.45577177873434,0.196409623110745
2401,"correct_conditional",NA,1.58886324146239,0.593092487607229
2402,"history_naive",15,9.65753358155519e+285,9.65753358155519e+285
2402,"practical_naive",NA,9.08090177782937,0.220081375598916
2402,"correct_conditional",NA,5.39399924406603,0.717779140155072
2403,"history_naive",14,9.73514268351529e+285,9.73514268351529e+285
2403,"practical_naive",NA,5.54875853808118,0.268120655214884
2403,"correct_conditional",NA,3.59669125262748,0.0909266248261453
2404,"history_naive",15,9.72540754083175e+285,9.72540754083175e+285
2404,"practical_naive",NA,3.30776236074161,0.220134667825758
2404,"correct_conditional",NA,3.32968761245711,0.822799529418961
2405,"history_naive",15,1.001171897955e+286,1.001171897955e+286
2405,"practical_naive",NA,1.35610731671748,0.1626154254195
2405,"correct_conditional",NA,1.0578085383348,0.193123744875575
2406,"history_naive",14,7.29405565562376e+285,4.86270377041584e+285
2406,"practical_naive",NA,4.46188382265946,0.282526370508715
2406,"correct_conditional",NA,1.46874588459853,0.141294560057115
2407,"history_naive",15,7.12812491819696e+285,4.75208327879798e+285
2407,"practical_naive",NA,2.31836387994949,0.0898288892305267
2407,"correct_conditional",NA,1.19190892051909,0.0518908411854729
2408,"history_naive",14,9.5997330500637e+285,9.5997330500637e+285
2408,"practical_naive",NA,1.98673680419883,0.17587032270464
2408,"correct_conditional",NA,1.69562863231936,0.267108333462488
2409,"history_naive",14,9.87246234599942e+285,9.87246234599942e+285
2409,"practical_naive",NA,1.72337220280515,0.206685614342755
2409,"correct_conditional",NA,1.15466912371833,0.426223970885304
2410,"history_naive",14,9.64787604797365e+285,9.64787604797365e+285
2410,"practical_naive",NA,1.76865999380508,0.162229909129255
2410,"correct_conditional",NA,3.67686934258443,1.41565869036502
2411,"history_naive",14,9.51368023783377e+285,9.51368023783377e+285
2411,"practical_naive",NA,1.25462856876974,0.217577894350961
2411,"correct_conditional",NA,2.33733764330282,0.505908152110499
2412,"history_naive",14,9.66720078233754e+285,9.66720078233754e+285
2412,"practical_naive",NA,1.19562924712773,0.222117853340169
2412,"correct_conditional",NA,1.39581458001301,0.370637373453703
2413,"history_naive",14,9.8527272937698e+285,9.8527272937698e+285
2413,"practical_naive",NA,1.06963894650569,0.507829315410901
2413,"correct_conditional",NA,1.25297979594064,0.267495787644823
2414,"history_naive",15,7.23590703598022e+285,4.82393802398681e+285
2414,"practical_naive",NA,1.06426560425992,0.24658989673657
2414,"correct_conditional",NA,1.11902814709922,0.236436470698065
2415,"history_naive",14,7.28676159996815e+285,4.85784106664543e+285
2415,"practical_naive",NA,1.95870652379126,0.617724805198228
2415,"correct_conditional",NA,1.51686807736373,0.238046621818517
2416,"history_naive",14,7.14240258095626e+285,4.7616017206375e+285
2416,"practical_naive",NA,4.89793784199805,0.473763704234765
2416,"correct_conditional",NA,6.0494699137765,0.257574075203204
2417,"history_naive",15,9.68656422422172e+285,9.68656422422172e+285
2417,"practical_naive",NA,1.68161183205023,0.130371871315941
2417,"correct_conditional",NA,1.70503439362342,0.551195505473876
2418,"history_naive",14,9.67687765999755e+285,9.67687765999755e+285
2418,"practical_naive",NA,3.89653803682362,0.25338761387976
2418,"correct_conditional",NA,2.19930144431276,0.282976824545119
2419,"history_naive",14,9.74488757108635e+285,9.74488757108635e+285
2419,"practical_naive",NA,2.58184113054648,0.246132020628747
2419,"correct_conditional",NA,2.0686835577725,0.329952970591447
2420,"history_naive",14,9.9517986413731e+285,9.9517986413731e+285
2420,"practical_naive",NA,2.14506916341611,0.165776755661456
2420,"correct_conditional",NA,1.36191047113818,0.0188836433110509
2421,"history_naive",14,9.68656422422176e+285,9.68656422422176e+285
2421,"practical_naive",NA,1.42422512071258,0.150197156995954
2421,"correct_conditional",NA,5.22211683854278,1.20313430245453
2422,"history_naive",15,9.63822817192564e+285,9.63822817192564e+285
2422,"practical_naive",NA,1.36154798643134,0.288324788638542
2422,"correct_conditional",NA,1.50488193858348,0.350753644031588
2423,"history_naive",14,9.78396476548573e+285,9.78396476548573e+285
2423,"practical_naive",331,48.1003583341397,3.7831619893726
2423,"correct_conditional",349,75.230931824615,15.6691750635017
2424,"history_naive",15,7.3086656783148e+285,4.8724437855432e+285
2424,"practical_naive",NA,1.05135041506694,0.232108403909509
2424,"correct_conditional",NA,1.03534641128025,0.509197221962051
2425,"history_naive",14,7.22144245781531e+285,4.81429497187687e+285
2425,"practical_naive",NA,15.8992218851756,0.162005187036317
2425,"correct_conditional",282,22.1957745692685,0.177272476427237
2426,"history_naive",14,7.26492316816633e+285,4.84328211211089e+285
2426,"practical_naive",NA,12.514705357758,0.693052101754677
2426,"correct_conditional",NA,4.74552810530193,0.537551109329781
2427,"history_naive",14,9.64787604797363e+285,9.64787604797363e+285
2427,"practical_naive",NA,3.63978824418464,0.195550518006734
2427,"correct_conditional",NA,11.5824134411447,0.921467105588387
2428,"history_naive",14,9.62858994375377e+285,9.62858994375377e+285
2428,"practical_naive",NA,2.98791978600998,1.03586728534769
2428,"correct_conditional",NA,3.89418560595359,0.198726057058654
2429,"history_naive",15,9.80356208609591e+285,9.80356208609591e+285
2429,"practical_naive",NA,2.09409342557923,0.143785515819804
2429,"correct_conditional",NA,1.46883715239822,0.0802525419156446
2430,"history_naive",14,9.73514268351528e+285,9.73514268351528e+285
2430,"practical_naive",NA,1.20970940196997,0.257753824141549
2430,"correct_conditional",NA,1.18888367538307,0.265913853021051
2431,"history_naive",14,9.63822817192565e+285,9.63822817192565e+285
2431,"practical_naive",NA,1.33890290264887,0.123158995373022
2431,"correct_conditional",NA,1.65730799907447,0.0834504760577638
2432,"history_naive",14,9.68656422422171e+285,9.68656422422171e+285
2432,"practical_naive",NA,15.7806027087897,0.0323803168229893
2432,"correct_conditional",NA,2.15802144535485,0.0350123818387634
2433,"history_naive",15,7.23590703598023e+285,4.82393802398682e+285
2433,"practical_naive",NA,2.28011129539168,0.248677316682707
2433,"correct_conditional",NA,1.56834787958274,0.294812886742279
2434,"history_naive",15,7.19259998776024e+285,4.79506665850683e+285
2434,"practical_naive",NA,1.31158515949705,0.23533266175046
2434,"correct_conditional",NA,1.19500252271618,0.144317981294028
2435,"history_naive",14,9.71568213329093e+285,9.71568213329093e+285
2435,"practical_naive",NA,1.84156577807342,0.337870671415195
2435,"correct_conditional",NA,1.07699841651204,0.24758376678958
2436,"history_naive",15,9.46620687835773e+285,9.46620687835773e+285
2436,"practical_naive",NA,3.15260491175567,0.213797004054704
2436,"correct_conditional",NA,10.0235597550473,2.18732596060395
2437,"history_naive",15,9.54227845590837e+285,9.54227845590837e+285
2437,"practical_naive",NA,1.14845506195986,0.199450557652086
2437,"correct_conditional",NA,1.40377807319582,0.0871605536124058
2438,"history_naive",14,9.64787604797363e+285,9.64787604797363e+285
2438,"practical_naive",NA,3.186320090026,0.132314181200866
2438,"correct_conditional",NA,1.80759587501732,0.040260607638151
2439,"history_naive",14,9.72540754083181e+285,9.72540754083181e+285
2439,"practical_naive",NA,1.20145218696385,0.0875592143007094
2439,"correct_conditional",NA,1,0.0457144311658681
2440,"history_naive",14,9.94184684273174e+285,9.94184684273174e+285
2440,"practical_naive",NA,1.01841312613191,0.239789787455767
2440,"correct_conditional",NA,1.03764790846398,0.290735387014684
2441,"history_naive",15,9.96176040177493e+285,9.96176040177493e+285
2441,"practical_naive",NA,1.0659718657122,0.207245313280522
2441,"correct_conditional",NA,1.25973122518542,0.298501521639608
2442,"history_naive",14,9.61896135380996e+285,9.61896135380996e+285
2442,"practical_naive",NA,1.94329045534042,0.144774971491614
2442,"correct_conditional",NA,1.48705171084107,0.081360305813058
2443,"history_naive",15,9.87246234599947e+285,9.87246234599947e+285
2443,"practical_naive",NA,1.10012504283491,0.277552031308173
2443,"correct_conditional",NA,2.16147445471108,0.866908541882478
2444,"history_naive",14,7.3306356005402e+285,4.88709040036013e+285
2444,"practical_naive",NA,2.53717000979529,0.50695043921279
2444,"correct_conditional",NA,3.64136197264055,0.590969725818654
2445,"history_naive",15,9.78396476548579e+285,9.78396476548579e+285
2445,"practical_naive",NA,1.25263938744667,0.181782589473792
2445,"correct_conditional",NA,1.08277419156388,0.150741379213601
2446,"history_naive",14,7.29405565562384e+285,4.86270377041589e+285
2446,"practical_naive",NA,1.17806383120326,0.203134404616546
2446,"correct_conditional",NA,1.43600122008848,0.370966779583376
2447,"history_naive",14,9.62858994375375e+285,9.62858994375375e+285
2447,"practical_naive",NA,1.16666180531534,0.102780591281206
2447,"correct_conditional",NA,1.65823203045483,0.630152400511322
2448,"history_naive",15,9.54227845590834e+285,9.54227845590834e+285
2448,"practical_naive",NA,1.00759315947519,0.247758016612349
2448,"correct_conditional",NA,1.09476442945882,0.557243306700653
2449,"history_naive",15,9.75464221329967e+285,9.75464221329967e+285
2449,"practical_naive",NA,1.04045489984374,0.247162527110042
2449,"correct_conditional",NA,1.40339182416618,0.573620370896955
2450,"history_naive",14,9.75464221329957e+285,9.75464221329957e+285
2450,"practical_naive",NA,5.64673922760065,1.28920759127857
2450,"correct_conditional",NA,5.07235001046426,0.894933062520925
2451,"history_naive",15,9.58054318369668e+285,9.58054318369668e+285
2451,"practical_naive",NA,1.10447731193998,0.206258086777919
2451,"correct_conditional",NA,1.06567953701762,0.775146898031388
2452,"history_naive",14,7.3159816599747e+285,4.8773211066498e+285
2452,"practical_naive",NA,2.11932464631334,0.219767210196102
2452,"correct_conditional",NA,1.29933397475706,0.16469581810972
2453,"history_naive",14,7.14955213308935e+285,4.76636808872623e+285
2453,"practical_naive",NA,3.66510796987825,0.400535163926829
2453,"correct_conditional",NA,2.298389261968,0.609772592434153
2454,"history_naive",15,9.75464221329961e+285,9.75464221329961e+285
2454,"practical_naive",NA,10.2280956486241,0.882534359242113
2454,"correct_conditional",NA,18.8624913497874,0.509828500686286
2455,"history_naive",15,7.22867112894423e+285,4.81911408596282e+285
2455,"practical_naive",NA,2.11313230215978,0.202634141415445
2455,"correct_conditional",NA,1.30819065657612,0.153915432353262
2456,"history_naive",15,7.14240258095625e+285,4.7616017206375e+285
2456,"practical_naive",NA,2.6647301164237,0.116045933291966
2456,"correct_conditional",NA,2.23414144395149,0.286470991023124
2457,"history_naive",14,7.33797357411432e+285,4.89198238274288e+285
2457,"practical_naive",NA,2.20042148442549,0.69772839617856
2457,"correct_conditional",NA,3.38157173789437,2.55921741853644
2458,"history_naive",14,9.71568213329089e+285,9.71568213329089e+285
2458,"practical_naive",NA,8.69107872754943,0.0529639004176555
2458,"correct_conditional",NA,2.93927929925776,0.405758918588363
2459,"history_naive",14,7.27219536352986e+285,4.84813024235324e+285
2459,"practical_naive",NA,1.16602623704222,0.245563588533318
2459,"correct_conditional",NA,1.10221986539998,0.392445169865079
2460,"history_naive",15,9.55183028619456e+285,9.55183028619456e+285
2460,"practical_naive",NA,2.12433363283142,0.0947229847969023
2460,"correct_conditional",NA,1.17179483827886,0.0881873181490047
2461,"history_naive",14,9.52320344127501e+285,9.52320344127501e+285
2461,"practical_naive",NA,1.26684083176768,0.261097629450199
2461,"correct_conditional",NA,1.42722672223166,0.361447184593685
2462,"history_naive",14,9.82319866021763e+285,9.82319866021763e+285
2462,"practical_naive",NA,1.35410814644312,0.23670281800004
2462,"correct_conditional",NA,1.38032866437192,0.406883821078241
2463,"history_naive",14,7.2214424578153e+285,4.81429497187687e+285
2463,"practical_naive",NA,1.63830417598454,0.213085064018093
2463,"correct_conditional",NA,1.01647936841719,0.251643299786057
2464,"history_naive",14,9.66720078233752e+285,9.66720078233752e+285
2464,"practical_naive",NA,5.36864115154484,0.226981440145957
2464,"correct_conditional",NA,3.39516567432409,0.248543638625786
2465,"history_naive",15,7.33797357411432e+285,4.89198238274288e+285
2465,"practical_naive",1766,90.7980522019607,21.8158305798665
2465,"correct_conditional",1434,73.3253751325966,14.0288007706297
2466,"history_naive",14,9.78396476548578e+285,9.78396476548578e+285
2466,"practical_naive",NA,2.57295684550698,0.632610905201584
2466,"correct_conditional",NA,2.12918940075276,0.732206038193107
2467,"history_naive",15,9.74488757108632e+285,9.74488757108632e+285
2467,"practical_naive",NA,2.27831089426635,0.0787660601847196
2467,"correct_conditional",NA,1.27015354233218,0.33868659335591
2468,"history_naive",14,9.60934239245614e+285,9.60934239245614e+285
2468,"practical_naive",NA,18.6280032582685,0.369214900741316
2468,"correct_conditional",NA,1.31880426643699,0.0451215945057625
2469,"history_naive",15,7.27219536352985e+285,4.84813024235324e+285
2469,"practical_naive",NA,2.66517638639486,0.217528086326704
2469,"correct_conditional",NA,3.10001858808506,0.258112279167634
2470,"history_naive",14,9.7937585240098e+285,9.7937585240098e+285
2470,"practical_naive",NA,6.03375477404973,0.181539453159051
2470,"correct_conditional",NA,10.3754021583173,0.099920750833323
2471,"history_naive",14,9.69626048470647e+285,9.69626048470647e+285
2471,"practical_naive",NA,1.37442886229405,0.200131649357114
2471,"correct_conditional",NA,1.89312566635496,0.0844823818674112
2472,"history_naive",15,9.82319866021769e+285,9.82319866021769e+285
2472,"practical_naive",NA,1.67581319124544,0.148561234542203
2472,"correct_conditional",NA,1.20830794879348,0.180135223033961
2473,"history_naive",15,7.30135701263643e+285,4.86757134175762e+285
2473,"practical_naive",NA,1.27166003438944,0.191690639078447
2473,"correct_conditional",NA,1.29145297780939,0.48059661877106
2474,"history_naive",14,7.1352601783753e+285,4.75684011891686e+285
2474,"practical_naive",NA,1.39123645531353,0.206099109760467
2474,"correct_conditional",NA,2.36025813644329,1.17517282359649
2475,"history_naive",14,7.30866567831474e+285,4.87244378554316e+285
2475,"practical_naive",NA,1.73605466030376,0.136741261232084
2475,"correct_conditional",NA,2.12312050194302,0.131286952895452
2476,"history_naive",15,9.74488757108635e+285,9.74488757108635e+285
2476,"practical_naive",NA,1.00140647328407,0.137735607189901
2476,"correct_conditional",NA,1.566631169698,0.496695470611469
2477,"history_naive",14,9.86258988365345e+285,9.86258988365345e+285
2477,"practical_naive",NA,1.12011359410805,0.367163341282338
2477,"correct_conditional",NA,1.11455507336677,0.31842474401154
2478,"history_naive",14,9.55183028619459e+285,9.55183028619459e+285
2478,"practical_naive",NA,1.25598911761407,0.207245110716976
2478,"correct_conditional",NA,1.05787289298708,0.245299128024575
2479,"history_naive",14,9.92197309089315e+285,9.92197309089315e+285
2479,"practical_naive",NA,1.04522362727905,0.242498760742494
2479,"correct_conditional",NA,3.02782403745264,1.27620021440743
2480,"history_naive",15,9.90213906668447e+285,9.90213906668447e+285
2480,"practical_naive",NA,1.1179820522005,0.284853739576434
2480,"correct_conditional",NA,1.04383772148208,0.101256352577866
2481,"history_naive",15,9.54227845590836e+285,9.54227845590836e+285
2481,"practical_naive",NA,1.87691971600097,0.0939577239698313
2481,"correct_conditional",NA,1.30922569117281,0.1237751408751
2482,"history_naive",14,9.68656422422175e+285,9.68656422422175e+285
2482,"practical_naive",NA,1.0575286655301,0.338404754847489
2482,"correct_conditional",NA,1.10060238378642,0.316176417403938
2483,"history_naive",15,9.63822817192564e+285,9.63822817192564e+285
2483,"practical_naive",NA,1.21272340157811,0.134015172924925
2483,"correct_conditional",NA,1.30644895956306,0.828776866147149
2484,"history_naive",15,9.6285899437537e+285,9.6285899437537e+285
2484,"practical_naive",NA,1.52376114849605,0.254904898381714
2484,"correct_conditional",NA,1.3712577626949,0.429568269073662
2485,"history_naive",14,9.5613916778724e+285,9.5613916778724e+285
2485,"practical_naive",NA,2.27552181748829,0.197988557868499
2485,"correct_conditional",NA,2.47154995504,0.80536595525533
2486,"history_naive",14,9.70596645115763e+285,9.70596645115763e+285
2486,"practical_naive",NA,1.70899499269438,0.141782480144799
2486,"correct_conditional",NA,1.85992876393224,0.448952621363703
2487,"history_naive",14,9.62858994375371e+285,9.62858994375371e+285
2487,"practical_naive",NA,1.05020218472374,0.252474698972859
2487,"correct_conditional",NA,1.72134316627967,0.313817338654509
2488,"history_naive",14,7.25040058675315e+285,4.83360039116876e+285
2488,"practical_naive",NA,5.07687150719304,0.141668936009246
2488,"correct_conditional",NA,1.67360848204731,0.0471020733168673
2489,"history_naive",15,7.43403833835171e+285,4.95602555890114e+285
2489,"practical_naive",NA,1.28907163235174,0.142939438025557
2489,"correct_conditional",NA,1.30701017877304,0.182940475211168
2490,"history_naive",15,7.32330496493968e+285,4.88220330995979e+285
2490,"practical_naive",NA,9.44963034620767,0.0458568181656193
2490,"correct_conditional",NA,3.68892495310673,0.570369117877608
2491,"history_naive",15,9.58054318369666e+285,9.58054318369666e+285
2491,"practical_naive",NA,3.74367602794176,1.106388535821
2491,"correct_conditional",NA,3.2885914815415,2.01453570346695
2492,"history_naive",15,7.38954547032737e+285,4.92636364688491e+285
2492,"practical_naive",NA,1.17868321984895,0.288675577782937
2492,"correct_conditional",NA,1.46205618946248,0.605773696137648
2493,"history_naive",15,9.9517986413731e+285,9.9517986413731e+285
2493,"practical_naive",NA,11.8608847240732,1.14659367136944
2493,"correct_conditional",NA,3.89714008232136,0.0616231237886825
2494,"history_naive",15,7.05010641717569e+285,4.70007094478379e+285
2494,"practical_naive",NA,1.25525127170522,0.0991026346095011
2494,"correct_conditional",NA,1.36334276009958,0.250265879530296
2495,"history_naive",15,9.61896135381e+285,9.61896135381e+285
2495,"practical_naive",NA,9.31735864959398,3.09029694530709
2495,"correct_conditional",NA,17.5076276918487,7.93532667508551
2496,"history_naive",15,9.6672007823375e+285,9.6672007823375e+285
2496,"practical_naive",NA,1.62784772948683,0.144100121998885
2496,"correct_conditional",NA,1.29671045950874,0.213668157785832
2497,"history_naive",14,9.56139167787243e+285,9.56139167787243e+285
2497,"practical_naive",NA,1.80968649860005,0.138445218491275
2497,"correct_conditional",NA,1.33500240207158,0.185909360859094
2498,"history_naive",15,7.21422101535748e+285,4.80948067690499e+285
2498,"practical_naive",NA,6.6942629895654,0.626665476427777
2498,"correct_conditional",NA,1.84078694604591,0.0532302506814189
2499,"history_naive",14,9.78396476548576e+285,9.78396476548576e+285
2499,"practical_naive",NA,1.83252550480356,0.0158336028459843
2499,"correct_conditional",NA,4.62079192643419,0.138554601506843
2500,"history_naive",14,9.86258988365346e+285,9.86258988365346e+285
2500,"practical_naive",NA,1.93712574793302,0.244388871639004
2500,"correct_conditional",NA,2.18964302938202,0.0904912419923128
2501,"history_naive",15,9.71568213329086e+285,9.71568213329086e+285
2501,"practical_naive",NA,1.26034095784987,1.12730707813283
2501,"correct_conditional",NA,1.2359733108722,0.265055226865085
2502,"history_naive",14,9.74488757108635e+285,9.74488757108635e+285
2502,"practical_naive",NA,1.12658248905584,0.1929755319516
2502,"correct_conditional",NA,1.1460591817964,0.441054916716596
2503,"history_naive",14,9.75464221329967e+285,9.75464221329967e+285
2503,"practical_naive",NA,1.23300191511119,0.335816389198551
2503,"correct_conditional",NA,1.03660946747787,0.458168989712965
2504,"history_naive",15,9.74488757108636e+285,9.74488757108636e+285
2504,"practical_naive",NA,1.38690436404349,0.0738667105385745
2504,"correct_conditional",NA,3.51466425389706,1.18803454703033
2505,"history_naive",14,7.25765824499811e+285,4.83843882999874e+285
2505,"practical_naive",NA,1.50339887183502,0.460629522822976
2505,"correct_conditional",NA,1.98746828229568,0.823207646764099
2506,"history_naive",14,9.84287456647606e+285,9.84287456647606e+285
2506,"practical_naive",NA,1.35734309491997,0.201027404257356
2506,"correct_conditional",NA,1.00972768191617,0.198028028952398
2507,"history_naive",14,7.30135701263642e+285,4.86757134175762e+285
2507,"practical_naive",NA,2.82832349129007,1.92920645388834
2507,"correct_conditional",NA,2.14537346308723,1.29806053136891
2508,"history_naive",15,7.37477376893216e+285,4.91651584595478e+285
2508,"practical_naive",NA,6.56229519732954,0.995902695528363
2508,"correct_conditional",NA,3.8336351783459,0.541377387951403
2509,"history_naive",14,9.62858994375366e+285,9.62858994375366e+285
2509,"practical_naive",NA,3.72205044576288,0.0889522730172359
2509,"correct_conditional",NA,8.27769999775539,0.601039822079819
2510,"history_naive",15,9.68656422422173e+285,9.68656422422173e+285
2510,"practical_naive",NA,1.43281669338015,0.216855334995808
2510,"correct_conditional",NA,1.1395844456627,0.15012560397423
2511,"history_naive",15,9.71568213329089e+285,9.71568213329089e+285
2511,"practical_naive",NA,1.03183580083849,0.194795968806507
2511,"correct_conditional",NA,1.16155030973327,0.684659118779313
2512,"history_naive",15,9.63822817192566e+285,9.63822817192566e+285
2512,"practical_naive",NA,6.1680358377152,0.203488353377949
2512,"correct_conditional",NA,4.4526416620071,0.452410982806088
2513,"history_naive",14,7.2142210153575e+285,4.809480676905e+285
2513,"practical_naive",NA,1.92549873829856,0.096779608138822
2513,"correct_conditional",NA,1.19555777822901,0.0213618432477938
2514,"history_naive",14,9.9917055533099e+285,9.9917055533099e+285
2514,"practical_naive",NA,4.48711583264546,0.218804705134364
2514,"correct_conditional",NA,5.73194397657424,0.870814599107624
2515,"history_naive",15,9.84287456647605e+285,9.84287456647605e+285
2515,"practical_naive",NA,16.8404963382886,0.374535497880456
2515,"correct_conditional",NA,5.80316164424741,0.409273319366088
2516,"history_naive",15,9.53273617745243e+285,9.53273617745243e+285
2516,"practical_naive",NA,1.00776319033938,0.25013621688953
2516,"correct_conditional",NA,1.90509240023606,0.515885913406741
2517,"history_naive",15,9.60934239245617e+285,9.60934239245617e+285
2517,"practical_naive",NA,1.56442016759741,0.334904380650631
2517,"correct_conditional",NA,1.02661083026264,0.229718108307687
2518,"history_naive",14,7.19979978754779e+285,4.79986652503186e+285
2518,"practical_naive",NA,1.00487388234019,0.222622829978816
2518,"correct_conditional",NA,1.01268340520549,0.173246071919127
2519,"history_naive",15,9.59013331701366e+285,9.59013331701366e+285
2519,"practical_naive",NA,1.88050295856204,0.126208390448207
2519,"correct_conditional",NA,1.11882235488907,0.150492572876858
2520,"history_naive",14,7.24315018616637e+285,4.82876679077758e+285
2520,"practical_naive",NA,1.15088982047177,0.438416372773855
2520,"correct_conditional",NA,1.11371999450494,0.666960659726604
2521,"history_naive",15,9.59013331701366e+285,9.59013331701366e+285
2521,"practical_naive",NA,1.74330546121285,0.341035309115251
2521,"correct_conditional",NA,1.78176223333282,0.633334581746602
2522,"history_naive",14,9.7254075408317e+285,9.7254075408317e+285
2522,"practical_naive",NA,1.23396545645322,0.179185298613989
2522,"correct_conditional",NA,1.02903008167258,0.308460577337791
2523,"history_naive",14,9.64787604797364e+285,9.64787604797364e+285
2523,"practical_naive",NA,1.31369279932437,0.190690840626773
2523,"correct_conditional",NA,1.32944305976997,0.18361537944265
2524,"history_naive",14,9.83303169190954e+285,9.83303169190954e+285
2524,"practical_naive",NA,1.01955300765471,0.192460434378792
2524,"correct_conditional",NA,1.01921902840501,0.34275719811662
2525,"history_naive",14,9.67687765999756e+285,9.67687765999756e+285
2525,"practical_naive",NA,2.5223573997763,0.155388856938903
2525,"correct_conditional",NA,1.33844337526341,0.356860389344599
2526,"history_naive",15,9.55183028619457e+285,9.55183028619457e+285
2526,"practical_naive",NA,1.56517931688629,0.111499829783474
2526,"correct_conditional",NA,1.26828080155243,0.159689545191379
2527,"history_naive",14,7.27947483836822e+285,4.85298322557881e+285
2527,"practical_naive",NA,16.738587648273,0.0153537353327327
2527,"correct_conditional",NA,1.28784894264571,0.0162204251033584
2528,"history_naive",14,7.35267156457191e+285,4.90178104304794e+285
2528,"practical_naive",NA,1.39746595037671,0.265720170393649
2528,"correct_conditional",NA,1.50602676104367,0.350982554638595
2529,"history_naive",15,9.7156821332909e+285,9.7156821332909e+285
2529,"practical_naive",1051,22.2728821316663,1.37158307208252
2529,"correct_conditional",NA,16.133238041758,0.440113165879527
2530,"history_naive",14,9.9717321339088e+285,9.9717321339088e+285
2530,"practical_naive",NA,1.99677375485455,0.205752832468109
2530,"correct_conditional",NA,1.68523138280534,0.254195895133335
2531,"history_naive",15,7.12099679327872e+285,4.74733119551915e+285
2531,"practical_naive",NA,2.15876174852573,0.171709750085336
2531,"correct_conditional",NA,4.0834573688579,0.175796066174941
2532,"history_naive",14,9.59973305006374e+285,9.59973305006374e+285
2532,"practical_naive",NA,1.92782028585967,0.174790354212436
2532,"correct_conditional",NA,2.0158738881263,0.119623195567432
2533,"history_naive",15,9.70596645115761e+285,9.70596645115761e+285
2533,"practical_naive",NA,13.716270299004,0.326667750118706
2533,"correct_conditional",335,27.1732100391079,2.92645920387912
2534,"history_naive",15,9.70596645115759e+285,9.70596645115759e+285
2534,"practical_naive",NA,4.41947179744571,0.183085896232377
2534,"correct_conditional",NA,1.98409963146727,0.0132601777715191
2535,"history_naive",14,9.66720078233753e+285,9.66720078233753e+285
2535,"practical_naive",NA,1.68873381080106,0.324140808960281
2535,"correct_conditional",NA,1.34945870146995,0.213174558571137
2536,"history_naive",14,9.89223692761776e+285,9.89223692761776e+285
2536,"practical_naive",NA,1.81151248207848,0.291000592867818
2536,"correct_conditional",NA,1.12270204482115,0.361603083794267
2537,"history_naive",14,9.66720078233753e+285,9.66720078233753e+285
2537,"practical_naive",NA,1.16667956264001,0.242945639631685
2537,"correct_conditional",NA,1.11895657089,0.328621133284186
2538,"history_naive",15,9.8133754615574e+285,9.8133754615574e+285
2538,"practical_naive",NA,3.92183063526475,0.43950504560891
2538,"correct_conditional",NA,5.78379331800548,0.349047545050186
2539,"history_naive",15,9.94184684273174e+285,9.94184684273174e+285
2539,"practical_naive",NA,2.6950107656852,0.120644997911562
2539,"correct_conditional",NA,1.83188367603729,0.248668481529033
2540,"history_naive",15,9.79375852400977e+285,9.79375852400977e+285
2540,"practical_naive",NA,2.41074116465716,0.149005888256709
2540,"correct_conditional",NA,2.91489063016029,0.246648439524199
2541,"history_naive",14,9.89223692761778e+285,9.89223692761778e+285
2541,"practical_naive",NA,4.02843974149729,0.222387516642113
2541,"correct_conditional",NA,5.48112380408181,0.751888664745546
2542,"history_naive",14,7.25040058675311e+285,4.83360039116874e+285
2542,"practical_naive",NA,10.2517018426265,0.13768971863407
2542,"correct_conditional",NA,11.7114037030276,0.717995325036529
2543,"history_naive",14,9.61896135380999e+285,9.61896135380999e+285
2543,"practical_naive",NA,1.08042574227631,0.278426652888896
2543,"correct_conditional",NA,1.15411764001536,0.731354331854114
2544,"history_naive",14,7.20700679434213e+285,4.80467119622809e+285
2544,"practical_naive",NA,2.64056262949012,0.163905286731441
2544,"correct_conditional",NA,2.13713279105769,0.13775492033331
2545,"history_naive",15,7.33797357411433e+285,4.89198238274289e+285
2545,"practical_naive",NA,1.00325660900014,0.308825791521583
2545,"correct_conditional",NA,1.02225615684919,0.39535403401327
2546,"history_naive",14,7.36003159616809e+285,4.90668773077872e+285
2546,"practical_naive",NA,1.68770486393283,0.216589916237919
2546,"correct_conditional",NA,1.39858090979689,0.323110820218844
2547,"history_naive",14,9.68656422422179e+285,9.68656422422179e+285
2547,"practical_naive",NA,2.92591850966815,0.165924606835588
2547,"correct_conditional",NA,1.07375211530312,0.17011571645447
2548,"history_naive",15,7.3233049649397e+285,4.8822033099598e+285
2548,"practical_naive",NA,8.99081189573607,0.108763719793971
2548,"correct_conditional",NA,6.25144791302728,0.0357451663065466
2549,"history_naive",14,9.57096264051298e+285,9.57096264051298e+285
2549,"practical_naive",NA,1.03912970466323,0.150666867297004
2549,"correct_conditional",NA,1.02450895269706,0.134177159216541
2550,"history_naive",15,7.15670884193124e+285,4.77113922795416e+285
2550,"practical_naive",NA,1.08508972346471,0.198489463516581
2550,"correct_conditional",NA,1.10402218878419,0.400620373938835
2551,"history_naive",15,9.98171384775658e+285,9.98171384775658e+285
2551,"practical_naive",NA,1.74702734371124,0.164340915419981
2551,"correct_conditional",NA,1.98130806170702,0.569019374607213
2552,"history_naive",15,9.77418080072032e+285,9.77418080072032e+285
2552,"practical_naive",NA,1.05784392570964,0.19600055200381
2552,"correct_conditional",NA,1.31206281578116,0.393687374143921
2553,"history_naive",14,7.32330496493966e+285,4.88220330995977e+285
2553,"practical_naive",NA,1.13975423900848,0.194182087842389
2553,"correct_conditional",NA,1.16713635287386,0.236207653991333
2554,"history_naive",15,9.88234469069011e+285,9.88234469069011e+285
2554,"practical_naive",NA,1.48166527731284,0.975994243263336
2554,"correct_conditional",NA,2.17945542163531,1.16178126651196
2555,"history_naive",14,7.36003159616812e+285,4.90668773077875e+285
2555,"practical_naive",NA,5.95064425137913,0.0232123249466495
2555,"correct_conditional",NA,3.96178964381838,0.0557493198490826
2556,"history_naive",14,7.39694241274011e+285,4.93129494182674e+285
2556,"practical_naive",NA,3.02542260834657,0.0777742318527721
2556,"correct_conditional",NA,4.49217173779524,0.688769668402105
2557,"history_naive",15,7.48628538581744e+285,4.99085692387829e+285
2557,"practical_naive",NA,5.01949545548974,0.149026687805806
2557,"correct_conditional",NA,3.28030885623427,0.049138149952026
2558,"history_naive",14,9.84287456647603e+285,9.84287456647603e+285
2558,"practical_naive",NA,6.62617240241348,0.123315095019665
2558,"correct_conditional",NA,13.8343053526608,4.76259864841266
2559,"history_naive",15,9.63822817192565e+285,9.63822817192565e+285
2559,"practical_naive",NA,1.63995155070763,0.15764548950265
2559,"correct_conditional",NA,1.55964891677833,0.0766424434106726
2560,"history_naive",14,9.87246234599944e+285,9.87246234599944e+285
2560,"practical_naive",NA,1.41136658419489,0.483280826435984
2560,"correct_conditional",NA,1.42562875280376,0.496620760411412
2561,"history_naive",14,7.3526715645719e+285,4.90178104304793e+285
2561,"practical_naive",NA,5.07442108896049,0.120373513560113
2561,"correct_conditional",NA,5.80206871366969,0.0600558077651566
2562,"history_naive",14,9.61896135380997e+285,9.61896135380997e+285
2562,"practical_naive",NA,1.10311630037722,0.197247339417848
2562,"correct_conditional",NA,1.02351799850857,0.165104897611921
2563,"history_naive",15,7.19259998776026e+285,4.79506665850684e+285
2563,"practical_naive",NA,2.76353371049874,0.200381963447114
2563,"correct_conditional",NA,2.57900151535974,0.772344063165807
2564,"history_naive",15,9.42839881023019e+285,9.42839881023019e+285
2564,"practical_naive",NA,1.763386030768,0.224221054695624
2564,"correct_conditional",NA,1.43513526583363,0.214296425484034
2565,"history_naive",15,7.27219536352987e+285,4.84813024235325e+285
2565,"practical_naive",NA,1.07078156380281,0.398674615362879
2565,"correct_conditional",NA,1.02109202831673,0.507680498824614
2566,"history_naive",14,9.6672007823375e+285,9.6672007823375e+285
2566,"practical_naive",NA,2.11247422283364,0.10173796305965
2566,"correct_conditional",NA,1.46516858091681,0.181111212078642
2567,"history_naive",14,7.24315018616642e+285,4.82876679077761e+285
2567,"practical_naive",NA,1.0457968028008,0.221033700987049
2567,"correct_conditional",NA,1.06927835618951,0.283344199446894
2568,"history_naive",14,7.24315018616636e+285,4.82876679077757e+285
2568,"practical_naive",NA,1.08222354060236,0.21226399599235
2568,"correct_conditional",NA,1.03399399768137,0.314372852102934
2569,"history_naive",14,7.2214424578153e+285,4.81429497187687e+285
2569,"practical_naive",NA,6.06137905115023,0.268094222584247
2569,"correct_conditional",NA,2.71900115544186,0.101665643054847
2570,"history_naive",14,9.69626048470648e+285,9.69626048470648e+285
2570,"practical_naive",NA,13.4037126330636,2.37746853894087
2570,"correct_conditional",NA,9.47054947082334,0.612913422251892
2571,"history_naive",14,7.33063560054021e+285,4.88709040036014e+285
2571,"practical_naive",NA,2.89831644056533,1.47965756298545
2571,"correct_conditional",NA,4.5421721317935,4.5421721317935
2572,"history_naive",14,7.22144245781531e+285,4.81429497187687e+285
2572,"practical_naive",NA,1.74805911746372,1.60855057074101
2572,"correct_conditional",NA,1.08232863191809,0.478060314804039
2573,"history_naive",15,9.60934239245624e+285,9.60934239245624e+285
2573,"practical_naive",NA,1.04802977107409,0.224800440314935
2573,"correct_conditional",NA,1,0.376125750013586
2574,"history_naive",15,9.57096264051292e+285,9.57096264051292e+285
2574,"practical_naive",NA,1.49748987298469,0.696818382745169
2574,"correct_conditional",NA,1.6845468602869,0.89093120684248
2575,"history_naive",15,9.63822817192566e+285,9.63822817192566e+285
2575,"practical_naive",NA,2.67926073232238,0.186870643419235
2575,"correct_conditional",NA,1.46152580887907,0.15159281671232
2576,"history_naive",14,9.51368023783371e+285,9.51368023783371e+285
2576,"practical_naive",NA,1.30314127408942,0.201116490767395
2576,"correct_conditional",NA,1.18973568474472,0.156271983948269
2577,"history_naive",15,7.22867112894422e+285,4.81911408596281e+285
2577,"practical_naive",NA,1.1005851464518,0.454353843444029
2577,"correct_conditional",NA,1.37174826937386,0.986059679564544
2578,"history_naive",15,9.63822817192569e+285,9.63822817192569e+285
2578,"practical_naive",NA,1.4449734907938,0.167256162733215
2578,"correct_conditional",NA,1.46199909335897,0.30410494114265
2579,"history_naive",14,7.25765824499815e+285,4.83843882999876e+285
2579,"practical_naive",NA,1.4731153140351,0.291980457322295
2579,"correct_conditional",NA,1.48363053963069,0.204029709648105
2580,"history_naive",15,9.523203441275e+285,9.523203441275e+285
2580,"practical_naive",NA,3.14427024104433,0.0990629966542532
2580,"correct_conditional",NA,2.35965168158322,0.206084591250576
2581,"history_naive",14,7.47132030133118e+285,4.98088020088745e+285
2581,"practical_naive",NA,2.05263434082605,0.17346540756812
2581,"correct_conditional",NA,2.29416697920026,0.144429219894106
2582,"history_naive",14,9.48516772864723e+285,9.48516772864723e+285
2582,"practical_naive",NA,1.10800364105496,0.201169600551779
2582,"correct_conditional",NA,1.39626823775534,0.715584329129745
2583,"history_naive",15,7.2940556556238e+285,4.86270377041587e+285
2583,"practical_naive",NA,16.125256436798,0.193393592143448
2583,"correct_conditional",NA,1.96996618833644,0.0711445082435397
2584,"history_naive",14,7.19979978754781e+285,4.79986652503187e+285
2584,"practical_naive",NA,2.93007018234016,0.162149484864377
2584,"correct_conditional",NA,6.15016302480461,0.758057019246305
2585,"history_naive",14,9.78396476548575e+285,9.78396476548575e+285
2585,"practical_naive",NA,1.09786269665402,0.193392976938092
2585,"correct_conditional",NA,1.11549776385784,0.167639989548068
2586,"history_naive",15,9.65753358155519e+285,9.65753358155519e+285
2586,"practical_naive",NA,1.32298604602559,0.17216554982959
2586,"correct_conditional",NA,2.05687992046492,0.324056713777171
2587,"history_naive",14,7.25040058675317e+285,4.83360039116878e+285
2587,"practical_naive",NA,3.04243452167233,0.158740494376213
2587,"correct_conditional",NA,1.89835075860086,0.313356194288501
2588,"history_naive",14,7.17822198038474e+285,4.78548132025649e+285
2588,"practical_naive",NA,1.9345077162882,0.162947233720482
2588,"correct_conditional",NA,1.0282112897803,0.336078952745193
2589,"history_naive",14,9.6093423924562e+285,9.6093423924562e+285
2589,"practical_naive",NA,2.27393413599732,0.200593932934282
2589,"correct_conditional",NA,2.55623695166791,0.518511089202076
2590,"history_naive",14,7.18540738777249e+285,4.79027159184833e+285
2590,"practical_naive",NA,1.2371661634357,1.05633124577004
2590,"correct_conditional",NA,2.94752577687779,2.4002886645675
2591,"history_naive",14,9.69626048470643e+285,9.69626048470643e+285
2591,"practical_naive",NA,2.25428515543099,0.113929161662986
2591,"correct_conditional",NA,3.59688062634558,0.246714175024412
2592,"history_naive",14,7.30866567831477e+285,4.87244378554318e+285
2592,"practical_naive",NA,1.14125324306992,0.192096031349816
2592,"correct_conditional",NA,1.12582140599554,0.345651054805441
2593,"history_naive",14,9.60934239245619e+285,9.60934239245619e+285
2593,"practical_naive",NA,1.27307262039772,0.141480493165172
2593,"correct_conditional",NA,1.31418938952854,0.605583591792951
2594,"history_naive",15,7.14955213308936e+285,4.76636808872624e+285
2594,"practical_naive",NA,1.08766337539144,0.3744864041748
2594,"correct_conditional",NA,1.05671720540659,0.353728694950506
2595,"history_naive",14,9.6285899437537e+285,9.6285899437537e+285
2595,"practical_naive",NA,4.3261854239964,0.227304091410788
2595,"correct_conditional",NA,4.07194448456172,0.676691976420055
2596,"history_naive",14,7.2504005867532e+285,4.8336003911688e+285
2596,"practical_naive",NA,1.05047048977497,0.256155190743376
2596,"correct_conditional",NA,1.07253838122676,0.234092038964108
2597,"history_naive",14,9.42839881023016e+285,9.42839881023016e+285
2597,"practical_naive",NA,1.74727162154535,0.263937923639942
2597,"correct_conditional",NA,1.34634894324203,0.359275012281978
2598,"history_naive",14,7.25765824499815e+285,4.83843882999877e+285
2598,"practical_naive",NA,1.1284621183311,0.242304605970591
2598,"correct_conditional",NA,1.00709493742465,0.211638771154594
2599,"history_naive",14,9.8724623459994e+285,9.8724623459994e+285
2599,"practical_naive",NA,9.21797359822196,0.240940697742559
2599,"correct_conditional",NA,9.64213347846857,1.05598911328584
2600,"history_naive",15,9.70596645115763e+285,9.70596645115763e+285
2600,"practical_naive",NA,2.2185571465869,0.267606406249053
2600,"correct_conditional",NA,1.19075952791846,0.41160630029223
2601,"history_naive",15,7.33797357411435e+285,4.8919823827429e+285
2601,"practical_naive",NA,1.70642426328704,0.24612788902979
2601,"correct_conditional",NA,2.58410641380226,0.602590185688857
2602,"history_naive",14,9.71568213329095e+285,9.71568213329095e+285
2602,"practical_naive",NA,1.35703541456751,0.318181677389332
2602,"correct_conditional",NA,1.2607366544476,0.139457851457933
2603,"history_naive",15,7.36003159616807e+285,4.90668773077871e+285
2603,"practical_naive",NA,2.02232165361178,0.167249915517868
2603,"correct_conditional",NA,1.90118445189761,0.40037151243249
2604,"history_naive",14,9.71568213329092e+285,9.71568213329092e+285
2604,"practical_naive",NA,2.25338924060625,0.182955792856072
2604,"correct_conditional",NA,2.58139231501873,0.816529565543872
2605,"history_naive",14,9.66720078233756e+285,9.66720078233756e+285
2605,"practical_naive",NA,2.96436054716094,1.17332129076579
2605,"correct_conditional",NA,1.3576783643683,0.165358889284742
2606,"history_naive",14,7.47132030133122e+285,4.98088020088748e+285
2606,"practical_naive",NA,1.40796834431022,0.418209744000775
2606,"correct_conditional",NA,1.28253819291209,0.852517912905003
2607,"history_naive",14,9.68656422422176e+285,9.68656422422176e+285
2607,"practical_naive",NA,2.20751278849991,0.0820176051829356
2607,"correct_conditional",NA,1.66741814834237,0.247719357804236
2608,"history_naive",14,7.28676159996821e+285,4.85784106664547e+285
2608,"practical_naive",NA,1.12436089936751,0.14962122105978
2608,"correct_conditional",NA,1.43140775020841,0.140889892211169
2609,"history_naive",15,7.34531889300732e+285,4.89687926200488e+285
2609,"practical_naive",NA,4.89952967728348,0.0579491633579269
2609,"correct_conditional",NA,1.92893344290526,0.0536767040889724
2610,"history_naive",15,7.27219536352984e+285,4.84813024235322e+285
2610,"practical_naive",NA,2.55498846910966,0.284050155667946
2610,"correct_conditional",NA,2.36723951987501,0.646941992408649
2611,"history_naive",14,9.64787604797367e+285,9.64787604797367e+285
2611,"practical_naive",NA,1.84066172337617,0.131418455314149
2611,"correct_conditional",NA,1.63249399298571,0.164125954660035
2612,"history_naive",14,7.30135701263644e+285,4.86757134175763e+285
2612,"practical_naive",NA,2.09402822795424,0.645501053196079
2612,"correct_conditional",NA,3.55795660230141,2.24701594499306
2613,"history_naive",14,7.17822198038474e+285,4.7854813202565e+285
2613,"practical_naive",NA,5.95880052310871,0.133942274360376
2613,"correct_conditional",NA,4.56129309060356,0.452833528005781
2614,"history_naive",15,9.66720078233754e+285,9.66720078233754e+285
2614,"practical_naive",NA,1.95413518517257,0.207687805743634
2614,"correct_conditional",NA,2.42224003715469,0.739291994545467
2615,"history_naive",14,1.00017072605704e+286,1.00017072605704e+286
2615,"practical_naive",NA,1.06035385881469,0.188003373197549
2615,"correct_conditional",NA,1.04840409022905,0.281398756096675
2616,"history_naive",15,9.54227845590828e+285,9.54227845590828e+285
2616,"practical_naive",NA,1.36961193805438,0.114478829591613
2616,"correct_conditional",NA,2.49876257503533,0.521638844897803
2617,"history_naive",14,9.67687765999747e+285,9.67687765999747e+285
2617,"practical_naive",NA,1.31116237848872,0.127740219870301
2617,"correct_conditional",NA,1.41139158862061,0.148785329099236
2618,"history_naive",14,9.58054318369661e+285,9.58054318369661e+285
2618,"practical_naive",NA,4.90475867135935,0.154231080579166
2618,"correct_conditional",NA,1.4864238271422,0.0235772380744872
2619,"history_naive",14,7.34531889300733e+285,4.89687926200489e+285
2619,"practical_naive",NA,1.69194105337155,0.482538479971417
2619,"correct_conditional",NA,2.17965037583485,0.857516151466682
2620,"history_naive",14,7.43403833835168e+285,4.95602555890112e+285
2620,"practical_naive",NA,1.1533438604957,0.119783826658995
2620,"correct_conditional",NA,2.53637234159856,0.948748572564069
2621,"history_naive",14,9.83303169190956e+285,9.83303169190956e+285
2621,"practical_naive",NA,1.17542316168215,0.214217869467755
2621,"correct_conditional",NA,1.13569318177435,0.249156638388414
2622,"history_naive",15,7.39694241274011e+285,4.93129494182674e+285
2622,"practical_naive",NA,3.38240448728083,0.213739276037878
2622,"correct_conditional",NA,2.02643013900819,0.410868611954876
2623,"history_naive",15,9.69626048470646e+285,9.69626048470646e+285
2623,"practical_naive",NA,1.66195624351306,0.179991018679259
2623,"correct_conditional",NA,1.4570296109846,0.296616110495308
2624,"history_naive",15,7.30135701263644e+285,4.86757134175763e+285
2624,"practical_naive",NA,1.20807918013857,0.22460847437891
2624,"correct_conditional",NA,1.19532344020299,0.136178123466575
2625,"history_naive",14,7.22867112894423e+285,4.81911408596282e+285
2625,"practical_naive",NA,3.26458520066139,0.332613789927466
2625,"correct_conditional",NA,1.45130212704236,0.0333411080398306
2626,"history_naive",14,9.64787604797361e+285,9.64787604797361e+285
2626,"practical_naive",NA,2.93301119002871,0.138736241845667
2626,"correct_conditional",NA,1.63896395467051,0.0421967967593491
2627,"history_naive",14,7.2940556556238e+285,4.86270377041587e+285
2627,"practical_naive",NA,1.96048826734892,0.109559087093491
2627,"correct_conditional",NA,2.2665554940838,0.0767973439761159
2628,"history_naive",14,9.66720078233753e+285,9.66720078233753e+285
2628,"practical_naive",NA,1.29001466635221,0.196601122190366
2628,"correct_conditional",NA,1.34914871352355,0.297776165221406
2629,"history_naive",14,9.64787604797362e+285,9.64787604797362e+285
2629,"practical_naive",NA,1.61348041109062,0.129660848333604
2629,"correct_conditional",NA,2.47405402530016,0.267446124125742
2630,"history_naive",14,7.27947483836825e+285,4.85298322557883e+285
2630,"practical_naive",NA,1.14561682735589,0.381036209596783
2630,"correct_conditional",NA,1.09192210707298,0.434324010983739
2631,"history_naive",14,9.62858994375374e+285,9.62858994375374e+285
2631,"practical_naive",NA,3.03409896025707,0.261462945677897
2631,"correct_conditional",NA,4.87286289302831,0.540108531577904
2632,"history_naive",14,7.40434675949958e+285,4.93623117299972e+285
2632,"practical_naive",NA,1.18073086021122,0.119916053141607
2632,"correct_conditional",NA,1.20324403922962,0.191768180958874
2633,"history_naive",15,9.72540754083171e+285,9.72540754083171e+285
2633,"practical_naive",NA,1.90518855246162,0.357144131347914
2633,"correct_conditional",NA,1.44183267923102,0.702404239827507
2634,"history_naive",14,9.82319866021767e+285,9.82319866021767e+285
2634,"practical_naive",NA,1.84810847209106,0.198100478920318
2634,"correct_conditional",NA,1.4482510764671,0.107575238715837
2635,"history_naive",15,9.69626048470647e+285,9.69626048470647e+285
2635,"practical_naive",NA,1.62313854196611,0.20620367183552
2635,"correct_conditional",NA,1.91104769014942,0.455457399968237
2636,"history_naive",14,9.74488757108634e+285,9.74488757108634e+285
2636,"practical_naive",NA,1.56583049543579,0.265619112997971
2636,"correct_conditional",NA,2.44306201141027,0.342779487808894
2637,"history_naive",14,9.8133754615574e+285,9.8133754615574e+285
2637,"practical_naive",NA,1.05614281446336,0.199633781922196
2637,"correct_conditional",NA,1.10859778107011,0.594216394242827
2638,"history_naive",15,9.71568213329087e+285,9.71568213329087e+285
2638,"practical_naive",NA,2.21604949139688,0.178133179406811
2638,"correct_conditional",NA,1.82713027955468,0.170622416604067
2639,"history_naive",14,9.57096264051295e+285,9.57096264051295e+285
2639,"practical_naive",NA,1.43462876795932,0.131729203680284
2639,"correct_conditional",NA,1.96833790533172,0.327997878486009
2640,"history_naive",14,9.45674067147932e+285,9.45674067147932e+285
2640,"practical_naive",NA,1.1277650658465,0.0868886704205712
2640,"correct_conditional",NA,1.76860599323513,0.284702125214285
2641,"history_naive",14,7.19259998776024e+285,4.79506665850683e+285
2641,"practical_naive",NA,4.32305205056771,0.897185715922376
2641,"correct_conditional",NA,5.86052476021675,1.57947068211062
2642,"history_naive",14,7.19259998776027e+285,4.79506665850685e+285
2642,"practical_naive",NA,1.50284501836615,0.279446974747474
2642,"correct_conditional",NA,2.20414593378607,0.484365805049651
2643,"history_naive",15,9.67687765999759e+285,9.67687765999759e+285
2643,"practical_naive",NA,1.04383282490042,0.202392254714844
2643,"correct_conditional",NA,1.11645590808639,0.439720479022305
2644,"history_naive",14,9.61896135381003e+285,9.61896135381003e+285
2644,"practical_naive",NA,2.65915993717542,0.205895078311912
2644,"correct_conditional",NA,3.3426490307831,0.65677184215384
2645,"history_naive",15,9.76440661991954e+285,9.76440661991954e+285
2645,"practical_naive",NA,1.08002307150605,0.337803441787833
2645,"correct_conditional",NA,1.23336315352282,0.494538617528662
2646,"history_naive",15,7.50878923466252e+285,5.00585948977502e+285
2646,"practical_naive",NA,2.46334685240334,0.382473695778796
2646,"correct_conditional",NA,1.9976485940404,0.0110066423438743
2647,"history_naive",14,9.61896135381001e+285,9.61896135381001e+285
2647,"practical_naive",NA,1.06284423183101,0.280972190799402
2647,"correct_conditional",NA,1.71321765585075,1.07419544423068
2648,"history_naive",15,9.70596645115764e+285,9.70596645115764e+285
2648,"practical_naive",NA,2.69058790211324,0.193517419948791
2648,"correct_conditional",NA,2.93042878942755,0.274188462118417
2649,"history_naive",14,9.78396476548576e+285,9.78396476548576e+285
2649,"practical_naive",NA,1.44139678741282,0.101613938754859
2649,"correct_conditional",NA,2.02352854545737,0.673619609044275
2650,"history_naive",14,7.12812491819692e+285,4.75208327879794e+285
2650,"practical_naive",NA,1.77004888578888,0.325005142247131
2650,"correct_conditional",NA,1.11407792326779,0.150430501109606
2651,"history_naive",15,7.40434675949964e+285,4.93623117299976e+285
2651,"practical_naive",NA,1.45919546451545,0.301389127257279
2651,"correct_conditional",NA,1.5773811109463,0.630843614627003
2652,"history_naive",14,9.57096264051298e+285,9.57096264051298e+285
2652,"practical_naive",NA,1.64961849710333,0.211396211517688
2652,"correct_conditional",NA,1.64064546011879,1.178318040499
2653,"history_naive",14,9.6285899437537e+285,9.6285899437537e+285
2653,"practical_naive",NA,1.11744895067986,0.194485150974435
2653,"correct_conditional",NA,1.14162346181839,0.539268658843356
2654,"history_naive",14,9.83303169190952e+285,9.83303169190952e+285
2654,"practical_naive",NA,1.004272117199,0.219208897287621
2654,"correct_conditional",NA,1.33802345135665,0.386847137754843
2655,"history_naive",15,7.3526715645719e+285,4.90178104304793e+285
2655,"practical_naive",NA,1.53014017208738,0.452658098896022
2655,"correct_conditional",NA,1.18049793532958,0.906377616491653
2656,"history_naive",14,9.6865642242218e+285,9.6865642242218e+285
2656,"practical_naive",NA,1.19913404306291,0.364093547476833
2656,"correct_conditional",NA,1.08306140188992,0.232986714001914
2657,"history_naive",14,7.22867112894427e+285,4.81911408596285e+285
2657,"practical_naive",NA,1.09840095962177,0.234417959039598
2657,"correct_conditional",NA,1.05861082765858,0.373835768053503
2658,"history_naive",14,9.70596645115758e+285,9.70596645115758e+285
2658,"practical_naive",NA,1.09647609885134,0.323833419437118
2658,"correct_conditional",NA,1.53527488645925,0.50496296932334
2659,"history_naive",15,7.1638727146459e+285,4.77591514309726e+285
2659,"practical_naive",NA,1.38187756737353,0.309525765110055
2659,"correct_conditional",NA,1.29930866561031,0.548692694798684
2660,"history_naive",14,7.31598165997473e+285,4.87732110664982e+285
2660,"practical_naive",NA,1.49677101012444,0.37216842205505
2660,"correct_conditional",NA,1.58741492787977,0.664227627667193
2661,"history_naive",14,9.60934239245619e+285,9.60934239245619e+285
2661,"practical_naive",NA,1.47402108941731,0.174336992185265
2661,"correct_conditional",NA,2.72249936160822,0.481378012353547
2662,"history_naive",14,9.7937585240098e+285,9.7937585240098e+285
2662,"practical_naive",NA,2.21539092135745,0.12304841082601
2662,"correct_conditional",NA,1.17603648119645,0.0587331902563152
2663,"history_naive",14,9.86258988365346e+285,9.86258988365346e+285
2663,"practical_naive",NA,1.32677137975136,0.134329857260323
2663,"correct_conditional",NA,1.39085091206552,0.253553105399826
2664,"history_naive",14,9.51368023783368e+285,9.51368023783368e+285
2664,"practical_naive",NA,2.74124618490583,0.189922750611391
2664,"correct_conditional",NA,2.70666931892097,0.449784255234572
2665,"history_naive",14,9.77418080072029e+285,9.77418080072029e+285
2665,"practical_naive",NA,2.59562508546305,0.163615050450196
2665,"correct_conditional",NA,5.03820954405744,0.380581002301681
2666,"history_naive",14,9.83303169190957e+285,9.83303169190957e+285
2666,"practical_naive",NA,1.07283445991726,0.404879334954824
2666,"correct_conditional",NA,1.12977653926604,0.594809496668409
2667,"history_naive",14,9.52320344127501e+285,9.52320344127501e+285
2667,"practical_naive",NA,1.69911865922549,0.155572919935832
2667,"correct_conditional",NA,2.01888750129287,0.192510983322914
2668,"history_naive",15,9.55183028619455e+285,9.55183028619455e+285
2668,"practical_naive",NA,3.16575973646274,0.338394551967505
2668,"correct_conditional",NA,2.58889076900866,1.22796115935532
2669,"history_naive",14,9.50416655759588e+285,9.50416655759588e+285
2669,"practical_naive",NA,1.18305631127439,0.19451873506053
2669,"correct_conditional",NA,1.36422171454689,0.439748706999114
2670,"history_naive",15,9.85272729376978e+285,9.85272729376978e+285
2670,"practical_naive",NA,1.56225145490294,0.245290899811151
2670,"correct_conditional",NA,1.86893184284121,1.47460682178756
2671,"history_naive",14,9.77418080072031e+285,9.77418080072031e+285
2671,"practical_naive",NA,5.64965862378415,0.217705343870713
2671,"correct_conditional",NA,4.68316962341913,0.56817139414445
2672,"history_naive",15,7.4862853858174e+285,4.99085692387827e+285
2672,"practical_naive",NA,2.12338305298291,0.490786328896677
2672,"correct_conditional",NA,1.89684471221664,0.327499260059026
2673,"history_naive",15,9.60934239245618e+285,9.60934239245618e+285
2673,"practical_naive",NA,1.94866615010163,0.448369350459924
2673,"correct_conditional",NA,3.23967349206019,0.479618751800309
2674,"history_naive",14,9.84287456647605e+285,9.84287456647605e+285
2674,"practical_naive",NA,1.00532403469462,0.254605736831044
2674,"correct_conditional",NA,1.00362891188745,0.372156835456093
2675,"history_naive",14,9.68656422422175e+285,9.68656422422175e+285
2675,"practical_naive",NA,1.02652185301741,0.229439415483655
2675,"correct_conditional",NA,1.05519197399588,0.300443512667483
2676,"history_naive",14,7.16387271464592e+285,4.77591514309728e+285
2676,"practical_naive",NA,2.14775331471872,0.767214560071656
2676,"correct_conditional",NA,2.87918284017223,0.456935349331877
2677,"history_naive",15,7.17822198038469e+285,4.78548132025646e+285
2677,"practical_naive",NA,1.26468950985051,0.28642629435847
2677,"correct_conditional",NA,1.48163512351087,0.512312682614634
2678,"history_naive",15,9.85272729376977e+285,9.85272729376977e+285
2678,"practical_naive",NA,3.88442443445942,0.921778728969811
2678,"correct_conditional",NA,4.25852309833845,3.1575627984488
2679,"history_naive",14,9.93190499588908e+285,9.93190499588908e+285
2679,"practical_naive",NA,1.95473648401132,0.0878860020927383
2679,"correct_conditional",NA,1.80751527276034,0.53662708276015
2680,"history_naive",15,7.14955213308933e+285,4.76636808872622e+285
2680,"practical_naive",NA,1.09302723681622,0.33399642487497
2680,"correct_conditional",NA,1.07765957973755,0.372879833949951
2681,"history_naive",14,9.62858994375373e+285,9.62858994375373e+285
2681,"practical_naive",NA,1.14912620976351,0.222712470169723
2681,"correct_conditional",NA,1.12291534479651,0.17508484579012
2682,"history_naive",14,9.70596645115762e+285,9.70596645115762e+285
2682,"practical_naive",NA,1.58712244773732,0.27810247708399
2682,"correct_conditional",NA,1.28032857160634,0.320741755443119
2683,"history_naive",15,7.19979978754775e+285,4.79986652503183e+285
2683,"practical_naive",NA,5.62869813837795,0.189144387050195
2683,"correct_conditional",NA,1.86935682034403,0.311938291370766
2684,"history_naive",14,9.68656422422177e+285,9.68656422422177e+285
2684,"practical_naive",NA,1.30905774788711,0.176046516618455
2684,"correct_conditional",NA,1.29741131278606,0.21974128275867
2685,"history_naive",14,7.15670884193127e+285,4.77113922795418e+285
2685,"practical_naive",NA,1.06161202518867,0.206380859563838
2685,"correct_conditional",NA,1.10691393998664,0.260213496893587
2686,"history_naive",14,9.71568213329091e+285,9.71568213329091e+285
2686,"practical_naive",NA,1.16887102885378,0.176585200529371
2686,"correct_conditional",NA,1.13987844550403,0.500575480918784
2687,"history_naive",15,9.72540754083174e+285,9.72540754083174e+285
2687,"practical_naive",2592,38.1377720535098,35.7732968547174
2687,"correct_conditional",NA,14.322401190937,13.6564283132684
2688,"history_naive",14,9.6093423924562e+285,9.6093423924562e+285
2688,"practical_naive",NA,1.10642652485996,0.395723206708285
2688,"correct_conditional",NA,2.89254273540306,1.32907912374517
2689,"history_naive",15,9.79375852400978e+285,9.79375852400978e+285
2689,"practical_naive",NA,1.51393727878643,0.218782148335066
2689,"correct_conditional",NA,1.54265797883386,0.344077216710912
2690,"history_naive",14,7.32330496493963e+285,4.88220330995975e+285
2690,"practical_naive",NA,3.50936488142535,0.331971977551065
2690,"correct_conditional",NA,3.07724452003491,1.30449033899654
2691,"history_naive",14,9.65753358155517e+285,9.65753358155517e+285
2691,"practical_naive",NA,2.13134177176334,0.150611014351723
2691,"correct_conditional",NA,1.44090301493774,0.208879524247212
2692,"history_naive",14,7.25765824499815e+285,4.83843882999876e+285
2692,"practical_naive",NA,2.58929182866514,0.21936330702291
2692,"correct_conditional",NA,2.03371411573012,0.409954279912722
2693,"history_naive",15,7.19979978754779e+285,4.79986652503186e+285
2693,"practical_naive",NA,4.78346341759231,0.0749630264754665
2693,"correct_conditional",NA,3.95189233499601,0.246263797992856
2694,"history_naive",14,9.66720078233756e+285,9.66720078233756e+285
2694,"practical_naive",NA,4.68303558726403,0.103232162280037
2694,"correct_conditional",NA,1.58848769782052,0.13329731354211
2695,"history_naive",14,9.69626048470644e+285,9.69626048470644e+285
2695,"practical_naive",NA,1.03646216344301,0.227712461525476
2695,"correct_conditional",NA,1.03245486932491,0.129688600578803
2696,"history_naive",14,9.80356208609588e+285,9.80356208609588e+285
2696,"practical_naive",NA,2.38891039242281,0.329532064745693
2696,"correct_conditional",NA,1.3181600988979,0.14098732181634
2697,"history_naive",14,9.80356208609588e+285,9.80356208609588e+285
2697,"practical_naive",NA,5.53297499708665,0.130927483551808
2697,"correct_conditional",NA,4.86730842484047,0.222891058054338
2698,"history_naive",14,9.62858994375373e+285,9.62858994375373e+285
2698,"practical_naive",NA,2.08070417667856,0.897707660596735
2698,"correct_conditional",NA,4.20891867820893,2.99383286680365
2699,"history_naive",15,9.59013331701367e+285,9.59013331701367e+285
2699,"practical_naive",NA,4.74930413674969,0.32490983753769
2699,"correct_conditional",NA,4.12792130102465,0.471705427589406
2700,"history_naive",15,7.4191776957133e+285,4.94611846380887e+285
2700,"practical_naive",NA,2.01272667462955,0.224680178570761
2700,"correct_conditional",NA,1.85413530935578,0.296630534789583
2701,"history_naive",14,9.70596645115764e+285,9.70596645115764e+285
2701,"practical_naive",NA,1.94564483863259,0.25190992529445
2701,"correct_conditional",NA,2.91128815932088,0.986630419575354
2702,"history_naive",14,9.59013331701365e+285,9.59013331701365e+285
2702,"practical_naive",NA,1.17218127884267,0.133425939874378
2702,"correct_conditional",NA,1.20215476237452,0.161154010158449
2703,"history_naive",15,9.73514268351521e+285,9.73514268351521e+285
2703,"practical_naive",NA,2.79244555164585,0.103762804600287
2703,"correct_conditional",NA,1.88152988147042,0.31358828650284
2704,"history_naive",14,7.30135701263643e+285,4.86757134175762e+285
2704,"practical_naive",338,31.0067868123769,3.22445277601362
2704,"correct_conditional",NA,5.38107953402419,0.464978142918966
2705,"history_naive",14,9.75464221329967e+285,9.75464221329967e+285
2705,"practical_naive",NA,4.63068669951787,0.381907455725083
2705,"correct_conditional",NA,4.96896447711375,0.959421301563864
2706,"history_naive",14,7.3526715645719e+285,4.90178104304793e+285
2706,"practical_naive",NA,2.6731005280788,0.142417185487115
2706,"correct_conditional",NA,2.03046952740369,0.33299854242931
2707,"history_naive",15,9.77418080072025e+285,9.77418080072025e+285
2707,"practical_naive",NA,3.26696715380434,0.273322126614748
2707,"correct_conditional",NA,1.79829032049544,0.200030975197566
2708,"history_naive",14,9.73514268351526e+285,9.73514268351526e+285
2708,"practical_naive",NA,1.41867363167223,0.182919680835465
2708,"correct_conditional",NA,1.10580518045578,0.138731636800973
2709,"history_naive",14,9.73514268351527e+285,9.73514268351527e+285
2709,"practical_naive",NA,1.05819768181132,0.165626842609931
2709,"correct_conditional",NA,1.10232066922165,0.265013540349853
2710,"history_naive",15,9.71568213329091e+285,9.71568213329091e+285
2710,"practical_naive",NA,1.03980114484364,0.204894501476618
2710,"correct_conditional",NA,1.17354058559528,0.387999968120875
2711,"history_naive",15,7.07837748515777e+285,4.71891832343852e+285
2711,"practical_naive",NA,1.03264644193588,0.513345860970092
2711,"correct_conditional",NA,1.8267004663008,1.35671346569222
2712,"history_naive",14,9.58054318369664e+285,9.58054318369664e+285
2712,"practical_naive",NA,4.70601574788893,0.121243001719334
2712,"correct_conditional",NA,5.86601243592158,0.676986192086413
2713,"history_naive",14,7.2794748383682e+285,4.8529832255788e+285
2713,"practical_naive",NA,1.64433353256951,0.208595306448532
2713,"correct_conditional",NA,1.25297253479738,0.0879119165005428
2714,"history_naive",15,9.83303169190956e+285,9.83303169190956e+285
2714,"practical_naive",NA,1.33156424399884,0.139357769841128
2714,"correct_conditional",NA,1.29536948529936,0.202312377625439
2715,"history_naive",14,9.80356208609589e+285,9.80356208609589e+285
2715,"practical_naive",NA,1.19494184576143,0.511062561106785
2715,"correct_conditional",NA,1.06210566376978,0.508163281568807
2716,"history_naive",14,7.19259998776027e+285,4.79506665850684e+285
2716,"practical_naive",NA,1.98343346124376,0.180825599043421
2716,"correct_conditional",NA,2.16354822220704,0.09902701209945
2717,"history_naive",14,9.76440661991963e+285,9.76440661991963e+285
2717,"practical_naive",NA,1.8507141226628,0.252099589340372
2717,"correct_conditional",NA,2.22687483490454,0.41108706904194
2718,"history_naive",15,7.26492316816632e+285,4.84328211211088e+285
2718,"practical_naive",NA,2.33973317002862,0.343275066464837
2718,"correct_conditional",NA,1.61656496847829,0.0717458104016708
2719,"history_naive",14,9.70596645115762e+285,9.70596645115762e+285
2719,"practical_naive",NA,1.01100741850158,0.134927149696497
2719,"correct_conditional",NA,1.38144267455071,0.461689547499466
2720,"history_naive",14,7.38215592485703e+285,4.92143728323802e+285
2720,"practical_naive",NA,5.84958679341945,0.198567200800149
2720,"correct_conditional",NA,3.87925925587114,0.465884834652487
2721,"history_naive",15,9.76440661991953e+285,9.76440661991953e+285
2721,"practical_naive",NA,9.64286191248099,0.468813925636777
2721,"correct_conditional",NA,6.76171980333565,0.114065694119476
2722,"history_naive",15,9.51368023783369e+285,9.51368023783369e+285
2722,"practical_naive",NA,4.05348228243558,0.142837373940422
2722,"correct_conditional",NA,1.83247335472692,0.313800508758595
2723,"history_naive",15,9.76440661991959e+285,9.76440661991959e+285
2723,"practical_naive",NA,2.42080195859953,0.105758433579274
2723,"correct_conditional",NA,1.33793240363163,0.106034315232202
2724,"history_naive",14,9.4662068783577e+285,9.4662068783577e+285
2724,"practical_naive",NA,3.32993007778367,0.841304535658544
2724,"correct_conditional",NA,1.32753192966421,0.263616244297791
2725,"history_naive",14,9.39074174767794e+285,9.39074174767794e+285
2725,"practical_naive",NA,1.08349143990244,0.12972114173257
2725,"correct_conditional",NA,1.01728458416226,0.460467724223214
2726,"history_naive",14,7.29405565562379e+285,4.86270377041586e+285
2726,"practical_naive",NA,1.66982232816747,0.230495633696257
2726,"correct_conditional",NA,3.05411936900657,1.71478476818774
2727,"history_naive",14,7.22867112894428e+285,4.81911408596285e+285
2727,"practical_naive",NA,1.09209364819502,0.202013483384293
2727,"correct_conditional",NA,1.15080108181332,0.321981677747827
2728,"history_naive",14,9.69626048470648e+285,9.69626048470648e+285
2728,"practical_naive",NA,1.63349560655843,0.196053220464181
2728,"correct_conditional",NA,1.46604914370169,0.261209327684747
2729,"history_naive",14,9.73514268351527e+285,9.73514268351527e+285
2729,"practical_naive",NA,5.5623300636343,0.353818204451986
2729,"correct_conditional",NA,3.5932088402183,0.074621732446107
2730,"history_naive",15,7.14955213308937e+285,4.76636808872625e+285
2730,"practical_naive",NA,1.35336221977233,0.18583206088461
2730,"correct_conditional",NA,1.58852741938204,0.500657920753029
2731,"history_naive",15,9.77418080072029e+285,9.77418080072029e+285
2731,"practical_naive",NA,1.02629655517511,0.102970105542627
2731,"correct_conditional",NA,1.28137797763261,0.455634806506947
2732,"history_naive",15,7.31598165997473e+285,4.87732110664982e+285
2732,"practical_naive",NA,1.09779403795424,0.202342147072018
2732,"correct_conditional",NA,1.12546784604332,0.337059288117417
2733,"history_naive",14,9.75464221329966e+285,9.75464221329966e+285
2733,"practical_naive",NA,1.53230890765936,0.780924927886427
2733,"correct_conditional",NA,1.63524527832624,0.818585821525952
2734,"history_naive",14,7.40434675949961e+285,4.93623117299974e+285
2734,"practical_naive",NA,2.24846723308195,0.70693481793349
2734,"correct_conditional",NA,4.59191022174159,3.82086222680671
2735,"history_naive",15,7.24315018616641e+285,4.82876679077761e+285
2735,"practical_naive",NA,1.98745682109815,0.165038534908368
2735,"correct_conditional",NA,1.47444189528153,0.0736694626368081
2736,"history_naive",14,9.70596645115766e+285,9.70596645115766e+285
2736,"practical_naive",NA,1.04290094155396,0.253209942353474
2736,"correct_conditional",NA,1.10164060804002,0.363304862180046
2737,"history_naive",15,9.61896135380993e+285,9.61896135380993e+285
2737,"practical_naive",NA,1.24312884186814,0.547708634242055
2737,"correct_conditional",NA,1.07040254722373,0.800064113735212
2738,"history_naive",15,7.20700679434211e+285,4.80467119622808e+285
2738,"practical_naive",NA,4.29334413783498,0.160060909856582
2738,"correct_conditional",NA,2.38878106732598,0.184954592519758
2739,"history_naive",15,7.38215592485702e+285,4.92143728323802e+285
2739,"practical_naive",NA,2.90304763956198,0.240491342243387
2739,"correct_conditional",NA,2.97377570067847,0.416583181417588
2740,"history_naive",15,7.43403833835165e+285,4.9560255589011e+285
2740,"practical_naive",NA,1.52330769629435,0.0861164911701823
2740,"correct_conditional",NA,1.91714977406764,0.0768175331514412
2741,"history_naive",15,9.52320344127499e+285,9.52320344127499e+285
2741,"practical_naive",NA,2.29914261988497,0.200844943318855
2741,"correct_conditional",NA,3.01748115353466,0.612946534060449
2742,"history_naive",15,9.67687765999753e+285,9.67687765999753e+285
2742,"practical_naive",NA,1.43609810667256,0.187022638346341
2742,"correct_conditional",NA,1.20051824401548,0.182847137822093
2743,"history_naive",14,7.16387271464589e+285,4.77591514309726e+285
2743,"practical_naive",NA,6.34181628261978,0.252377946421369
2743,"correct_conditional",NA,4.91564909275143,0.444598595762261
2744,"history_naive",14,9.55183028619456e+285,9.55183028619456e+285
2744,"practical_naive",NA,5.83771943463313,2.49264629013293
2744,"correct_conditional",NA,8.90018325002526,1.73391712825431
2745,"history_naive",15,9.66720078233754e+285,9.66720078233754e+285
2745,"practical_naive",NA,1.10043772753245,0.186179506971631
2745,"correct_conditional",NA,1.65230112653025,0.518840284062364
2746,"history_naive",15,7.11387579648543e+285,4.74258386432362e+285
2746,"practical_naive",NA,1.15671569073113,0.185304240438651
2746,"correct_conditional",NA,1.08344314824019,0.389922632369238
2747,"history_naive",14,9.59973305006379e+285,9.59973305006379e+285
2747,"practical_naive",NA,1.25051745081112,0.183917918921488
2747,"correct_conditional",NA,1.12724727418088,0.339827026766932
2748,"history_naive",14,9.74488757108637e+285,9.74488757108637e+285
2748,"practical_naive",NA,1.33171400830878,0.0927576921313253
2748,"correct_conditional",NA,1.4029273896448,0.0728412954564392
2749,"history_naive",14,9.59973305006371e+285,9.59973305006371e+285
2749,"practical_naive",NA,1.10939432902999,0.199523226950345
2749,"correct_conditional",NA,1.02875501322729,0.385632765197529
2750,"history_naive",15,9.59013331701365e+285,9.59013331701365e+285
2750,"practical_naive",NA,1.00097216762573,0.274268149755529
2750,"correct_conditional",NA,1.41764361159537,0.611933013161466
2751,"history_naive",14,9.67687765999755e+285,9.67687765999755e+285
2751,"practical_naive",NA,1.00616347549385,0.276231411893694
2751,"correct_conditional",NA,1.00622276923077,0.218294852071786
2752,"history_naive",15,7.22867112894426e+285,4.81911408596284e+285
2752,"practical_naive",NA,2.58896831711002,0.0474763308997423
2752,"correct_conditional",NA,2.98513464871018,0.271459770799579
2753,"history_naive",14,9.59013331701366e+285,9.59013331701366e+285
2753,"practical_naive",652,27.9672804911124,0.070022180139932
2753,"correct_conditional",NA,2.7605271862322,0.0120549982280066
2754,"history_naive",14,9.84287456647603e+285,9.84287456647603e+285
2754,"practical_naive",NA,7.26246353523382,0.106046598921579
2754,"correct_conditional",NA,8.34274749386262,0.295382665835302
2755,"history_naive",14,9.7937585240098e+285,9.7937585240098e+285
2755,"practical_naive",NA,9.82439909637275,0.0199666923776148
2755,"correct_conditional",NA,3.08874398051531,0.0363867745492611
2756,"history_naive",14,7.26492316816634e+285,4.84328211211089e+285
2756,"practical_naive",NA,1.24028584550579,0.324997551339238
2756,"correct_conditional",NA,1.28061964333117,0.6732320126467
2757,"history_naive",14,9.7156821332909e+285,9.7156821332909e+285
2757,"practical_naive",NA,1.18889999291424,0.206967659000508
2757,"correct_conditional",NA,1.25667358255972,0.390033189632629
2758,"history_naive",14,9.68656422422173e+285,9.68656422422173e+285
2758,"practical_naive",NA,1.64725455193816,0.33952451052911
2758,"correct_conditional",NA,1.13064491627439,0.0660354630470777
2759,"history_naive",14,9.55183028619451e+285,9.55183028619451e+285
2759,"practical_naive",NA,1.68273026631434,0.506506958352739
2759,"correct_conditional",NA,1.17410084056374,0.711485635579108
2760,"history_naive",15,9.90213906668445e+285,9.90213906668445e+285
2760,"practical_naive",NA,1.65306419080724,0.22151249553167
2760,"correct_conditional",NA,1.24608806438441,0.258667787608868
2761,"history_naive",14,9.74488757108637e+285,9.74488757108637e+285
2761,"practical_naive",NA,1.2135491699124,0.0917007874078098
2761,"correct_conditional",NA,3.01767109040902,0.390268241701902
2762,"history_naive",15,9.78396476548575e+285,9.78396476548575e+285
2762,"practical_naive",NA,8.22585198555139,0.0783267489431848
2762,"correct_conditional",NA,5.96893047496881,0.015282126984829
2763,"history_naive",15,9.84287456647599e+285,9.84287456647599e+285
2763,"practical_naive",NA,14.460290469177,0.125926563223674
2763,"correct_conditional",NA,12.5418639341994,1.04828407781039
2764,"history_naive",14,7.2504005867532e+285,4.8336003911688e+285
2764,"practical_naive",NA,1.37433642104835,0.213409443637919
2764,"correct_conditional",NA,1.05698782000436,0.295111572604429
2765,"history_naive",14,7.44147981816986e+285,4.96098654544657e+285
2765,"practical_naive",629,24.9995055015535,0.614221416749712
2765,"correct_conditional",NA,18.8296885378937,0.325937980700707
2766,"history_naive",14,9.76440661991952e+285,9.76440661991952e+285
2766,"practical_naive",NA,1.71438782100051,0.251970813237904
2766,"correct_conditional",NA,1.68904919454852,0.511100876889328
2767,"history_naive",14,9.76440661991957e+285,9.76440661991957e+285
2767,"practical_naive",NA,5.92891843182464,0.7131721038248
2767,"correct_conditional",NA,5.90575679851238,1.01550723442025
2768,"history_naive",14,9.71568213329088e+285,9.71568213329088e+285
2768,"practical_naive",NA,1.54256284804778,0.11548990244492
2768,"correct_conditional",NA,1.72765262870447,0.2367449968523
2769,"history_naive",15,9.75464221329962e+285,9.75464221329962e+285
2769,"practical_naive",NA,1.14551704102478,0.19099165506067
2769,"correct_conditional",NA,1.39974810158896,0.322048807314775
2770,"history_naive",14,9.76440661991957e+285,9.76440661991957e+285
2770,"practical_naive",NA,1.04665912266265,0.276306844404976
2770,"correct_conditional",NA,1.24289862664796,0.256512214317725
2771,"history_naive",15,7.32330496493967e+285,4.88220330995978e+285
2771,"practical_naive",NA,1.15742880680711,0.19209481803745
2771,"correct_conditional",NA,1.20816585601568,0.46684113668048
2772,"history_naive",14,9.69626048470644e+285,9.69626048470644e+285
2772,"practical_naive",NA,6.3198463744741,0.0304452802636415
2772,"correct_conditional",NA,3.29704988615067,0.0424761672523357
2773,"history_naive",14,9.90213906668445e+285,9.90213906668445e+285
2773,"practical_naive",NA,1.53702462602882,0.296212771442091
2773,"correct_conditional",NA,1.21603813721758,0.770557215512914
2774,"history_naive",14,9.65753358155519e+285,9.65753358155519e+285
2774,"practical_naive",NA,1.11484937003158,0.630767405175077
2774,"correct_conditional",NA,1.20541761675715,1.04890193621292
2775,"history_naive",14,9.50416655759588e+285,9.50416655759588e+285
2775,"practical_naive",NA,3.34214560821124,2.18759217360258
2775,"correct_conditional",NA,13.7277659441579,7.10604276976057
2776,"history_naive",14,9.79375852400976e+285,9.79375852400976e+285
2776,"practical_naive",NA,1.58894281990219,0.259217947030171
2776,"correct_conditional",NA,2.03887159984283,0.78324282640231
2777,"history_naive",14,9.81337546155742e+285,9.81337546155742e+285
2777,"practical_naive",NA,8.07884908315821,1.0833360834528
2777,"correct_conditional",NA,6.30729407468389,0.517551538213711
2778,"history_naive",14,7.43403833835169e+285,4.95602555890113e+285
2778,"practical_naive",NA,1.13588202613814,0.250931827281979
2778,"correct_conditional",NA,1.06972149704075,0.187780696203541
2779,"history_naive",14,9.58054318369663e+285,9.58054318369663e+285
2779,"practical_naive",NA,1.8549653596094,0.21228553021719
2779,"correct_conditional",NA,1.22077010340927,0.0873510209411989
2780,"history_naive",14,7.27219536352983e+285,4.84813024235322e+285
2780,"practical_naive",NA,1.11792520881802,0.22210219722537
2780,"correct_conditional",NA,1.90660927696819,1.54915082497297
2781,"history_naive",15,7.19259998776022e+285,4.79506665850681e+285
2781,"practical_naive",NA,1.06999237122529,0.115698351545532
2781,"correct_conditional",NA,1.05853783050591,0.0451033889646131
2782,"history_naive",15,9.73514268351525e+285,9.73514268351525e+285
2782,"practical_naive",NA,1.15229804852849,0.204647802227453
2782,"correct_conditional",NA,1.10957630397091,0.221209960471827
2783,"history_naive",15,9.62858994375379e+285,9.62858994375379e+285
2783,"practical_naive",NA,1.00097985974911,0.234821019186914
2783,"correct_conditional",NA,1.01458057677209,0.305086007516649
2784,"history_naive",15,9.62858994375376e+285,9.62858994375376e+285
2784,"practical_naive",NA,1.36043806199598,0.0665549554423149
2784,"correct_conditional",NA,1.03377074224491,0.568759605166501
2785,"history_naive",15,9.85272729376984e+285,9.85272729376984e+285
2785,"practical_naive",NA,1.06120326991197,0.236146409742083
2785,"correct_conditional",NA,1.36503718760486,0.328210742681173
2786,"history_naive",14,7.36003159616805e+285,4.9066877307787e+285
2786,"practical_naive",NA,3.52358733978437,0.124862577053589
2786,"correct_conditional",NA,1.5077843236635,0.052526458852779
2787,"history_naive",14,9.80356208609591e+285,9.80356208609591e+285
2787,"practical_naive",NA,1.35418338079524,0.203812859563114
2787,"correct_conditional",NA,1.4940855240592,0.408288065950827
2788,"history_naive",14,1.00518661732433e+286,1.00518661732433e+286
2788,"practical_naive",231,92.4301391590179,0.167899128648219
2788,"correct_conditional",NA,15.8673178762373,0.0787170494525518
2789,"history_naive",15,7.08546294810589e+285,4.72364196540393e+285
2789,"practical_naive",NA,1.03614895601625,0.187698599656793
2789,"correct_conditional",NA,1.04689097304793,0.209037149516496
2790,"history_naive",14,9.83303169190953e+285,9.83303169190953e+285
2790,"practical_naive",1479,24.8787054925384,0.767612063465682
2790,"correct_conditional",1461,23.392557797694,0.339492489132756
2791,"history_naive",15,9.66720078233753e+285,9.66720078233753e+285
2791,"practical_naive",NA,1.60862291901128,0.205277430664462
2791,"correct_conditional",NA,2.4059451021216,0.565358387480095
2792,"history_naive",14,7.29405565562382e+285,4.86270377041588e+285
2792,"practical_naive",NA,1.11502480263277,0.421034818295376
2792,"correct_conditional",NA,1.08791510108739,0.509328556312179
2793,"history_naive",14,9.73514268351522e+285,9.73514268351522e+285
2793,"practical_naive",NA,1.54976543610699,0.20964286113085
2793,"correct_conditional",NA,6.05506829634163,3.75501952247872
2794,"history_naive",15,9.50416655759592e+285,9.50416655759592e+285
2794,"practical_naive",NA,2.7548665249879,0.121591867523741
2794,"correct_conditional",NA,2.24646236002751,1.05525450527313
2795,"history_naive",14,7.36739899516324e+285,4.91159933010883e+285
2795,"practical_naive",NA,1.15439153842915,0.421439860485303
2795,"correct_conditional",NA,1.25016282522891,0.465301193308125
2796,"history_naive",14,9.79375852400976e+285,9.79375852400976e+285
2796,"practical_naive",NA,4.25296731601703,0.0541809126014211
2796,"correct_conditional",NA,3.4572174075863,0.58034960803567
2797,"history_naive",14,7.30866567831478e+285,4.87244378554318e+285
2797,"practical_naive",NA,1.98810452085027,0.191272523570245
2797,"correct_conditional",NA,1.82535664423719,0.187157774707057
2798,"history_naive",15,9.63822817192569e+285,9.63822817192569e+285
2798,"practical_naive",NA,1.72808832440382,0.0834797753390861
2798,"correct_conditional",NA,1.41615977869579,0.169320332041866
2799,"history_naive",15,9.51368023783377e+285,9.51368023783377e+285
2799,"practical_naive",NA,1.08341546991406,0.215397128390701
2799,"correct_conditional",NA,1.22046198793728,0.514578151425216
2800,"history_naive",14,7.19259998776027e+285,4.79506665850684e+285
2800,"practical_naive",NA,3.04282173266862,0.220845656866387
2800,"correct_conditional",NA,1.22902557367451,0.433010933383767
2801,"history_naive",15,7.38215592485702e+285,4.92143728323801e+285
2801,"practical_naive",NA,1.097975424752,0.583677394375123
2801,"correct_conditional",NA,1.08631062478948,0.464877619128886
2802,"history_naive",14,9.91205111780224e+285,9.91205111780224e+285
2802,"practical_naive",NA,1.45988621471819,0.0860582836282523
2802,"correct_conditional",NA,1.72874219418631,0.140544056946633
2803,"history_naive",14,7.28676159996817e+285,4.85784106664545e+285
2803,"practical_naive",NA,6.51670679860024,0.260412965779511
2803,"correct_conditional",NA,2.47496657166212,0.738287958423092
2804,"history_naive",15,7.23590703598023e+285,4.82393802398682e+285
2804,"practical_naive",NA,1.26566407929787,0.264758367361934
2804,"correct_conditional",NA,1.51559577843425,0.836946613482626
2805,"history_naive",14,9.79375852400977e+285,9.79375852400977e+285
2805,"practical_naive",NA,8.49580209739324,0.201256745953336
2805,"correct_conditional",NA,3.89805730517382,0.170426289320705
2806,"history_naive",15,9.65753358155519e+285,9.65753358155519e+285
2806,"practical_naive",NA,2.79184259193643,0.173283168602038
2806,"correct_conditional",NA,1.41011437012335,0.191023546516299
2807,"history_naive",15,9.82319866021763e+285,9.82319866021763e+285
2807,"practical_naive",NA,1.41712536358245,0.253850813592386
2807,"correct_conditional",NA,1.40736440557687,0.198251194526774
2808,"history_naive",14,9.67687765999751e+285,9.67687765999751e+285
2808,"practical_naive",NA,1.11507809860233,0.188849698195958
2808,"correct_conditional",NA,1.05452549289952,0.272131014911395
2809,"history_naive",14,9.82319866021761e+285,9.82319866021761e+285
2809,"practical_naive",NA,1.15021639784439,0.167192951164641
2809,"correct_conditional",NA,1.16821375583915,0.153329921337529
2810,"history_naive",14,7.1782219803847e+285,4.78548132025646e+285
2810,"practical_naive",NA,1.59353253946416,0.291834422798343
2810,"correct_conditional",NA,1.22667344955081,0.217230575480593
2811,"history_naive",14,7.26492316816635e+285,4.8432821121109e+285
2811,"practical_naive",NA,2.38127353908814,0.231660777754167
2811,"correct_conditional",NA,2.01052357265541,0.421994670398092
2812,"history_naive",15,9.68656422422171e+285,9.68656422422171e+285
2812,"practical_naive",NA,1.04531324048796,0.484873619190391
2812,"correct_conditional",NA,1.95436503990844,1.32971315537535
2813,"history_naive",15,9.78396476548578e+285,9.78396476548578e+285
2813,"practical_naive",NA,4.38760206761907,3.47753898875067
2813,"correct_conditional",NA,5.98250083836914,4.3105003863161
2814,"history_naive",14,9.54227845590838e+285,9.54227845590838e+285
2814,"practical_naive",NA,3.26335871543202,0.130315107667669
2814,"correct_conditional",NA,1.97956499866527,0.0740844229160102
2815,"history_naive",14,9.71568213329091e+285,9.71568213329091e+285
2815,"practical_naive",494,203.614329061249,5.42519414098361
2815,"correct_conditional",495,592.152442519779,83.2522692895827
2816,"history_naive",14,9.70596645115764e+285,9.70596645115764e+285
2816,"practical_naive",NA,1.16035759866762,0.104673232040906
2816,"correct_conditional",NA,1.16668801843813,0.159731371020178
2817,"history_naive",14,9.81337546155742e+285,9.81337546155742e+285
2817,"practical_naive",NA,3.63090000021569,0.276704187143662
2817,"correct_conditional",NA,2.72911057516657,0.21866547949604
2818,"history_naive",14,9.49466239103834e+285,9.49466239103834e+285
2818,"practical_naive",NA,1.20391583848811,0.0683771556674942
2818,"correct_conditional",NA,3.20146379129514,0.462619622167133
2819,"history_naive",14,9.72540754083173e+285,9.72540754083173e+285
2819,"practical_naive",NA,2.93546607820651,0.20142561266182
2819,"correct_conditional",NA,5.2270641495472,1.20514780957389
2820,"history_naive",15,9.4851677286473e+285,9.4851677286473e+285
2820,"practical_naive",NA,2.79632687083817,0.632989219397564
2820,"correct_conditional",NA,1.78640461885408,0.680344207385472
2821,"history_naive",15,9.63822817192567e+285,9.63822817192567e+285
2821,"practical_naive",NA,1.736128195547,0.377671670882033
2821,"correct_conditional",NA,1.10133602605724,0.308347810555897
2822,"history_naive",15,7.17104375840437e+285,4.78069583893625e+285
2822,"practical_naive",NA,9.31644894694483,0.7202143585407
2822,"correct_conditional",NA,3.36379845331547,0.668223464173653
2823,"history_naive",14,7.34531889300734e+285,4.89687926200489e+285
2823,"practical_naive",NA,1.60777036934706,0.15413778487312
2823,"correct_conditional",NA,1.10444634621552,0.222721410405424
2824,"history_naive",15,9.75464221329962e+285,9.75464221329962e+285
2824,"practical_naive",NA,8.04113864797333,0.0108584243970718
2824,"correct_conditional",NA,3.48278867976641,0.048503816893789
2825,"history_naive",14,9.53273617745244e+285,9.53273617745244e+285
2825,"practical_naive",NA,1.0378912455735,0.227483297918427
2825,"correct_conditional",NA,1.26195455278632,0.699428572875683
2826,"history_naive",14,9.6285899437537e+285,9.6285899437537e+285
2826,"practical_naive",NA,2.43651689047809,0.167233956259484
2826,"correct_conditional",NA,1.18074776871619,0.079370714708461
2827,"history_naive",15,9.61896135381e+285,9.61896135381e+285
2827,"practical_naive",NA,1.57403018926572,0.178470309641103
2827,"correct_conditional",NA,1.23841040852326,0.379735367330029
2828,"history_naive",14,9.60934239245621e+285,9.60934239245621e+285
2828,"practical_naive",NA,1.29047674493956,0.313432733243032
2828,"correct_conditional",NA,1.10494420068741,0.866327889000944
2829,"history_naive",14,7.12812491819693e+285,4.75208327879795e+285
2829,"practical_naive",NA,1.35952516678911,0.126646193298576
2829,"correct_conditional",NA,1.35740670650379,0.191936114908381
2830,"history_naive",14,9.7059664511576e+285,9.7059664511576e+285
2830,"practical_naive",NA,1.06443727670983,0.24149136000317
2830,"correct_conditional",NA,1.10290509745809,0.127968090559112
2831,"history_naive",14,9.63822817192568e+285,9.63822817192568e+285
2831,"practical_naive",NA,1.1409611931264,0.181792812266802
2831,"correct_conditional",NA,1.04938284809048,0.288473688560721
2832,"history_naive",15,7.33797357411432e+285,4.89198238274288e+285
2832,"practical_naive",NA,2.2657123415542,0.00782163949822146
2832,"correct_conditional",NA,1.87697722522966,0.0754724974488119
2833,"history_naive",14,7.19259998776023e+285,4.79506665850682e+285
2833,"practical_naive",NA,1.1083076194727,0.28440176058854
2833,"correct_conditional",NA,1.64665712578147,0.739316144657647
2834,"history_naive",15,7.36739899516325e+285,4.91159933010883e+285
2834,"practical_naive",NA,2.20215454892952,0.575865562455923
2834,"correct_conditional",NA,1.41057573958624,0.677750649846786
2835,"history_naive",14,9.73514268351524e+285,9.73514268351524e+285
2835,"practical_naive",NA,1.90717770502683,0.376053225509645
2835,"correct_conditional",NA,1.11874092806422,0.157885237339806
2836,"history_naive",14,7.0854629481059e+285,4.72364196540393e+285
2836,"practical_naive",NA,2.69248649215813,0.244743372627489
2836,"correct_conditional",NA,1.20674710669143,0.124345112442055
2837,"history_naive",14,7.26492316816633e+285,4.84328211211088e+285
2837,"practical_naive",NA,1.42736992256064,0.173163374925757
2837,"correct_conditional",NA,1.40681041839133,0.294391406529614
2838,"history_naive",14,9.64787604797365e+285,9.64787604797365e+285
2838,"practical_naive",NA,1.17450354521463,0.200178516464342
2838,"correct_conditional",NA,1.52517158548285,0.422973523407473
2839,"history_naive",14,9.93190499588904e+285,9.93190499588904e+285
2839,"practical_naive",NA,1.01066256191481,0.244324774358967
2839,"correct_conditional",NA,1.00854277050772,0.278759920221599
2840,"history_naive",15,9.66720078233754e+285,9.66720078233754e+285
2840,"practical_naive",NA,1.83287660472589,0.213459533952135
2840,"correct_conditional",NA,1.69363964560748,0.267624372664325
2841,"history_naive",14,7.32330496493965e+285,4.88220330995977e+285
2841,"practical_naive",NA,1.14011429360673,0.465494703569937
2841,"correct_conditional",NA,1.13229725508563,0.536701989805085
2842,"history_naive",14,9.70596645115765e+285,9.70596645115765e+285
2842,"practical_naive",NA,1.23177860770373,0.307374044553537
2842,"correct_conditional",NA,1.4816045652497,0.34493012524744
2843,"history_naive",14,9.59973305006373e+285,9.59973305006373e+285
2843,"practical_naive",NA,1.16239023321494,0.207026063910727
2843,"correct_conditional",NA,1.22513869940216,0.302970398619578
2844,"history_naive",14,9.63822817192565e+285,9.63822817192565e+285
2844,"practical_naive",NA,5.53278991962652,0.0569695504134035
2844,"correct_conditional",NA,2.31406608410762,0.110754771955839
2845,"history_naive",15,9.59973305006374e+285,9.59973305006374e+285
2845,"practical_naive",NA,1.38422339793258,0.333766634843049
2845,"correct_conditional",NA,5.30957543104087,2.02159136610205
2846,"history_naive",15,7.27947483836824e+285,4.85298322557882e+285
2846,"practical_naive",NA,2.34654251383653,0.243039987404431
2846,"correct_conditional",NA,1.12512881910845,0.418133034348556
2847,"history_naive",15,9.75464221329966e+285,9.75464221329966e+285
2847,"practical_naive",NA,2.30414580295641,0.143337791597007
2847,"correct_conditional",NA,2.09647698151221,0.274246347903498
2848,"history_naive",14,9.73514268351526e+285,9.73514268351526e+285
2848,"practical_naive",NA,2.23498399549243,0.113994297767101
2848,"correct_conditional",NA,1.39375756617352,0.0924191179944533
2849,"history_naive",14,9.5997330500637e+285,9.5997330500637e+285
2849,"practical_naive",NA,10.2519276386766,4.01086404384506
2849,"correct_conditional",NA,1.54666898643939,0.22504976593887
2850,"history_naive",14,7.21422101535748e+285,4.80948067690499e+285
2850,"practical_naive",NA,1.48912734133203,0.358817894447632
2850,"correct_conditional",NA,1.46447852593678,0.138863360832451
2851,"history_naive",14,9.63822817192563e+285,9.63822817192563e+285
2851,"practical_naive",NA,1.05364605998179,0.201993132755974
2851,"correct_conditional",NA,1.02048272175837,0.280531166852799
2852,"history_naive",15,9.66720078233753e+285,9.66720078233753e+285
2852,"practical_naive",NA,2.97396007357882,1.68349477081493
2852,"correct_conditional",NA,8.33379353560864,0.779249390829971
2853,"history_naive",14,9.53273617745246e+285,9.53273617745246e+285
2853,"practical_naive",NA,1.38907535236316,0.372303848723122
2853,"correct_conditional",NA,1.79696131539706,0.824124016374847
2854,"history_naive",15,9.90213906668444e+285,9.90213906668444e+285
2854,"practical_naive",NA,1.18317316269843,0.189765338697689
2854,"correct_conditional",NA,1.50444388535257,0.315224144765869
2855,"history_naive",15,9.82319866021765e+285,9.82319866021765e+285
2855,"practical_naive",NA,1.00607016573278,0.338068367871609
2855,"correct_conditional",NA,1.12733670761574,1.07530796182366
2856,"history_naive",15,9.67687765999752e+285,9.67687765999752e+285
2856,"practical_naive",939,53.7532002442327,0.296433239577759
2856,"correct_conditional",NA,16.4395547300607,0.0909725846710526
2857,"history_naive",15,9.68656422422173e+285,9.68656422422173e+285
2857,"practical_naive",NA,1.15988685510819,0.192201488813155
2857,"correct_conditional",NA,1.42304514407907,0.45964434673509
2858,"history_naive",15,9.70596645115762e+285,9.70596645115762e+285
2858,"practical_naive",NA,1.52509578532667,0.196963834451384
2858,"correct_conditional",NA,1.65296603988496,0.311301458018253
2859,"history_naive",14,7.40434675949959e+285,4.93623117299973e+285
2859,"practical_naive",NA,1.2754478419398,0.180545532405512
2859,"correct_conditional",NA,1.06110167037075,0.344540861915567
2860,"history_naive",14,9.68656422422175e+285,9.68656422422175e+285
2860,"practical_naive",NA,3.28806373632792,2.27738953994372
2860,"correct_conditional",NA,1.17312563779881,0.354715465252859
2861,"history_naive",15,7.33063560054019e+285,4.88709040036013e+285
2861,"practical_naive",NA,1.91810445497141,0.0666491273311483
2861,"correct_conditional",NA,1.41373932562146,0.5374718192467
2862,"history_naive",14,9.70596645115761e+285,9.70596645115761e+285
2862,"practical_naive",NA,3.07383633362009,0.165736092256598
2862,"correct_conditional",NA,3.52440046308579,0.507210704201948
2863,"history_naive",14,9.97173213390882e+285,9.97173213390882e+285
2863,"practical_naive",NA,1.05966056658244,0.271289182559757
2863,"correct_conditional",NA,1,0.552716472590614
2864,"history_naive",15,9.38135100593024e+285,9.38135100593024e+285
2864,"practical_naive",NA,4.79518703245567,0.0835113619698157
2864,"correct_conditional",NA,3.60835438750657,0.292731742822248
2865,"history_naive",14,7.33797357411432e+285,4.89198238274288e+285
2865,"practical_naive",NA,1.42737275610038,0.126006691811362
2865,"correct_conditional",NA,1.14164592878529,0.215619580208836
2866,"history_naive",15,7.14240258095626e+285,4.76160172063751e+285
2866,"practical_naive",NA,1.17975595084726,0.226289469881312
2866,"correct_conditional",NA,1.8038816505684,0.904203337739944
2867,"history_naive",14,9.72540754083173e+285,9.72540754083173e+285
2867,"practical_naive",NA,1.11628156304741,0.251694238178425
2867,"correct_conditional",NA,1.19034500877315,0.151331108810138
2868,"history_naive",14,9.75464221329963e+285,9.75464221329963e+285
2868,"practical_naive",NA,1.89805924408037,0.242149685718276
2868,"correct_conditional",NA,1.74685838219349,0.0900061762256107
2869,"history_naive",15,7.3379735741143e+285,4.89198238274287e+285
2869,"practical_naive",NA,1.3520745396006,0.352898738642033
2869,"correct_conditional",NA,1.31850651652688,0.627079856538434
2870,"history_naive",14,9.76440661991956e+285,9.76440661991956e+285
2870,"practical_naive",NA,3.35709210885324,0.147094517423836
2870,"correct_conditional",NA,8.87628761950094,2.05580364811548
2871,"history_naive",14,9.64787604797361e+285,9.64787604797361e+285
2871,"practical_naive",NA,1.07328077377271,0.308325308865808
2871,"correct_conditional",NA,1.20258524172767,0.800291888010589
2872,"history_naive",14,9.70596645115763e+285,9.70596645115763e+285
2872,"practical_naive",NA,1.2715335288726,0.293651661204246
2872,"correct_conditional",NA,2.89723544958013,1.04627112853456
2873,"history_naive",14,7.2867615999682e+285,4.85784106664547e+285
2873,"practical_naive",NA,9.64011109986154,0.163758998553357
2873,"correct_conditional",NA,9.30948538491105,0.124816649235417
2874,"history_naive",14,7.25040058675315e+285,4.83360039116877e+285
2874,"practical_naive",NA,1.39245431166457,0.171383258405512
2874,"correct_conditional",NA,1.1872321749873,0.232427854941739
2875,"history_naive",14,9.63822817192568e+285,9.63822817192568e+285
2875,"practical_naive",NA,1.16132388525034,0.199247502908872
2875,"correct_conditional",NA,1.26811213311065,0.187931537420684
2876,"history_naive",15,7.19979978754777e+285,4.79986652503184e+285
2876,"practical_naive",NA,1.84108185186233,0.0708616532702908
2876,"correct_conditional",NA,2.7132477965118,0.19381515138296
2877,"history_naive",14,9.74488757108634e+285,9.74488757108634e+285
2877,"practical_naive",NA,1.70300027275741,0.216769714174761
2877,"correct_conditional",NA,1.10964461810511,0.0713919223457691
2878,"history_naive",14,9.53273617745248e+285,9.53273617745248e+285
2878,"practical_naive",NA,1.16891943822577,0.412376013141733
2878,"correct_conditional",NA,1.04231737106517,0.156842128435601
2879,"history_naive",15,7.49377916498243e+285,4.99585277665495e+285
2879,"practical_naive",NA,12.7162514939373,3.09226832332523
2879,"correct_conditional",NA,3.16678091924824,1.2873212826283
2880,"history_naive",14,7.29405565562384e+285,4.8627037704159e+285
2880,"practical_naive",NA,1.63129589384571,0.160061873287026
2880,"correct_conditional",NA,1.58245853692682,0.517947809186287
2881,"history_naive",14,7.17822198038469e+285,4.78548132025646e+285
2881,"practical_naive",NA,2.46939538832234,0.217062632946732
2881,"correct_conditional",NA,2.77558627858586,0.640994367477092
2882,"history_naive",14,9.57096264051295e+285,9.57096264051295e+285
2882,"practical_naive",NA,1.38355691267408,0.547601860159181
2882,"correct_conditional",NA,2.01386602819907,1.70048280766074
2883,"history_naive",14,7.24315018616639e+285,4.8287667907776e+285
2883,"practical_naive",NA,1.85559325706516,0.2047752381905
2883,"correct_conditional",NA,2.05847319167635,0.336292850828374
2884,"history_naive",14,7.19979978754779e+285,4.79986652503186e+285
2884,"practical_naive",NA,1.19178992485566,0.383323341424633
2884,"correct_conditional",NA,1.0917039220677,0.628821878066246
2885,"history_naive",14,9.63822817192565e+285,9.63822817192565e+285
2885,"practical_naive",NA,1.72996240272524,0.205546516992726
2885,"correct_conditional",NA,1.38130360116497,0.289939815822225
2886,"history_naive",15,9.66720078233757e+285,9.66720078233757e+285
2886,"practical_naive",NA,1.99556975568205,0.0976622104077468
2886,"correct_conditional",NA,1.53568515495342,0.183642185344056
2887,"history_naive",14,9.98171384775651e+285,9.98171384775651e+285
2887,"practical_naive",NA,1.14976068305264,0.219803675281814
2887,"correct_conditional",NA,1.19211741934644,0.406090219170203
2888,"history_naive",14,7.25040058675315e+285,4.83360039116876e+285
2888,"practical_naive",NA,3.82105190776592,0.214058267455773
2888,"correct_conditional",NA,1.66710978983924,0.27567147687639
2889,"history_naive",14,9.73514268351529e+285,9.73514268351529e+285
2889,"practical_naive",NA,5.60621201535802,0.141563144394231
2889,"correct_conditional",NA,4.29368169054314,0.520996950943875
2890,"history_naive",14,9.73514268351525e+285,9.73514268351525e+285
2890,"practical_naive",NA,3.23128990975328,0.15591934914244
2890,"correct_conditional",NA,3.35361912299234,0.395633593171076
2891,"history_naive",14,7.32330496493968e+285,4.88220330995978e+285
2891,"practical_naive",NA,1.28493772133235,0.151161864043192
2891,"correct_conditional",NA,1.22838666447363,0.0870715722862753
2892,"history_naive",15,7.27947483836822e+285,4.85298322557881e+285
2892,"practical_naive",NA,1.77359578048506,0.275359535930047
2892,"correct_conditional",NA,2.28535352192862,0.449014204672896
2893,"history_naive",15,9.62858994375377e+285,9.62858994375377e+285
2893,"practical_naive",NA,1.34569682850679,0.706225643133546
2893,"correct_conditional",NA,1.44158913735961,0.149077082702975
2894,"history_naive",14,9.64787604797369e+285,9.64787604797369e+285
2894,"practical_naive",NA,1.0103694493418,0.228088057553997
2894,"correct_conditional",NA,1.96629785732877,0.843757867606934
2895,"history_naive",14,9.67687765999754e+285,9.67687765999754e+285
2895,"practical_naive",NA,1.74646965050687,0.270525522779815
2895,"correct_conditional",NA,2.89004495211555,1.03146773891898
2896,"history_naive",15,7.13526017837532e+285,4.75684011891688e+285
2896,"practical_naive",NA,2.45785338724527,0.210517345593166
2896,"correct_conditional",NA,2.87006247975006,1.3071388347483
2897,"history_naive",14,9.82319866021764e+285,9.82319866021764e+285
2897,"practical_naive",NA,1.07110239891878,0.310786895266934
2897,"correct_conditional",NA,1.12970111360307,0.187044594159516
2898,"history_naive",15,9.68656422422175e+285,9.68656422422175e+285
2898,"practical_naive",NA,2.5821179938671,1.73891021626175
2898,"correct_conditional",NA,5.55653906484868,4.25243110905944
2899,"history_naive",14,9.54227845590836e+285,9.54227845590836e+285
2899,"practical_naive",NA,1.04600301034224,0.247789558989426
2899,"correct_conditional",NA,1.05787773300084,0.26095401904551
2900,"history_naive",14,9.62858994375377e+285,9.62858994375377e+285
2900,"practical_naive",NA,1.54722671603339,1.35822885860135
2900,"correct_conditional",NA,1.07237845584057,0.263084715185568
2901,"history_naive",15,9.523203441275e+285,9.523203441275e+285
2901,"practical_naive",NA,1.21728547790973,0.209487108003912
2901,"correct_conditional",NA,1.24494213144508,0.298657687662603
2902,"history_naive",15,9.59973305006371e+285,9.59973305006371e+285
2902,"practical_naive",NA,1.336714108898,0.180873759006529
2902,"correct_conditional",NA,1.4235159536239,0.497388050349106
2903,"history_naive",14,7.22867112894426e+285,4.81911408596284e+285
2903,"practical_naive",NA,1.06974208344163,0.203277697806298
2903,"correct_conditional",NA,1.06599103838753,0.28175279079997
2904,"history_naive",14,9.81337546155742e+285,9.81337546155742e+285
2904,"practical_naive",NA,1.85876364031311,0.126065429158085
2904,"correct_conditional",NA,1.8117602969288,0.242376333855601
2905,"history_naive",14,9.89223692761782e+285,9.89223692761782e+285
2905,"practical_naive",NA,1.54064898611908,0.306834655628256
2905,"correct_conditional",NA,1.66570659992188,0.358266939147424
2906,"history_naive",15,9.91205111780228e+285,9.91205111780228e+285
2906,"practical_naive",NA,1.04994858573678,0.203626243490325
2906,"correct_conditional",NA,1.06005834834028,0.464056301007624
2907,"history_naive",14,9.8922369276178e+285,9.8922369276178e+285
2907,"practical_naive",NA,1.56406859479285,0.0591951755413813
2907,"correct_conditional",NA,3.12424869476185,0.62809727450425
2908,"history_naive",14,9.68656422422178e+285,9.68656422422178e+285
2908,"practical_naive",NA,1.39235202114811,0.192939286237295
2908,"correct_conditional",NA,1.05973031946664,0.253503140350241
2909,"history_naive",15,9.71568213329089e+285,9.71568213329089e+285
2909,"practical_naive",NA,1.09334072242126,0.24265743409793
2909,"correct_conditional",NA,1.04855207568692,0.269362365138124
2910,"history_naive",15,7.31598165997474e+285,4.87732110664983e+285
2910,"practical_naive",NA,2.90522114989807,0.176176321673816
2910,"correct_conditional",NA,1.96626504241935,0.353388198150174
2911,"history_naive",15,9.61896135380999e+285,9.61896135380999e+285
2911,"practical_naive",NA,15.6127462210813,4.1735122741253
2911,"correct_conditional",2425,25.2901056559321,11.8643586113581
2912,"history_naive",14,7.26492316816635e+285,4.8432821121109e+285
2912,"practical_naive",NA,3.05200368076386,0.265646174516809
2912,"correct_conditional",NA,1.8309153363084,0.662683517714239
2913,"history_naive",14,7.25765824499815e+285,4.83843882999877e+285
2913,"practical_naive",NA,2.0386808153056,0.786115236341185
2913,"correct_conditional",NA,2.92140645443446,0.773964637864102
2914,"history_naive",14,9.56139167787246e+285,9.56139167787246e+285
2914,"practical_naive",NA,1.83233419346353,0.211209730517109
2914,"correct_conditional",NA,1.26519187068747,0.213014904683101
2915,"history_naive",15,7.17104375840432e+285,4.78069583893622e+285
2915,"practical_naive",NA,1.00653777720612,0.295826073696698
2915,"correct_conditional",NA,1.03944797845643,0.339654164417084
2916,"history_naive",14,9.63822817192568e+285,9.63822817192568e+285
2916,"practical_naive",181,44.1775597891862,0.135051265095687
2916,"correct_conditional",183,25.17934095591,0.667562189919936
2917,"history_naive",15,7.14955213308936e+285,4.76636808872624e+285
2917,"practical_naive",NA,2.00870515756894,0.088954569683408
2917,"correct_conditional",NA,2.47423223609579,0.124655212887529
2918,"history_naive",14,9.66720078233753e+285,9.66720078233753e+285
2918,"practical_naive",NA,1.99619282459626,0.219131544371626
2918,"correct_conditional",NA,1.82678880294282,0.342629990111164
2919,"history_naive",15,9.63822817192567e+285,9.63822817192567e+285
2919,"practical_naive",NA,1.23998508363594,0.15678493204264
2919,"correct_conditional",NA,1.15176711655318,0.323333869258301
2920,"history_naive",14,9.62858994375375e+285,9.62858994375375e+285
2920,"practical_naive",NA,7.02798304686486,1.01624654215001
2920,"correct_conditional",NA,1.81107884116299,0.41205335735894
2921,"history_naive",15,9.60934239245615e+285,9.60934239245615e+285
2921,"practical_naive",NA,1.41211227869793,0.184349929192528
2921,"correct_conditional",NA,1.09802481193253,0.355037472853728
2922,"history_naive",15,7.19259998776023e+285,4.79506665850682e+285
2922,"practical_naive",NA,1.37412256900638,0.735574837826408
2922,"correct_conditional",NA,1.73783697186894,0.26076523477706
2923,"history_naive",14,7.16387271464589e+285,4.77591514309726e+285
2923,"practical_naive",NA,2.15152743955624,0.172382969303509
2923,"correct_conditional",NA,1.92130533821521,0.327101266975095
2924,"history_naive",14,7.38215592485706e+285,4.92143728323804e+285
2924,"practical_naive",NA,1.27700862698046,0.306949366874682
2924,"correct_conditional",NA,2.63047044066507,1.61228436055585
2925,"history_naive",14,9.82319866021766e+285,9.82319866021766e+285
2925,"practical_naive",NA,1.23118988156033,0.198558480345431
2925,"correct_conditional",NA,1.30022253455493,0.236614445114932
2926,"history_naive",14,9.80356208609581e+285,9.80356208609581e+285
2926,"practical_naive",NA,2.48348822756047,0.149768344840802
2926,"correct_conditional",NA,1.40565975038922,0.066984495544662
2927,"history_naive",15,9.92197309089317e+285,9.92197309089317e+285
2927,"practical_naive",NA,1.30690188605317,0.316111633617889
2927,"correct_conditional",NA,1.69539716547199,0.678420823091139
2928,"history_naive",15,9.60934239245617e+285,9.60934239245617e+285
2928,"practical_naive",NA,7.08641125632658,0.0206350146726975
2928,"correct_conditional",NA,15.8002839287203,0.0380673139317589
2929,"history_naive",14,7.36739899516321e+285,4.91159933010881e+285
2929,"practical_naive",NA,4.24410410250127,0.263195026775217
2929,"correct_conditional",NA,2.19477506644678,0.600153034291138
2930,"history_naive",14,9.59013331701366e+285,9.59013331701366e+285
2930,"practical_naive",NA,1.38903398584323,0.204422144470504
2930,"correct_conditional",NA,1.14964713652301,0.202629468761559
2931,"history_naive",14,9.62858994375375e+285,9.62858994375375e+285
2931,"practical_naive",NA,4.37968571706088,0.283239921713204
2931,"correct_conditional",NA,2.03955368227238,0.245356527974095
2932,"history_naive",15,7.32330496493966e+285,4.88220330995977e+285
2932,"practical_naive",NA,3.40018318982781,0.215202785030101
2932,"correct_conditional",NA,2.66275882165648,0.470239332507254
2933,"history_naive",14,7.25040058675316e+285,4.83360039116877e+285
2933,"practical_naive",NA,1.18998446134876,0.290049238615757
2933,"correct_conditional",NA,1.60223792450633,0.153060359834019
2934,"history_naive",14,9.53273617745251e+285,9.53273617745251e+285
2934,"practical_naive",NA,1.13861837793475,0.218981326974881
2934,"correct_conditional",NA,1.12063360524375,0.519118577339085
2935,"history_naive",14,9.58054318369665e+285,9.58054318369665e+285
2935,"practical_naive",NA,1.3179344658465,0.60435289277197
2935,"correct_conditional",NA,2.0492602841798,0.629623116699287
2936,"history_naive",14,7.22867112894423e+285,4.81911408596282e+285
2936,"practical_naive",NA,1.12356871557143,0.223937066733327
2936,"correct_conditional",NA,1.1334168806498,0.51574414925077
2937,"history_naive",14,9.80356208609589e+285,9.80356208609589e+285
2937,"practical_naive",NA,2.39242712780451,0.215496948864002
2937,"correct_conditional",NA,1.54045077355644,0.223986563147485
2938,"history_naive",14,9.73514268351525e+285,9.73514268351525e+285
2938,"practical_naive",NA,1.00421442807135,0.317565526015454
2938,"correct_conditional",NA,1.0204183611071,0.198649472758398
2939,"history_naive",15,9.73514268351529e+285,9.73514268351529e+285
2939,"practical_naive",NA,2.15783350295294,0.0715041588923119
2939,"correct_conditional",NA,2.47877393274846,0.206388386923952
2940,"history_naive",14,9.73514268351528e+285,9.73514268351528e+285
2940,"practical_naive",NA,5.33139971739454,0.558135455310468
2940,"correct_conditional",NA,7.41867630656891,2.14167457157947
2941,"history_naive",15,7.30135701263645e+285,4.86757134175763e+285
2941,"practical_naive",NA,1.97650380712898,0.214748162801131
2941,"correct_conditional",NA,1.70195773278652,0.255273935583331
2942,"history_naive",14,7.19259998776024e+285,4.79506665850682e+285
2942,"practical_naive",NA,2.34186686578939,0.935654762320927
2942,"correct_conditional",NA,1.30300949866758,0.337408296403234
2943,"history_naive",15,9.81337546155742e+285,9.81337546155742e+285
2943,"practical_naive",NA,1.80455773252185,0.114607960176225
2943,"correct_conditional",NA,1.35607982950494,0.111084200603114
2944,"history_naive",15,9.44728393080787e+285,9.44728393080787e+285
2944,"practical_naive",NA,2.87290429651152,0.218863214559851
2944,"correct_conditional",NA,1.61329528157057,0.223958512058699
2945,"history_naive",14,7.17822198038468e+285,4.78548132025646e+285
2945,"practical_naive",NA,1.01371587447866,0.203148492381265
2945,"correct_conditional",NA,1.00346153846154,0.405380604227697
2946,"history_naive",15,7.30135701263646e+285,4.86757134175764e+285
2946,"practical_naive",NA,2.75039802446559,0.162021368915295
2946,"correct_conditional",NA,1.43200758615435,0.268013959927825
2947,"history_naive",14,9.61896135380999e+285,9.61896135380999e+285
2947,"practical_naive",NA,1.90821060140652,0.360144455067072
2947,"correct_conditional",NA,8.62432472749503,2.36089091838926
2948,"history_naive",14,9.66720078233751e+285,9.66720078233751e+285
2948,"practical_naive",1378,33.8761066707178,0.827038096772076
2948,"correct_conditional",NA,3.59349364892287,0.330616405297377
2949,"history_naive",14,9.80356208609584e+285,9.80356208609584e+285
2949,"practical_naive",NA,1.02754769543999,0.213939243487827
2949,"correct_conditional",NA,1.06109583521542,0.727785926825612
2950,"history_naive",14,9.70596645115765e+285,9.70596645115765e+285
2950,"practical_naive",NA,1.29813944941477,0.147373195870391
2950,"correct_conditional",NA,1.21890459589401,0.112030475757202
2951,"history_naive",14,9.78396476548577e+285,9.78396476548577e+285
2951,"practical_naive",NA,1.02663567125591,0.226399013635038
2951,"correct_conditional",NA,1.18315766740571,0.890983103205858
2952,"history_naive",14,7.23590703598021e+285,4.82393802398681e+285
2952,"practical_naive",NA,7.65706443359535,0.0842523026698594
2952,"correct_conditional",NA,1.75956815490401,0.0356233869281559
2953,"history_naive",14,9.71568213329094e+285,9.71568213329094e+285
2953,"practical_naive",427,20.9031423722873,0.268071624353328
2953,"correct_conditional",NA,18.3904215316251,0.710170660269723
2954,"history_naive",14,9.82319866021767e+285,9.82319866021767e+285
2954,"practical_naive",NA,2.64762826680621,0.134002989713751
2954,"correct_conditional",NA,2.14839211491083,0.284032482213514
2955,"history_naive",14,9.76440661991955e+285,9.76440661991955e+285
2955,"practical_naive",NA,1.51618953606289,0.590273915701696
2955,"correct_conditional",NA,1.58496842590207,0.913061664380711
2956,"history_naive",14,9.65753358155525e+285,9.65753358155525e+285
2956,"practical_naive",NA,3.90894815744725,0.126058637752941
2956,"correct_conditional",NA,1.71218756409614,0.338241141417029
2957,"history_naive",14,9.80356208609589e+285,9.80356208609589e+285
2957,"practical_naive",NA,1.34488925373848,0.322176583548912
2957,"correct_conditional",NA,1.35938970256376,0.445776730371138
2958,"history_naive",14,7.12099679327871e+285,4.74733119551914e+285
2958,"practical_naive",NA,7.5033958146645,0.103684257862737
2958,"correct_conditional",NA,7.97035329054677,0.527953094753843
2959,"history_naive",15,9.8133754615574e+285,9.8133754615574e+285
2959,"practical_naive",NA,1.46914501799869,0.184977787779336
2959,"correct_conditional",NA,1.37852603225476,0.329325022979996
2960,"history_naive",14,9.42839881023016e+285,9.42839881023016e+285
2960,"practical_naive",NA,1.11377915215046,0.1607463002356
2960,"correct_conditional",NA,1.26782174436894,0.411810106161656
2961,"history_naive",14,9.65753358155518e+285,9.65753358155518e+285
2961,"practical_naive",NA,10.8858443994686,0.326409411325961
2961,"correct_conditional",NA,5.65190828551786,0.795384321029997
2962,"history_naive",15,9.72540754083173e+285,9.72540754083173e+285
2962,"practical_naive",NA,1.30666477382887,0.237827761030357
2962,"correct_conditional",NA,2.49154514502356,0.488133970066281
2963,"history_naive",14,9.96176040177488e+285,9.96176040177488e+285
2963,"practical_naive",NA,3.2567664241465,0.121229263904852
2963,"correct_conditional",NA,2.99190093964193,0.241388026339605
2964,"history_naive",15,9.84287456647603e+285,9.84287456647603e+285
2964,"practical_naive",NA,3.49833559814117,0.122318031612198
2964,"correct_conditional",NA,3.00331902919071,0.414921689912143
2965,"history_naive",14,9.74488757108632e+285,9.74488757108632e+285
2965,"practical_naive",NA,1.30515146647213,0.213459645042951
2965,"correct_conditional",NA,1.08475176960508,0.195078942442862
2966,"history_naive",15,9.57096264051294e+285,9.57096264051294e+285
2966,"practical_naive",NA,3.13898431066963,0.197918155438219
2966,"correct_conditional",NA,1.69710900178671,0.529536350948752
2967,"history_naive",14,7.17822198038471e+285,4.78548132025647e+285
2967,"practical_naive",NA,11.0275645262393,0.0406448833335716
2967,"correct_conditional",198,23.2965169046187,0.147137737208776
2968,"history_naive",15,7.33797357411434e+285,4.8919823827429e+285
2968,"practical_naive",NA,1.34273185025393,0.202131685876367
2968,"correct_conditional",NA,1.26080767524745,0.28772765847927
2969,"history_naive",15,7.3306356005402e+285,4.88709040036013e+285
2969,"practical_naive",NA,3.0947919716338,0.653026146294829
2969,"correct_conditional",NA,1.61884664949391,0.787013282020852
2970,"history_naive",15,9.83303169190956e+285,9.83303169190956e+285
2970,"practical_naive",NA,2.02970853361139,0.208429176119655
2970,"correct_conditional",NA,1.11526001179251,0.193395274458565
2971,"history_naive",14,7.13526017837532e+285,4.75684011891688e+285
2971,"practical_naive",NA,1.04295086199076,0.35990286016507
2971,"correct_conditional",NA,1.02462384460125,0.090257861441208
2972,"history_naive",14,9.67687765999754e+285,9.67687765999754e+285
2972,"practical_naive",NA,1.18679692144084,0.20883094121198
2972,"correct_conditional",NA,1.192364679852,0.233324929886577
2973,"history_naive",14,7.30866567831474e+285,4.87244378554316e+285
2973,"practical_naive",NA,1.10839447830238,0.141180472981582
2973,"correct_conditional",NA,1.14566118205627,0.172812143757163
2974,"history_naive",14,9.73514268351522e+285,9.73514268351522e+285
2974,"practical_naive",NA,1.64727432645825,0.115065910816599
2974,"correct_conditional",NA,2.63517730883562,0.195517427386166
2975,"history_naive",14,9.61896135380999e+285,9.61896135380999e+285
2975,"practical_naive",NA,3.49390964460211,0.32157380272144
2975,"correct_conditional",NA,2.54198364774947,0.161823191552211
2976,"history_naive",14,9.57096264051292e+285,9.57096264051292e+285
2976,"practical_naive",NA,2.2051478084858,0.516252155707345
2976,"correct_conditional",NA,2.3941583956054,1.83735095675937
2977,"history_naive",14,9.79375852400977e+285,9.79375852400977e+285
2977,"practical_naive",NA,1.39866455916724,0.207086129420814
2977,"correct_conditional",NA,1.14344327075755,0.159460415132513
2978,"history_naive",14,9.75464221329968e+285,9.75464221329968e+285
2978,"practical_naive",NA,1.06747536080802,0.316538893403145
2978,"correct_conditional",NA,1.28580774912838,1.05947666035754
2979,"history_naive",15,7.36739899516324e+285,4.91159933010882e+285
2979,"practical_naive",NA,1.46524809476539,0.201254252494924
2979,"correct_conditional",NA,2.39552400133483,0.704676873572845
2980,"history_naive",14,9.61896135381e+285,9.61896135381e+285
2980,"practical_naive",NA,1.13105522610806,0.414744547461069
2980,"correct_conditional",NA,1.11558628203039,0.630663403064746
2981,"history_naive",15,9.77418080072026e+285,9.77418080072026e+285
2981,"practical_naive",NA,1.29775809357762,0.262638399761674
2981,"correct_conditional",NA,1.25297828599492,0.249259241676107
2982,"history_naive",14,7.24315018616637e+285,4.82876679077758e+285
2982,"practical_naive",NA,2.21613908002661,0.172118730795567
2982,"correct_conditional",NA,1.42566166276147,0.0667975799009242
2983,"history_naive",14,7.33797357411433e+285,4.89198238274289e+285
2983,"practical_naive",NA,1.17759223733185,0.22991579522346
2983,"correct_conditional",NA,1.07479847784153,0.323011182631401
2984,"history_naive",15,7.1710437584043e+285,4.7806958389362e+285
2984,"practical_naive",NA,1.71588063282197,0.0931445533602849
2984,"correct_conditional",NA,1.40067044983454,0.0393062541788532
2985,"history_naive",14,9.65753358155522e+285,9.65753358155522e+285
2985,"practical_naive",NA,6.93972043457834,4.0755251503039
2985,"correct_conditional",NA,3.51316041395619,3.06852314151448
2986,"history_naive",14,7.27947483836822e+285,4.85298322557881e+285
2986,"practical_naive",NA,1.06493108428134,0.373049006854685
2986,"correct_conditional",NA,1.25359325702693,0.709767538890109
2987,"history_naive",15,9.57096264051297e+285,9.57096264051297e+285
2987,"practical_naive",NA,1.21135157919447,0.191794023077795
2987,"correct_conditional",NA,1.42612833206474,0.423469575070367
2988,"history_naive",15,9.46620687835772e+285,9.46620687835772e+285
2988,"practical_naive",NA,5.38796532101677,0.187788600541714
2988,"correct_conditional",NA,4.43669328471284,0.209009124393079
2989,"history_naive",15,7.22867112894422e+285,4.81911408596282e+285
2989,"practical_naive",NA,1.13300410477101,0.206990967117721
2989,"correct_conditional",NA,1.06581049562212,0.130920527044043
2990,"history_naive",15,7.35267156457192e+285,4.90178104304795e+285
2990,"practical_naive",NA,1.96308962227001,0.292578513244402
2990,"correct_conditional",NA,2.19116166952621,1.75875342847144
2991,"history_naive",15,9.91205111780229e+285,9.91205111780229e+285
2991,"practical_naive",NA,5.54040983392751,0.0983458807638035
2991,"correct_conditional",NA,5.07702423041327,0.510858456134993
2992,"history_naive",14,9.78396476548577e+285,9.78396476548577e+285
2992,"practical_naive",NA,5.20445525406277,0.220558299132387
2992,"correct_conditional",NA,2.2962355376208,0.104591886737732
2993,"history_naive",14,9.6575335815552e+285,9.6575335815552e+285
2993,"practical_naive",NA,2.0899478924711,0.191053964066161
2993,"correct_conditional",NA,1.58945804076886,0.0284944882284136
2994,"history_naive",14,9.56139167787243e+285,9.56139167787243e+285
2994,"practical_naive",NA,7.94474729589696,0.0815445262915765
2994,"correct_conditional",NA,4.31357928548664,0.062521944009523
2995,"history_naive",14,7.10676192068891e+285,4.73784128045927e+285
2995,"practical_naive",NA,17.3927636338914,8.46544140649996
2995,"correct_conditional",NA,4.6173898457487,0.446208045053177
2996,"history_naive",14,9.48516772864727e+285,9.48516772864727e+285
2996,"practical_naive",NA,3.87626300406825,0.335834678254364
2996,"correct_conditional",NA,4.07860487146556,0.504645388750691
2997,"history_naive",14,9.80356208609588e+285,9.80356208609588e+285
2997,"practical_naive",NA,7.03825893171941,0.250667558602874
2997,"correct_conditional",NA,4.57458691831643,0.376722893055838
2998,"history_naive",15,9.76440661991957e+285,9.76440661991957e+285
2998,"practical_naive",NA,1.81711362261512,0.204011504104501
2998,"correct_conditional",NA,1.28804267941811,0.139576241651592
2999,"history_naive",14,9.74488757108636e+285,9.74488757108636e+285
2999,"practical_naive",NA,1.28409821812621,0.185211978835512
2999,"correct_conditional",NA,1.4389737011424,0.479167778017108
3000,"history_naive",14,9.93190499588902e+285,9.93190499588902e+285
3000,"practical_naive",NA,1.54200486101306,0.179718950885222
3000,"correct_conditional",NA,1.36873181388855,0.20452054499809
3001,"history_naive",14,9.66720078233748e+285,9.66720078233748e+285
3001,"practical_naive",NA,2.21580382062522,0.131230221669556
3001,"correct_conditional",NA,2.25297074604396,0.416003648755286
3002,"history_naive",14,9.60934239245624e+285,9.60934239245624e+285
3002,"practical_naive",601,20.8752526153302,2.62218561653198
3002,"correct_conditional",NA,8.75912979323474,1.85375649223687
3003,"history_naive",15,9.64787604797368e+285,9.64787604797368e+285
3003,"practical_naive",NA,1.67268571760087,0.0954354534828528
3003,"correct_conditional",NA,1.31853452258087,0.456066561801809
3004,"history_naive",15,9.65753358155525e+285,9.65753358155525e+285
3004,"practical_naive",NA,1.20927744647152,0.202816429801938
3004,"correct_conditional",NA,1.11210561083342,0.202821855314489
3005,"history_naive",14,9.68656422422177e+285,9.68656422422177e+285
3005,"practical_naive",NA,2.2064249533814,0.23401011166127
3005,"correct_conditional",NA,1.24409690457982,0.419449207517104
3006,"history_naive",14,7.25040058675318e+285,4.83360039116878e+285
3006,"practical_naive",NA,8.98353622586881,0.740485736367913
3006,"correct_conditional",NA,2.95224722823189,0.220472232190908
3007,"history_naive",14,9.80356208609583e+285,9.80356208609583e+285
3007,"practical_naive",NA,3.68411136116409,0.35294050345848
3007,"correct_conditional",NA,3.22504127454266,0.571617215631655
3008,"history_naive",14,9.7254075408318e+285,9.7254075408318e+285
3008,"practical_naive",NA,1.01459237037902,0.211842764257787
3008,"correct_conditional",NA,1.06849150557165,0.375973531007425
3009,"history_naive",15,9.71568213329091e+285,9.71568213329091e+285
3009,"practical_naive",NA,1.61206885071846,0.198433253497531
3009,"correct_conditional",NA,1.2377408039573,0.259000674672542
3010,"history_naive",14,9.62858994375372e+285,9.62858994375372e+285
3010,"practical_naive",NA,1.4522548032582,0.228669241348111
3010,"correct_conditional",NA,2.54228868579386,0.527623049358881
3011,"history_naive",14,9.74488757108634e+285,9.74488757108634e+285
3011,"practical_naive",NA,1.08461996836655,0.224238609043643
3011,"correct_conditional",NA,1.06258853276679,0.376576746618444
3012,"history_naive",14,9.61896135381e+285,9.61896135381e+285
3012,"practical_naive",NA,1.36700172542714,0.247142253051875
3012,"correct_conditional",NA,1.08761342536016,0.222463840137243
3013,"history_naive",14,9.63822817192563e+285,9.63822817192563e+285
3013,"practical_naive",NA,1.97369076158831,0.0816219259679242
3013,"correct_conditional",NA,1.52160756986732,0.30339536522885
3014,"history_naive",15,7.17104375840432e+285,4.78069583893621e+285
3014,"practical_naive",NA,12.1528261414291,0.266245367002353
3014,"correct_conditional",NA,4.30281588454788,0.627985617891343
3015,"history_naive",14,7.20700679434215e+285,4.8046711962281e+285
3015,"practical_naive",NA,1.3988470431245,0.30986220829682
3015,"correct_conditional",NA,2.18651056245489,0.808133131078046
3016,"history_naive",14,9.64787604797371e+285,9.64787604797371e+285
3016,"practical_naive",NA,1.15278801349353,0.167204518430145
3016,"correct_conditional",NA,1.06702391850327,0.176641494166914
3017,"history_naive",14,7.25040058675315e+285,4.83360039116877e+285
3017,"practical_naive",NA,1.04003227043976,0.202908497475839
3017,"correct_conditional",NA,1.02862995340647,0.307570276266092
3018,"history_naive",14,7.30866567831475e+285,4.87244378554317e+285
3018,"practical_naive",NA,4.62925180980609,0.721785915522958
3018,"correct_conditional",NA,8.50916261300475,1.91642558707375
3019,"history_naive",15,9.7937585240098e+285,9.7937585240098e+285
3019,"practical_naive",NA,1.66653515904713,0.112360524516958
3019,"correct_conditional",NA,1.12377760748003,0.117452594959787
3020,"history_naive",15,7.14955213308934e+285,4.76636808872623e+285
3020,"practical_naive",NA,8.27491090293883,0.531389315054676
3020,"correct_conditional",NA,5.67851953168385,0.395764615837677
3021,"history_naive",14,9.58054318369666e+285,9.58054318369666e+285
3021,"practical_naive",NA,3.92519772228216,0.279907500565444
3021,"correct_conditional",NA,2.13762199928189,0.0602971691308743
3022,"history_naive",14,7.3969424127401e+285,4.93129494182673e+285
3022,"practical_naive",NA,1.4141351525727,0.196683046633543
3022,"correct_conditional",NA,1.11807218354319,0.248715393230627
3023,"history_naive",14,7.24315018616639e+285,4.82876679077759e+285
3023,"practical_naive",NA,1.32125068719857,0.258074087735374
3023,"correct_conditional",NA,1.34142420600203,0.429514611781097
3024,"history_naive",15,9.56139167787242e+285,9.56139167787242e+285
3024,"practical_naive",NA,2.11897862096134,0.152577553573049
3024,"correct_conditional",NA,2.59814138899993,0.145657035688082
3025,"history_naive",14,9.80356208609586e+285,9.80356208609586e+285
3025,"practical_naive",NA,1.061495733841,0.194950718325761
3025,"correct_conditional",NA,1.03456093321438,0.392402400749395
3026,"history_naive",15,7.32330496493965e+285,4.88220330995977e+285
3026,"practical_naive",NA,5.49772302131223,0.149356858889403
3026,"correct_conditional",NA,4.76586935548612,0.215526738290828
3027,"history_naive",14,7.30866567831474e+285,4.87244378554316e+285
3027,"practical_naive",NA,2.29417603677984,0.198463202576525
3027,"correct_conditional",NA,7.7615335582289,1.07951124286194
3028,"history_naive",15,9.74488757108634e+285,9.74488757108634e+285
3028,"practical_naive",NA,1.1635676233279,0.174664841402171
3028,"correct_conditional",NA,1.04787905212622,0.343363937420196
3029,"history_naive",14,7.14240258095627e+285,4.76160172063751e+285
3029,"practical_naive",NA,1.37150442957084,0.0794523450820442
3029,"correct_conditional",NA,1.34010979757287,0.0495924639619465
3030,"history_naive",14,9.79375852400978e+285,9.79375852400978e+285
3030,"practical_naive",NA,1.57292567792429,0.203301215991436
3030,"correct_conditional",NA,1.6660521051752,0.452137191880848
3031,"history_naive",14,9.58054318369666e+285,9.58054318369666e+285
3031,"practical_naive",NA,1.34697967133246,0.243992937672645
3031,"correct_conditional",NA,1.30742002233607,0.23505465845944
3032,"history_naive",14,7.38954547032734e+285,4.92636364688489e+285
3032,"practical_naive",NA,2.39138947651457,0.25411336541184
3032,"correct_conditional",NA,2.78301788882688,2.31830360886715
3033,"history_naive",15,7.20700679434215e+285,4.8046711962281e+285
3033,"practical_naive",NA,1.6310169441675,0.157699740536669
3033,"correct_conditional",NA,1.26290836429366,0.122359045195339
3034,"history_naive",14,9.72540754083175e+285,9.72540754083175e+285
3034,"practical_naive",NA,2.99086916026378,0.0456147185435351
3034,"correct_conditional",NA,2.50059762961023,0.0143009645298166
3035,"history_naive",15,9.6962604847065e+285,9.6962604847065e+285
3035,"practical_naive",NA,4.277917915624,0.367391564746715
3035,"correct_conditional",NA,2.059425465167,0.171470553605395
3036,"history_naive",14,9.84287456647599e+285,9.84287456647599e+285
3036,"practical_naive",NA,2.4481102195747,0.26727089061551
3036,"correct_conditional",NA,1.91334064635253,0.157160674728914
3037,"history_naive",15,9.82319866021761e+285,9.82319866021761e+285
3037,"practical_naive",NA,2.20355682987759,0.202077630528538
3037,"correct_conditional",NA,1.5424185262064,0.186171664971193
3038,"history_naive",15,9.61896135380997e+285,9.61896135380997e+285
3038,"practical_naive",NA,9.79262214529827,4.21481578501399
3038,"correct_conditional",NA,14.9598016310731,13.3178705270869
3039,"history_naive",14,9.70596645115765e+285,9.70596645115765e+285
3039,"practical_naive",531,79.9411275073509,4.4148697291919
3039,"correct_conditional",546,26.064100571969,1.19106232020788
3040,"history_naive",14,9.69626048470647e+285,9.69626048470647e+285
3040,"practical_naive",NA,1.11565985835236,0.29880000308757
3040,"correct_conditional",NA,1.26813119158745,0.967074377773902
3041,"history_naive",14,9.70596645115758e+285,9.70596645115758e+285
3041,"practical_naive",NA,1.17910229746619,0.176307669510255
3041,"correct_conditional",NA,1.10451867792031,0.404319544994789
3042,"history_naive",15,9.55183028619451e+285,9.55183028619451e+285
3042,"practical_naive",NA,1.74827467864164,0.174888567376767
3042,"correct_conditional",NA,9.16724284885777,2.23718211369722
3043,"history_naive",14,7.38215592485702e+285,4.92143728323801e+285
3043,"practical_naive",157,25.8303047978104,0.0270512251745978
3043,"correct_conditional",NA,12.41758590901,0.0420414669500243
3044,"history_naive",15,9.63822817192564e+285,9.63822817192564e+285
3044,"practical_naive",NA,2.83401647383278,0.819149560868647
3044,"correct_conditional",NA,1.62991951362014,0.483268973657209
3045,"history_naive",14,9.62858994375375e+285,9.62858994375375e+285
3045,"practical_naive",NA,1.01077161481499,0.199355834447075
3045,"correct_conditional",NA,1.04039296250688,0.341504119919228
3046,"history_naive",14,9.6575335815552e+285,9.6575335815552e+285
3046,"practical_naive",NA,2.33957302503048,0.0825101419612135
3046,"correct_conditional",NA,3.50036273889759,0.232219350225505
3047,"history_naive",14,7.29405565562381e+285,4.86270377041587e+285
3047,"practical_naive",1600,28.8446613486803,0.638216342858304
3047,"correct_conditional",NA,10.783399704684,0.302038163644817
3048,"history_naive",14,9.68656422422173e+285,9.68656422422173e+285
3048,"practical_naive",NA,1.0011330569079,0.271843215234492
3048,"correct_conditional",NA,1.07459651961907,0.406886949735046
3049,"history_naive",14,9.8527272937698e+285,9.8527272937698e+285
3049,"practical_naive",NA,4.46165858433737,0.213087842695771
3049,"correct_conditional",NA,3.11585081250162,0.134966606037325
3050,"history_naive",14,9.50416655759589e+285,9.50416655759589e+285
3050,"practical_naive",NA,4.71141319156049,0.251091479316037
3050,"correct_conditional",NA,16.3596341678537,3.4880265032445
3051,"history_naive",14,9.43783664687708e+285,9.43783664687708e+285
3051,"practical_naive",NA,1.72228596455545,0.233652672640098
3051,"correct_conditional",NA,1.47910165863206,0.392675244747543
3052,"history_naive",14,9.62858994375374e+285,9.62858994375374e+285
3052,"practical_naive",NA,1.41927935412951,0.210497067421179
3052,"correct_conditional",NA,1.83736576113511,0.32864853310286
3053,"history_naive",14,9.59013331701368e+285,9.59013331701368e+285
3053,"practical_naive",NA,7.33795172864477,0.181866717236358
3053,"correct_conditional",226,22.0859394660772,0.944017046390619
3054,"history_naive",14,9.82319866021765e+285,9.82319866021765e+285
3054,"practical_naive",NA,1.0315692021427,0.39591948895051
3054,"correct_conditional",NA,1.08811090523827,0.709317166130805
3055,"history_naive",14,7.28676159996816e+285,4.85784106664544e+285
3055,"practical_naive",NA,1.92866488446527,0.105452361833022
3055,"correct_conditional",NA,1.36931193307205,0.173173814734954
3056,"history_naive",15,9.81337546155745e+285,9.81337546155745e+285
3056,"practical_naive",NA,1.0484023577685,0.227045923794082
3056,"correct_conditional",NA,1.17345250656599,0.486172263658185
3057,"history_naive",14,9.5518302861946e+285,9.5518302861946e+285
3057,"practical_naive",NA,2.20930974212921,0.298451740755753
3057,"correct_conditional",NA,3.13911506203685,0.299292837441723
3058,"history_naive",15,9.64787604797364e+285,9.64787604797364e+285
3058,"practical_naive",NA,2.91436365153382,0.0795634602336289
3058,"correct_conditional",NA,2.78063378704108,0.145440418940025
3059,"history_naive",14,9.87246234599946e+285,9.87246234599946e+285
3059,"practical_naive",NA,1.40849327032742,0.21909844775663
3059,"correct_conditional",NA,1.39638047659052,0.218384475160437
3060,"history_naive",15,9.70596645115762e+285,9.70596645115762e+285
3060,"practical_naive",NA,3.32965912527264,0.190146068394834
3060,"correct_conditional",NA,2.49213391697628,0.210248086120542
3061,"history_naive",15,9.50416655759589e+285,9.50416655759589e+285
3061,"practical_naive",NA,2.60722432939379,0.191365497378319
3061,"correct_conditional",NA,2.21897486558655,0.212125564868078
3062,"history_naive",14,9.79375852400979e+285,9.79375852400979e+285
3062,"practical_naive",NA,1.11637812718905,0.132238201357837
3062,"correct_conditional",NA,1.6422552941937,0.343887617131188
3063,"history_naive",14,9.76440661991958e+285,9.76440661991958e+285
3063,"practical_naive",NA,2.00615986390054,0.115249533310804
3063,"correct_conditional",NA,1.76681236481104,0.182762044404337
3064,"history_naive",14,9.85272729376977e+285,9.85272729376977e+285
3064,"practical_naive",NA,1.446605473827,0.214148622127443
3064,"correct_conditional",NA,1.13569005094693,0.275279384185553
3065,"history_naive",15,7.12099679327873e+285,4.74733119551916e+285
3065,"practical_naive",NA,1.00140028402367,0.228733644466243
3065,"correct_conditional",NA,1.11237002318598,0.142710765684026
3066,"history_naive",15,9.57096264051293e+285,9.57096264051293e+285
3066,"practical_naive",NA,3.61487577146348,0.14285807170758
3066,"correct_conditional",NA,1.05133559704746,0.0644682937557393
3067,"history_naive",14,9.67687765999752e+285,9.67687765999752e+285
3067,"practical_naive",NA,1.41417106253233,0.129059669362794
3067,"correct_conditional",NA,1.37955104754185,0.656542422856585
3068,"history_naive",15,9.67687765999753e+285,9.67687765999753e+285
3068,"practical_naive",NA,5.55541067668915,0.0802492516097563
3068,"correct_conditional",NA,3.03462675213841,0.19465193951856
3069,"history_naive",14,9.62858994375377e+285,9.62858994375377e+285
3069,"practical_naive",NA,1.985252649617,0.273395577961904
3069,"correct_conditional",NA,4.444235726906,2.15576111322503
3070,"history_naive",15,9.95179864137308e+285,9.95179864137308e+285
3070,"practical_naive",NA,1.25691589570103,0.262016783424571
3070,"correct_conditional",NA,1.22419467537248,0.656556889029948
3071,"history_naive",14,9.54227845590839e+285,9.54227845590839e+285
3071,"practical_naive",NA,1.01195195901586,0.166696113854334
3071,"correct_conditional",NA,1.0999163080441,0.419669182035589
3072,"history_naive",15,9.67687765999754e+285,9.67687765999754e+285
3072,"practical_naive",NA,1.04211488639004,0.20143185159895
3072,"correct_conditional",NA,1.01261061466241,0.245328931862461
3073,"history_naive",14,9.65753358155519e+285,9.65753358155519e+285
3073,"practical_naive",NA,1.23816664896395,0.176214016129813
3073,"correct_conditional",NA,1.57756592173664,0.428875739471714
3074,"history_naive",14,7.25765824499817e+285,4.83843882999878e+285
3074,"practical_naive",NA,1.09512733867674,0.402846462133151
3074,"correct_conditional",NA,2.29758915698628,1.82119826977921
3075,"history_naive",14,7.31598165997475e+285,4.87732110664984e+285
3075,"practical_naive",NA,1.32193869804133,0.156011250089924
3075,"correct_conditional",NA,1.18327772286028,0.447252623441272
3076,"history_naive",15,9.80356208609586e+285,9.80356208609586e+285
3076,"practical_naive",NA,1.55251019424,0.164777693417962
3076,"correct_conditional",NA,1.4893837242149,0.123058732069339
3077,"history_naive",14,9.67687765999755e+285,9.67687765999755e+285
3077,"practical_naive",NA,2.2028082017636,0.176057486513152
3077,"correct_conditional",NA,1.66943072540134,0.126791881500091
3078,"history_naive",14,9.69626048470647e+285,9.69626048470647e+285
3078,"practical_naive",NA,7.34895249558236,0.333376202955649
3078,"correct_conditional",NA,3.70905100066253,2.28243043625993
3079,"history_naive",15,7.3526715645719e+285,4.90178104304793e+285
3079,"practical_naive",NA,3.16765539305821,0.180140963424016
3079,"correct_conditional",NA,6.24115398789826,2.09646164650792
3080,"history_naive",15,9.75464221329966e+285,9.75464221329966e+285
3080,"practical_naive",NA,1.33574999453083,0.118334680979298
3080,"correct_conditional",NA,2.05759299906745,0.665559311442275
3081,"history_naive",15,7.36003159616803e+285,4.90668773077869e+285
3081,"practical_naive",NA,1.78380496669513,0.130091525079864
3081,"correct_conditional",NA,1.16280466287829,0.0343111376359127
3082,"history_naive",15,7.30135701263647e+285,4.86757134175764e+285
3082,"practical_naive",NA,1.76226111245884,0.0745466557320597
3082,"correct_conditional",NA,1.798626322158,0.104444673399583
3083,"history_naive",14,9.78396476548576e+285,9.78396476548576e+285
3083,"practical_naive",NA,1.30994904937919,0.159726587797219
3083,"correct_conditional",NA,1.12765712734554,0.351850935544007
3084,"history_naive",14,9.65753358155522e+285,9.65753358155522e+285
3084,"practical_naive",NA,1.85442792848446,0.191631453675424
3084,"correct_conditional",NA,1.40023715579291,0.445774691245774
3085,"history_naive",15,7.32330496493965e+285,4.88220330995977e+285
3085,"practical_naive",NA,1.23009621953115,0.204714249069697
3085,"correct_conditional",NA,1.46929244188295,0.598749566206357
3086,"history_naive",14,9.53273617745243e+285,9.53273617745243e+285
3086,"practical_naive",NA,4.05029831919123,0.281644194946777
3086,"correct_conditional",NA,3.31133678280252,1.03989699092794
3087,"history_naive",14,9.67687765999753e+285,9.67687765999753e+285
3087,"practical_naive",NA,3.48920397460421,0.23384664464981
3087,"correct_conditional",NA,2.4493988599818,0.406462122392379
3088,"history_naive",15,9.71568213329092e+285,9.71568213329092e+285
3088,"practical_naive",NA,1.13821893348956,0.639728743678437
3088,"correct_conditional",NA,1.34443026739032,0.784801623831134
3089,"history_naive",15,7.1567088419313e+285,4.7711392279542e+285
3089,"practical_naive",NA,1.11351199432854,0.9887899828593
3089,"correct_conditional",NA,1.19644490915195,0.723771846064038
3090,"history_naive",14,7.36003159616807e+285,4.90668773077871e+285
3090,"practical_naive",NA,1.06686027773732,0.258701758795396
3090,"correct_conditional",NA,1.07964801835718,0.173347047259271
3091,"history_naive",14,7.25765824499814e+285,4.83843882999876e+285
3091,"practical_naive",NA,1.09535831732057,0.16208126639219
3091,"correct_conditional",NA,1.19107810356964,0.328896329303289
3092,"history_naive",14,7.20700679434213e+285,4.80467119622809e+285
3092,"practical_naive",199,71.5958150380272,0.0295801663161389
3092,"correct_conditional",NA,8.57367938037659,0.0544592952955215
3093,"history_naive",14,7.38215592485705e+285,4.92143728323803e+285
3093,"practical_naive",149,246.673879605244,0.0560024853378011
3093,"correct_conditional",178,786.491535425984,2.8433614665654
3094,"history_naive",15,9.68656422422173e+285,9.68656422422173e+285
3094,"practical_naive",NA,1.79308966928329,0.155136869561746
3094,"correct_conditional",NA,1.42420282342957,0.247848864030452
3095,"history_naive",15,9.63822817192564e+285,9.63822817192564e+285
3095,"practical_naive",NA,2.59295024978876,0.15646045315619
3095,"correct_conditional",NA,2.01363072962139,0.575084331041488
3096,"history_naive",14,9.92197309089319e+285,9.92197309089319e+285
3096,"practical_naive",NA,2.86747647227036,0.234036357862458
3096,"correct_conditional",NA,1.76105653540991,0.313846869474725
3097,"history_naive",14,9.83303169190956e+285,9.83303169190956e+285
3097,"practical_naive",NA,1.66511153396566,0.337483622054631
3097,"correct_conditional",NA,2.60185593778107,0.693160825535989
3098,"history_naive",15,7.22867112894427e+285,4.81911408596285e+285
3098,"practical_naive",NA,1.02725050498432,0.304545135192983
3098,"correct_conditional",NA,1.02388404156813,0.213918212058907
3099,"history_naive",14,7.26492316816632e+285,4.84328211211088e+285
3099,"practical_naive",NA,3.88873916824843,0.102114539178984
3099,"correct_conditional",NA,2.41753250310961,0.106466000529826
3100,"history_naive",14,9.55183028619454e+285,9.55183028619454e+285
3100,"practical_naive",NA,1.33997698822969,0.104944987860424
3100,"correct_conditional",NA,1.24274692196914,0.20923699233189
3101,"history_naive",14,9.67687765999755e+285,9.67687765999755e+285
3101,"practical_naive",NA,1.41768012772957,0.597595548949459
3101,"correct_conditional",NA,1.72191223148004,0.218616672014366
3102,"history_naive",14,7.17104375840435e+285,4.78069583893624e+285
3102,"practical_naive",NA,1.08295828556278,0.189651652240467
3102,"correct_conditional",NA,1.04614325347596,0.138849718899296
3103,"history_naive",14,7.06422780856493e+285,4.70948520570995e+285
3103,"practical_naive",1877,38.3933280360335,7.55803832969148
3103,"correct_conditional",1298,69.3297426774775,26.1348475735971
3104,"history_naive",14,9.70596645115759e+285,9.70596645115759e+285
3104,"practical_naive",NA,2.35882143534174,0.211930829095321
3104,"correct_conditional",NA,1.25442921138748,0.04944675728585
3105,"history_naive",14,9.71568213329089e+285,9.71568213329089e+285
3105,"practical_naive",NA,1.65733427944128,0.216232250382837
3105,"correct_conditional",NA,3.07072013586834,1.06069011058591
3106,"history_naive",14,9.60934239245617e+285,9.60934239245617e+285
3106,"practical_naive",NA,1.00352471226773,0.176930160163348
3106,"correct_conditional",NA,1.07205021845021,0.255141316784975
3107,"history_naive",15,9.59013331701367e+285,9.59013331701367e+285
3107,"practical_naive",NA,1.40602429404493,0.111286330204739
3107,"correct_conditional",NA,1.09430058636324,0.227121324668181
3108,"history_naive",14,9.49466239103828e+285,9.49466239103828e+285
3108,"practical_naive",NA,1.169023306378,0.153022029083527
3108,"correct_conditional",NA,1.05287244881511,0.0580503081146175
3109,"history_naive",15,9.64787604797366e+285,9.64787604797366e+285
3109,"practical_naive",NA,1.06489254094233,0.225979655087781
3109,"correct_conditional",NA,1.04535020148013,0.248890114261552
3110,"history_naive",14,9.58054318369667e+285,9.58054318369667e+285
3110,"practical_naive",NA,1.38553089199339,0.795006716828404
3110,"correct_conditional",NA,2.18704846363718,0.384030193043522
3111,"history_naive",14,9.76440661991956e+285,9.76440661991956e+285
3111,"practical_naive",NA,1.83164223603888,0.362743057373077
3111,"correct_conditional",NA,1.35503017734847,0.434170685579602
3112,"history_naive",14,7.2431501861664e+285,4.8287667907776e+285
3112,"practical_naive",NA,1.81442355432269,0.194104618947513
3112,"correct_conditional",NA,2.0151749991465,0.551073230479837
3113,"history_naive",14,9.91205111780225e+285,9.91205111780225e+285
3113,"practical_naive",NA,1.38773288836389,0.230647374111651
3113,"correct_conditional",NA,1.66695218033829,0.746150037122549
3114,"history_naive",14,7.28676159996818e+285,4.85784106664545e+285
3114,"practical_naive",NA,1.26183963003112,0.143534111868015
3114,"correct_conditional",NA,1.30807187834634,0.15887391038097
3115,"history_naive",14,9.64787604797365e+285,9.64787604797365e+285
3115,"practical_naive",NA,2.36993775895994,0.279219256194551
3115,"correct_conditional",NA,1.15376764004022,0.112792266926799
3116,"history_naive",14,7.34531889300734e+285,4.8968792620049e+285
3116,"practical_naive",NA,1.70140403026651,0.155187046737054
3116,"correct_conditional",NA,1.68040796937642,0.1231366583621
3117,"history_naive",15,9.64787604797364e+285,9.64787604797364e+285
3117,"practical_naive",NA,1.58604582956578,0.378137337841524
3117,"correct_conditional",NA,1.82157532423224,0.558937310238497
3118,"history_naive",14,7.35267156457193e+285,4.90178104304795e+285
3118,"practical_naive",NA,1.46094848914862,0.170278737083239
3118,"correct_conditional",NA,3.34797755689574,1.42136431074891
3119,"history_naive",14,9.61896135381e+285,9.61896135381e+285
3119,"practical_naive",NA,15.0063321296397,1.72674095441226
3119,"correct_conditional",NA,9.02105070886597,1.11647648454131
3120,"history_naive",15,9.73514268351525e+285,9.73514268351525e+285
3120,"practical_naive",NA,1.18278561385853,0.248426204128033
3120,"correct_conditional",NA,1.16954483614447,0.214441639578797
3121,"history_naive",14,7.25040058675317e+285,4.83360039116878e+285
3121,"practical_naive",NA,2.21843605033701,0.217216003781184
3121,"correct_conditional",NA,3.58917995339883,0.162148893898802
3122,"history_naive",15,9.64787604797366e+285,9.64787604797366e+285
3122,"practical_naive",NA,7.20223734593164,0.448272346371444
3122,"correct_conditional",NA,2.14127403698515,0.379093193499185
3123,"history_naive",14,7.3159816599747e+285,4.8773211066498e+285
3123,"practical_naive",NA,1.0219320271822,0.328344932230995
3123,"correct_conditional",NA,1.01516642234732,0.32941517218327
3124,"history_naive",15,7.2794748383682e+285,4.8529832255788e+285
3124,"practical_naive",NA,4.14570155929162,0.103946405505426
3124,"correct_conditional",NA,2.23348699854038,0.156483488145231
3125,"history_naive",14,9.69626048470645e+285,9.69626048470645e+285
3125,"practical_naive",NA,2.27760431895055,0.333620245460023
3125,"correct_conditional",NA,5.84267390403319,0.273402497444261
3126,"history_naive",15,9.78396476548586e+285,9.78396476548586e+285
3126,"practical_naive",NA,1.27704582716695,0.43945926213367
3126,"correct_conditional",NA,1.48246712745817,0.178871089159626
3127,"history_naive",14,9.74488757108633e+285,9.74488757108633e+285
3127,"practical_naive",NA,1.30415002862556,0.103370977594554
3127,"correct_conditional",NA,1.25557328970169,0.234559035773057
3128,"history_naive",14,7.30135701263643e+285,4.86757134175762e+285
3128,"practical_naive",NA,1.14463595133756,0.31066461753806
3128,"correct_conditional",NA,1.27597011415699,0.606845669279592
3129,"history_naive",15,9.40955144100856e+285,9.40955144100856e+285
3129,"practical_naive",NA,3.77965934454941,0.18452110481793
3129,"correct_conditional",470,31.1213817338243,9.9870195101116
3130,"history_naive",15,7.44892874691679e+285,4.96595249794453e+285
3130,"practical_naive",NA,2.01960584497857,0.185939687385801
3130,"correct_conditional",NA,6.65331365118244,2.24257116037312
3131,"history_naive",14,9.60934239245617e+285,9.60934239245617e+285
3131,"practical_naive",511,29.655867687157,1.68406404374302
3131,"correct_conditional",NA,13.5329159565393,6.92665127891753
3132,"history_naive",15,7.34531889300734e+285,4.8968792620049e+285
3132,"practical_naive",NA,1.44299971573513,0.175301641977621
3132,"correct_conditional",NA,2.11489975725325,0.46054004495207
3133,"history_naive",14,9.83303169190953e+285,9.83303169190953e+285
3133,"practical_naive",NA,1.08441646923687,0.303475225670867
3133,"correct_conditional",NA,1.15397878284318,0.511685303066711
3134,"history_naive",14,9.64787604797363e+285,9.64787604797363e+285
3134,"practical_naive",NA,1.49181657623108,1.32350457515844
3134,"correct_conditional",NA,1.78335844965276,1.69283125528138
3135,"history_naive",14,7.40434675949958e+285,4.93623117299972e+285
3135,"practical_naive",NA,1.18948828103724,0.107091952597651
3135,"correct_conditional",NA,1.09239068618494,0.253904946639027
3136,"history_naive",14,9.83303169190962e+285,9.83303169190962e+285
3136,"practical_naive",NA,1.45968107869533,0.225317931682452
3136,"correct_conditional",NA,1.60151028817872,0.750479451483888
3137,"history_naive",14,9.88234469069015e+285,9.88234469069015e+285
3137,"practical_naive",NA,2.75264307458331,0.225214653444305
3137,"correct_conditional",NA,2.13347753017011,0.122985606286637
3138,"history_naive",15,9.60934239245615e+285,9.60934239245615e+285
3138,"practical_naive",NA,1.13719992050434,0.202697073181021
3138,"correct_conditional",NA,1.01868872674008,0.231613616903398
3139,"history_naive",14,9.68656422422184e+285,9.68656422422184e+285
3139,"practical_naive",NA,4.14958636361272,2.37482705362834
3139,"correct_conditional",NA,2.64987039943919,1.21584320736785
3140,"history_naive",14,9.76440661991957e+285,9.76440661991957e+285
3140,"practical_naive",NA,4.57092704506737,0.0971700702430214
3140,"correct_conditional",NA,1.92283893384038,0.119149671560905
3141,"history_naive",14,7.2867615999682e+285,4.85784106664546e+285
3141,"practical_naive",NA,1.46542013374577,0.219656855920338
3141,"correct_conditional",NA,1.70499185140943,0.556759607884829
3142,"history_naive",14,7.27947483836819e+285,4.85298322557879e+285
3142,"practical_naive",NA,2.19146478550135,0.263159546093112
3142,"correct_conditional",NA,1.34262487881463,0.171747565803723
3143,"history_naive",15,9.79375852400977e+285,9.79375852400977e+285
3143,"practical_naive",NA,3.78039623600224,0.292833478417089
3143,"correct_conditional",NA,3.66370317872098,0.686401388688946
3144,"history_naive",14,7.31598165997474e+285,4.87732110664983e+285
3144,"practical_naive",NA,1.23705551372195,0.170051338909116
3144,"correct_conditional",NA,1.24734422643277,0.274284810698976
3145,"history_naive",14,9.53273617745246e+285,9.53273617745246e+285
3145,"practical_naive",NA,1.01689321769724,0.438430835883151
3145,"correct_conditional",NA,1.05558009381836,0.428812239295776
3146,"history_naive",15,7.22867112894425e+285,4.81911408596283e+285
3146,"practical_naive",NA,1.13072258494583,0.340942192117787
3146,"correct_conditional",NA,1.48075680025932,0.591559156590291
3147,"history_naive",14,7.17104375840432e+285,4.78069583893622e+285
3147,"practical_naive",NA,4.58936405662636,0.640531145851007
3147,"correct_conditional",NA,1.615351607664,0.717714196933431
3148,"history_naive",14,7.30135701263647e+285,4.86757134175764e+285
3148,"practical_naive",197,21.5925333533954,0.127716859600412
3148,"correct_conditional",NA,4.12061006153827,0.0368902493284294
3149,"history_naive",14,9.79375852400972e+285,9.79375852400972e+285
3149,"practical_naive",NA,1.35672171984939,0.204814653483427
3149,"correct_conditional",NA,1.1801387567276,0.285484008855989
3150,"history_naive",14,9.63822817192571e+285,9.63822817192571e+285
3150,"practical_naive",NA,1.00087153097552,0.206465640686239
3150,"correct_conditional",NA,1,0.404780632230456
3151,"history_naive",14,7.22867112894427e+285,4.81911408596285e+285
3151,"practical_naive",NA,1.13905148886127,0.314947150832727
3151,"correct_conditional",NA,1.216570900629,0.170988072431275
3152,"history_naive",14,9.7059664511576e+285,9.7059664511576e+285
3152,"practical_naive",NA,1.32851503619847,0.271271720513531
3152,"correct_conditional",NA,1.27677373284596,0.329786940169776
3153,"history_naive",14,7.29405565562381e+285,4.86270377041587e+285
3153,"practical_naive",NA,1.28228786673641,0.326366313340567
3153,"correct_conditional",NA,1.02342527718229,0.305212944203223
3154,"history_naive",14,7.35267156457195e+285,4.90178104304797e+285
3154,"practical_naive",NA,1.25948117090073,0.122265680598999
3154,"correct_conditional",NA,1.03922492852209,0.161643542754722
3155,"history_naive",14,9.66720078233758e+285,9.66720078233758e+285
3155,"practical_naive",NA,2.37495597179469,0.00312851803591792
3155,"correct_conditional",NA,5.62013638066241,0.0200740335236363
3156,"history_naive",14,9.44728393080783e+285,9.44728393080783e+285
3156,"practical_naive",NA,1.98889326894279,0.171939934214139
3156,"correct_conditional",NA,3.1428897060302,0.991766768785702
3157,"history_naive",14,9.68656422422175e+285,9.68656422422175e+285
3157,"practical_naive",NA,6.71474622906216,1.4710730812867
3157,"correct_conditional",NA,1.49049459307236,0.24438744060631
3158,"history_naive",14,9.7448875710863e+285,9.7448875710863e+285
3158,"practical_naive",NA,1.17231390361165,0.356155223079034
3158,"correct_conditional",NA,1.42531943914864,0.776308291981794
3159,"history_naive",14,9.61896135380998e+285,9.61896135380998e+285
3159,"practical_naive",NA,1.93551256573154,0.251612116916536
3159,"correct_conditional",NA,1.36289905675473,0.342426235100317
3160,"history_naive",14,9.55183028619454e+285,9.55183028619454e+285
3160,"practical_naive",NA,1.62392454779089,0.149992859018759
3160,"correct_conditional",NA,1.52390702694121,0.074204588352205
3161,"history_naive",15,9.73514268351524e+285,9.73514268351524e+285
3161,"practical_naive",NA,2.07459506743533,1.66459401877725
3161,"correct_conditional",NA,2.78192757826408,1.03409340528455
3162,"history_naive",14,9.65753358155519e+285,9.65753358155519e+285
3162,"practical_naive",NA,1.23967578556779,0.296841959140706
3162,"correct_conditional",NA,1.50089491768369,0.298552677727564
3163,"history_naive",14,9.80356208609587e+285,9.80356208609587e+285
3163,"practical_naive",NA,1.17930943564411,0.288292128052829
3163,"correct_conditional",NA,1.54707359250708,1.00260200694053
3164,"history_naive",15,9.70596645115763e+285,9.70596645115763e+285
3164,"practical_naive",NA,1.5073794446755,0.296795483654802
3164,"correct_conditional",NA,1.52144044144427,0.0307003997811287
3165,"history_naive",14,7.38954547032736e+285,4.9263636468849e+285
3165,"practical_naive",NA,1.8580497018166,0.207266869483808
3165,"correct_conditional",NA,1.87156375416995,0.213930317080561
3166,"history_naive",15,9.70596645115761e+285,9.70596645115761e+285
3166,"practical_naive",NA,1.88766778689529,0.837894890106536
3166,"correct_conditional",NA,1.08625436526381,0.740413131636409
3167,"history_naive",15,7.35267156457187e+285,4.90178104304792e+285
3167,"practical_naive",NA,1.00378771692308,0.234968282535961
3167,"correct_conditional",NA,1.0012,0.288388030856916
3168,"history_naive",14,9.74488757108637e+285,9.74488757108637e+285
3168,"practical_naive",NA,2.31152965238326,0.198610468979833
3168,"correct_conditional",NA,1.58077666391206,0.185042450336734
3169,"history_naive",15,7.17822198038469e+285,4.78548132025646e+285
3169,"practical_naive",NA,2.20073635106365,0.203402618030894
3169,"correct_conditional",NA,1.85218567933267,0.21851140220766
3170,"history_naive",14,7.20700679434215e+285,4.8046711962281e+285
3170,"practical_naive",NA,10.5355867840451,0.12639086619329
3170,"correct_conditional",NA,19.9117466530673,0.266475091393194
3171,"history_naive",14,7.09965515876831e+285,4.73310343917888e+285
3171,"practical_naive",NA,3.05915617808611,0.163019114339256
3171,"correct_conditional",NA,4.44605732182076,3.29403262848162
3172,"history_naive",14,7.3673989951632e+285,4.9115993301088e+285
3172,"practical_naive",NA,1.09695140400702,0.181469542570871
3172,"correct_conditional",NA,1.05711601884051,0.364759564529636
3173,"history_naive",15,9.36259768526942e+285,9.36259768526942e+285
3173,"practical_naive",NA,2.84485482809138,2.42394082912243
3173,"correct_conditional",NA,2.5562198219555,0.261630833118652
3174,"history_naive",14,7.31598165997473e+285,4.87732110664982e+285
3174,"practical_naive",NA,1.07991454572133,0.305564875016443
3174,"correct_conditional",NA,1.05484116795993,0.232671891075404
3175,"history_naive",15,9.90213906668444e+285,9.90213906668444e+285
3175,"practical_naive",NA,9.33797789750685,0.389683631715082
3175,"correct_conditional",NA,1.7116055698152,0.225875439133159
3176,"history_naive",14,7.40434675949961e+285,4.93623117299974e+285
3176,"practical_naive",NA,3.77065774882519,0.215720849997007
3176,"correct_conditional",NA,2.06472914979925,0.588825031423751
3177,"history_naive",14,9.45674067147935e+285,9.45674067147935e+285
3177,"practical_naive",NA,3.44120734078534,0.500463693293368
3177,"correct_conditional",NA,2.9551758789921,1.1827817187599
3178,"history_naive",14,7.26492316816631e+285,4.84328211211087e+285
3178,"practical_naive",NA,2.3137809026594,0.17325983417779
3178,"correct_conditional",NA,2.69381700476485,0.266329372294755
3179,"history_naive",15,9.91205111780228e+285,9.91205111780228e+285
3179,"practical_naive",NA,1.31237300021552,0.219036846902827
3179,"correct_conditional",NA,1.03401521638721,0.480168990072469
3180,"history_naive",15,9.64787604797364e+285,9.64787604797364e+285
3180,"practical_naive",NA,1.02112936568951,0.199027343297354
3180,"correct_conditional",NA,1.09665909606747,0.268249548692674
3181,"history_naive",15,9.51368023783373e+285,9.51368023783373e+285
3181,"practical_naive",NA,1.69633238282481,0.198283519938344
3181,"correct_conditional",NA,2.21402134987282,0.299025976298649
3182,"history_naive",15,9.8527272937698e+285,9.8527272937698e+285
3182,"practical_naive",NA,1.08199396093555,0.196398453601805
3182,"correct_conditional",NA,1.02597131740768,0.329064539456096
3183,"history_naive",14,9.51368023783374e+285,9.51368023783374e+285
3183,"practical_naive",NA,1.29557561960097,0.224815626495485
3183,"correct_conditional",NA,2.44019025069528,0.678699684355051
3184,"history_naive",14,9.60934239245617e+285,9.60934239245617e+285
3184,"practical_naive",444,31.1270105550579,0.202689501861238
3184,"correct_conditional",438,29.9758955471438,0.356648920675073
3185,"history_naive",14,9.72540754083171e+285,9.72540754083171e+285
3185,"practical_naive",NA,1.44947272748926,0.187222206549455
3185,"correct_conditional",NA,1.70952071398543,0.258084199926825
3186,"history_naive",15,9.71568213329092e+285,9.71568213329092e+285
3186,"practical_naive",NA,3.4236591420028,0.0666061203816552
3186,"correct_conditional",NA,1.82783198701564,0.0814772942940401
3187,"history_naive",14,7.30866567831478e+285,4.87244378554318e+285
3187,"practical_naive",NA,2.06077839171957,0.0621544015327289
3187,"correct_conditional",NA,1.33193524655244,0.12511300964699
3188,"history_naive",14,9.77418080072029e+285,9.77418080072029e+285
3188,"practical_naive",NA,1.04709388767575,0.239996907745391
3188,"correct_conditional",NA,1.2393079580274,0.58577860088893
3189,"history_naive",14,9.62858994375375e+285,9.62858994375375e+285
3189,"practical_naive",NA,2.96606618092622,0.102538826030933
3189,"correct_conditional",NA,3.46946192850901,0.987884997214289
3190,"history_naive",15,9.50416655759589e+285,9.50416655759589e+285
3190,"practical_naive",NA,1.32412898330785,0.164977577367645
3190,"correct_conditional",NA,2.34580187005597,0.244230865101126
3191,"history_naive",14,9.58054318369664e+285,9.58054318369664e+285
3191,"practical_naive",NA,1.98941409330482,0.233834876105908
3191,"correct_conditional",NA,1.00778076923077,0.130643329893953
3192,"history_naive",14,7.19259998776026e+285,4.79506665850684e+285
3192,"practical_naive",NA,1.1749581427149,0.380653197842614
3192,"correct_conditional",NA,5.16568595013636,1.8589822505986
3193,"history_naive",15,7.25040058675314e+285,4.83360039116876e+285
3193,"practical_naive",NA,1.10282361572653,0.21495450768743
3193,"correct_conditional",NA,1.30907860638858,0.653716701115193
3194,"history_naive",15,9.85272729376979e+285,9.85272729376979e+285
3194,"practical_naive",NA,1.28640937331896,0.877025723303244
3194,"correct_conditional",NA,1.22432600389347,1.22432600389347
3195,"history_naive",14,9.82319866021759e+285,9.82319866021759e+285
3195,"practical_naive",NA,1.06159069681196,0.138208320850576
3195,"correct_conditional",NA,1.01205661538462,0.294044360577358
3196,"history_naive",14,7.25765824499817e+285,4.83843882999878e+285
3196,"practical_naive",NA,1.05685175390125,0.283557026165343
3196,"correct_conditional",NA,1.46946153349357,0.447797443952981
3197,"history_naive",14,9.66720078233755e+285,9.66720078233755e+285
3197,"practical_naive",NA,1.0110376070051,0.222447934517945
3197,"correct_conditional",NA,1.21625153748732,0.324465529046277
3198,"history_naive",15,9.66720078233753e+285,9.66720078233753e+285
3198,"practical_naive",NA,1.15195317727794,0.799415529147479
3198,"correct_conditional",NA,1.48447648819783,1.42212623776905
3199,"history_naive",14,7.19979978754776e+285,4.79986652503184e+285
3199,"practical_naive",NA,1.04030084565921,0.273062803284343
3199,"correct_conditional",NA,1.06777508865507,0.217968219347017
3200,"history_naive",14,9.80356208609585e+285,9.80356208609585e+285
3200,"practical_naive",NA,1.03726202547963,0.241797749586315
3200,"correct_conditional",NA,1.08778739504995,0.426811166386898
3201,"history_naive",15,9.88234469069016e+285,9.88234469069016e+285
3201,"practical_naive",NA,1.38891185913378,0.471660782008914
3201,"correct_conditional",NA,1.34755527376178,0.0802436934949236
3202,"history_naive",14,9.66720078233752e+285,9.66720078233752e+285
3202,"practical_naive",NA,4.36933017734223,0.0700028530524466
3202,"correct_conditional",NA,2.5594852493246,0.361956025058764
3203,"history_naive",14,9.65753358155522e+285,9.65753358155522e+285
3203,"practical_naive",NA,1.01618094050018,0.23040959211593
3203,"correct_conditional",NA,1.82323895069331,0.696389748099165
3204,"history_naive",14,9.74488757108631e+285,9.74488757108631e+285
3204,"practical_naive",NA,5.11486910641995,0.188756716252518
3204,"correct_conditional",NA,6.15086344331879,0.457733015104506
3205,"history_naive",14,7.46384898102984e+285,4.97589932068656e+285
3205,"practical_naive",NA,6.71617622110202,2.07574327636549
3205,"correct_conditional",NA,1.1259585695645,0.149877692250865
3206,"history_naive",14,7.22867112894421e+285,4.81911408596281e+285
3206,"practical_naive",NA,2.69729252703156,0.153396245778163
3206,"correct_conditional",NA,2.61505508021153,1.0413222369787
3207,"history_naive",14,7.26492316816635e+285,4.8432821121109e+285
3207,"practical_naive",NA,6.84533936623255,0.24277009901071
3207,"correct_conditional",NA,4.13016059726292,0.67765236347847
3208,"history_naive",15,9.68656422422177e+285,9.68656422422177e+285
3208,"practical_naive",NA,1.99959373001184,0.148402838871618
3208,"correct_conditional",NA,3.41375209293704,0.315801565139938
3209,"history_naive",15,7.27219536352988e+285,4.84813024235325e+285
3209,"practical_naive",NA,1.42480520410333,0.508918163879224
3209,"correct_conditional",NA,1.43511662066185,1.15743572639344
3210,"history_naive",15,7.21422101535751e+285,4.80948067690501e+285
3210,"practical_naive",NA,1.59086111232603,0.481809444518951
3210,"correct_conditional",NA,1.09811492007305,0.524492012765023
3211,"history_naive",14,9.49466239103828e+285,9.49466239103828e+285
3211,"practical_naive",NA,3.27477483794164,0.16006961582077
3211,"correct_conditional",NA,5.95790203276166,1.98981348409638
3212,"history_naive",15,9.65753358155521e+285,9.65753358155521e+285
3212,"practical_naive",281,27.6451459385191,0.0750366881436234
3212,"correct_conditional",NA,3.36364986369192,0.0942176031644756
3213,"history_naive",14,9.78396476548576e+285,9.78396476548576e+285
3213,"practical_naive",247,63.504993979803,0.109714990227658
3213,"correct_conditional",283,40.8775689510961,0.0644990178580478
3214,"history_naive",14,7.19979978754778e+285,4.79986652503186e+285
3214,"practical_naive",NA,1.19226998882261,0.198550554455647
3214,"correct_conditional",NA,1.08982980356182,0.168037732497078
3215,"history_naive",14,9.59973305006376e+285,9.59973305006376e+285
3215,"practical_naive",NA,1.81238356807681,0.214537931190198
3215,"correct_conditional",NA,1.60045449271269,0.39497715298978
3216,"history_naive",14,9.86258988365342e+285,9.86258988365342e+285
3216,"practical_naive",NA,1.98844404892779,0.360707234094945
3216,"correct_conditional",NA,1.42040572708417,0.597934807532818
3217,"history_naive",14,9.90213906668446e+285,9.90213906668446e+285
3217,"practical_naive",NA,2.34150855937523,0.225989925500673
3217,"correct_conditional",NA,1.50231934726098,0.136845380429193
3218,"history_naive",15,7.0571635807564e+285,4.70477572050426e+285
3218,"practical_naive",NA,9.57447465949608,0.173077700882441
3218,"correct_conditional",NA,6.08134386206192,1.33116425605433
3219,"history_naive",14,9.77418080072032e+285,9.77418080072032e+285
3219,"practical_naive",NA,1.83482886450015,0.208318820811147
3219,"correct_conditional",NA,2.127113425395,0.532580194609975
3220,"history_naive",15,9.7448875710863e+285,9.7448875710863e+285
3220,"practical_naive",NA,1.33537223025481,0.207601054950874
3220,"correct_conditional",NA,5.44782191484598,2.82447555428889
3221,"history_naive",14,9.74488757108637e+285,9.74488757108637e+285
3221,"practical_naive",NA,1.37088881275408,0.217063250665323
3221,"correct_conditional",NA,1.44013717011729,0.392831454800559
3222,"history_naive",15,9.60934239245616e+285,9.60934239245616e+285
3222,"practical_naive",NA,5.92694616024916,2.2682503222645
3222,"correct_conditional",NA,3.42944525594074,0.356978569493358
3223,"history_naive",14,9.63822817192569e+285,9.63822817192569e+285
3223,"practical_naive",NA,1.24607188527943,0.209486945977002
3223,"correct_conditional",NA,1.57703292259284,0.538475167241258
3224,"history_naive",15,9.59013331701367e+285,9.59013331701367e+285
3224,"practical_naive",NA,1.20528124423747,0.255805250460911
3224,"correct_conditional",NA,1.04190659318054,0.174554767468152
3225,"history_naive",14,7.34531889300731e+285,4.89687926200488e+285
3225,"practical_naive",NA,1.53970139862219,0.223775510455069
3225,"correct_conditional",NA,1.50940718676759,0.586586887743387
3226,"history_naive",14,7.34531889300734e+285,4.89687926200489e+285
3226,"practical_naive",NA,1.03595789822598,0.263315663629265
3226,"correct_conditional",NA,1.42369838737845,0.335532557211408
3227,"history_naive",15,7.29405565562381e+285,4.86270377041588e+285
3227,"practical_naive",NA,1.26910761805474,0.202483537576028
3227,"correct_conditional",NA,2.78860706248915,1.4516986818082
3228,"history_naive",15,7.17822198038469e+285,4.78548132025646e+285
3228,"practical_naive",NA,1.67353958772907,0.167223953843215
3228,"correct_conditional",NA,2.36184545023244,0.177691425002282
3229,"history_naive",14,9.72540754083173e+285,9.72540754083173e+285
3229,"practical_naive",NA,1.26641344050965,0.227691815499399
3229,"correct_conditional",NA,1.48665694505908,0.482000483766134
3230,"history_naive",14,7.22867112894424e+285,4.81911408596283e+285
3230,"practical_naive",NA,1.06729080727992,0.24033343124814
3230,"correct_conditional",NA,1.04191408159998,0.458578294625173
3231,"history_naive",15,7.17822198038472e+285,4.78548132025648e+285
3231,"practical_naive",551,40.0135289063614,0.233875063513828
3231,"correct_conditional",NA,16.1040637252071,0.698544110467868
3232,"history_naive",14,7.21422101535746e+285,4.80948067690497e+285
3232,"practical_naive",NA,2.1206594393845,0.28725990449098
3232,"correct_conditional",NA,1.43957993913321,0.564020740164566
3233,"history_naive",15,9.83303169190953e+285,9.83303169190953e+285
3233,"practical_naive",NA,3.95724273693351,0.127616771701755
3233,"correct_conditional",NA,3.67769158448057,0.877799395106173
3234,"history_naive",14,7.4043467594996e+285,4.93623117299973e+285
3234,"practical_naive",NA,4.75519072416526,0.032375242812249
3234,"correct_conditional",NA,5.27594444621236,0.0238038542287428
3235,"history_naive",14,9.77418080072026e+285,9.77418080072026e+285
3235,"practical_naive",NA,1.1854192706815,0.216491495879274
3235,"correct_conditional",NA,1.38124907402478,0.952925312920573
3236,"history_naive",14,9.66720078233756e+285,9.66720078233756e+285
3236,"practical_naive",NA,1.22816999465469,0.220072322834182
3236,"correct_conditional",NA,1.0937014179046,0.221639940313311
3237,"history_naive",15,9.56139167787242e+285,9.56139167787242e+285
3237,"practical_naive",NA,1.70140191310399,0.194458845534704
3237,"correct_conditional",NA,4.884062518094,0.374470691898173
3238,"history_naive",14,7.20700679434216e+285,4.80467119622811e+285
3238,"practical_naive",NA,1.18049004161859,0.258274476846753
3238,"correct_conditional",NA,1.1751427004076,0.184404236840737
3239,"history_naive",14,9.93190499588902e+285,9.93190499588902e+285
3239,"practical_naive",NA,1.42803125014411,0.189405971142783
3239,"correct_conditional",NA,1.14180634647821,0.340486467173003
3240,"history_naive",14,9.53273617745243e+285,9.53273617745243e+285
3240,"practical_naive",NA,2.21745265680525,0.109648024699565
3240,"correct_conditional",NA,1.26161210523627,0.15247232686982
3241,"history_naive",15,9.69626048470646e+285,9.69626048470646e+285
3241,"practical_naive",NA,1.08195066484482,0.482617115462258
3241,"correct_conditional",NA,1.06466219007622,0.613394105401395
3242,"history_naive",14,7.25040058675317e+285,4.83360039116878e+285
3242,"practical_naive",NA,1.76056652397647,0.274768695191626
3242,"correct_conditional",NA,3.62126474998707,0.334183896211181
3243,"history_naive",15,9.77418080072026e+285,9.77418080072026e+285
3243,"practical_naive",NA,1.07924504140867,0.298334112341499
3243,"correct_conditional",NA,1.18286245753993,0.368472667680415
3244,"history_naive",14,9.78396476548576e+285,9.78396476548576e+285
3244,"practical_naive",NA,1.07797404493594,0.177561478729381
3244,"correct_conditional",NA,1.09836736598064,0.341367744363924
3245,"history_naive",14,7.41175851801763e+285,4.94117234534509e+285
3245,"practical_naive",NA,1.28070937783411,0.0329482083609728
3245,"correct_conditional",NA,5.42540809619649,0.961182076438144
3246,"history_naive",15,7.30135701263642e+285,4.86757134175761e+285
3246,"practical_naive",NA,1.16942513526756,0.226029561896612
3246,"correct_conditional",NA,1.00258583168968,0.20270609756262
3247,"history_naive",14,9.73514268351527e+285,9.73514268351527e+285
3247,"practical_naive",NA,1.15067039153569,0.299468069107867
3247,"correct_conditional",NA,1.75229539815616,0.571464960693945
3248,"history_naive",14,9.5613916778724e+285,9.5613916778724e+285
3248,"practical_naive",NA,1.3373870363452,0.218791514425209
3248,"correct_conditional",NA,1.33853404198581,0.498294043076279
3249,"history_naive",14,7.07837748515776e+285,4.71891832343851e+285
3249,"practical_naive",NA,2.34116633320764,0.413219341240784
3249,"correct_conditional",NA,7.36012378853379,4.20128639491146
3250,"history_naive",15,9.67687765999753e+285,9.67687765999753e+285
3250,"practical_naive",NA,2.89205517591261,0.0941756317873669
3250,"correct_conditional",NA,1.56647014380345,0.11551918250521
3251,"history_naive",15,7.2359070359802e+285,4.8239380239868e+285
3251,"practical_naive",NA,2.03830947825735,0.0982167265001213
3251,"correct_conditional",NA,2.43791859597926,0.0994453294270064
3252,"history_naive",14,9.55183028619456e+285,9.55183028619456e+285
3252,"practical_naive",NA,1.61794059227266,0.231509251289454
3252,"correct_conditional",NA,2.81933001646471,0.528202630622793
3253,"history_naive",14,9.71568213329098e+285,9.71568213329098e+285
3253,"practical_naive",NA,8.91992112698186,0.510627222506794
3253,"correct_conditional",NA,3.86708676394665,0.753918977420981
3254,"history_naive",14,9.79375852400973e+285,9.79375852400973e+285
3254,"practical_naive",NA,2.72693609202639,0.700638776979878
3254,"correct_conditional",NA,2.28566586793124,0.999165441085232
3255,"history_naive",15,9.63822817192569e+285,9.63822817192569e+285
3255,"practical_naive",NA,1.32278317630505,0.182880455004417
3255,"correct_conditional",NA,1.45704804069172,0.702686244937659
3256,"history_naive",14,9.68656422422177e+285,9.68656422422177e+285
3256,"practical_naive",NA,4.67629944551053,0.15120141415172
3256,"correct_conditional",NA,1.29003851331125,0.17321159254966
3257,"history_naive",14,9.64787604797363e+285,9.64787604797363e+285
3257,"practical_naive",NA,1.38010157420957,0.308463260727049
3257,"correct_conditional",NA,1.88259182340782,0.422513245291888
3258,"history_naive",14,9.69626048470647e+285,9.69626048470647e+285
3258,"practical_naive",NA,1.26594089561567,0.151436294469094
3258,"correct_conditional",NA,1.20776631830946,0.209785255541722
3259,"history_naive",15,9.62858994375373e+285,9.62858994375373e+285
3259,"practical_naive",NA,3.98249796840559,0.189571099262916
3259,"correct_conditional",NA,3.56349930289924,0.213273181363006
3260,"history_naive",15,7.25040058675313e+285,4.83360039116876e+285
3260,"practical_naive",NA,1.44452533905703,0.11761851394648
3260,"correct_conditional",NA,1.49396549957614,0.300884008049599
3261,"history_naive",14,9.64787604797364e+285,9.64787604797364e+285
3261,"practical_naive",NA,1.14525399057467,0.193472059273709
3261,"correct_conditional",NA,1.1996474033756,0.25910488880529
3262,"history_naive",14,9.89223692761772e+285,9.89223692761772e+285
3262,"practical_naive",NA,1.3478992347097,1.0939628577797
3262,"correct_conditional",NA,1.18267792437706,1.16372195060252
3263,"history_naive",14,7.44147981816984e+285,4.96098654544656e+285
3263,"practical_naive",NA,1.9804683015121,0.208096898954504
3263,"correct_conditional",NA,4.14991058142635,2.09614458652198
3264,"history_naive",15,7.26492316816629e+285,4.84328211211086e+285
3264,"practical_naive",NA,10.4482949213545,0.180457920067123
3264,"correct_conditional",NA,6.38330391317032,1.97953832624574
3265,"history_naive",15,9.62858994375375e+285,9.62858994375375e+285
3265,"practical_naive",NA,2.42732694469896,0.397572389760706
3265,"correct_conditional",NA,1.25899980541626,0.453761029982368
3266,"history_naive",15,9.59013331701368e+285,9.59013331701368e+285
3266,"practical_naive",NA,1.03589237756597,0.405412664324997
3266,"correct_conditional",NA,1.34575770118488,0.408798506836927
3267,"history_naive",14,7.25765824499818e+285,4.83843882999878e+285
3267,"practical_naive",NA,1.00810346375124,0.320942283230227
3267,"correct_conditional",NA,1.36942701966295,0.580788098589074
3268,"history_naive",14,9.74488757108632e+285,9.74488757108632e+285
3268,"practical_naive",NA,1.04775013351483,0.340195086648847
3268,"correct_conditional",NA,1.0983571212099,0.621585198111492
3269,"history_naive",14,9.63822817192567e+285,9.63822817192567e+285
3269,"practical_naive",NA,8.96874482897121,0.294680033304978
3269,"correct_conditional",NA,8.5602597746877,1.12907782817206
3270,"history_naive",14,9.86258988365346e+285,9.86258988365346e+285
3270,"practical_naive",NA,3.16092603376806,1.41047173620426
3270,"correct_conditional",NA,1.97536920810287,0.615453135337856
3271,"history_naive",15,7.10676192068897e+285,4.73784128045932e+285
3271,"practical_naive",NA,3.60040846697568,0.210514746670511
3271,"correct_conditional",NA,18.4818755111868,2.07367412247073
3272,"history_naive",15,9.7351426835153e+285,9.7351426835153e+285
3272,"practical_naive",NA,1.11875732555074,0.261905549663143
3272,"correct_conditional",NA,1.26844796408724,0.469288214973028
3273,"history_naive",15,9.68656422422178e+285,9.68656422422178e+285
3273,"practical_naive",NA,1.33565435599699,0.883489436755031
3273,"correct_conditional",NA,1.71375692668227,1.07414036780426
3274,"history_naive",14,9.67687765999753e+285,9.67687765999753e+285
3274,"practical_naive",NA,1.12762558850522,0.138738946583944
3274,"correct_conditional",NA,1.10745372424872,0.249045952785818
3275,"history_naive",14,9.70596645115757e+285,9.70596645115757e+285
3275,"practical_naive",NA,1.14337554465172,0.168885187115362
3275,"correct_conditional",NA,1.15977893309504,0.300843465746887
3276,"history_naive",14,9.53273617745243e+285,9.53273617745243e+285
3276,"practical_naive",NA,1.48557922360581,0.124136514611072
3276,"correct_conditional",NA,3.4636118930773,0.69632695375289
3277,"history_naive",15,7.23590703598026e+285,4.82393802398684e+285
3277,"practical_naive",NA,1.52594700585171,0.33676520002148
3277,"correct_conditional",NA,1.31344836901816,0.27113321899482
3278,"history_naive",15,9.91205111780226e+285,9.91205111780226e+285
3278,"practical_naive",NA,1,0.357358447035601
3278,"correct_conditional",NA,1.00219674008139,0.35398616616019
3279,"history_naive",15,9.60934239245618e+285,9.60934239245618e+285
3279,"practical_naive",NA,1.06464834364537,0.199755306767731
3279,"correct_conditional",NA,1.09292936448141,0.646655976256916
3280,"history_naive",14,7.35267156457193e+285,4.90178104304795e+285
3280,"practical_naive",NA,5.19022740091168,0.145682559463419
3280,"correct_conditional",NA,4.31173002679263,0.158726062385451
3281,"history_naive",14,9.7741808007203e+285,9.7741808007203e+285
3281,"practical_naive",NA,1.536160811976,0.234200628445795
3281,"correct_conditional",NA,1.06250850889307,0.173093836693591
3282,"history_naive",15,9.73514268351525e+285,9.73514268351525e+285
3282,"practical_naive",NA,1.08233755092255,0.226568631725449
3282,"correct_conditional",NA,1.01179480258728,0.145823231855916
3283,"history_naive",14,9.51368023783371e+285,9.51368023783371e+285
3283,"practical_naive",NA,2.15797612285543,0.0895686863449005
3283,"correct_conditional",NA,13.6518692933775,2.61909358442395
3284,"history_naive",14,7.30866567831476e+285,4.87244378554317e+285
3284,"practical_naive",NA,3.75478081207917,0.401166389315469
3284,"correct_conditional",NA,2.8072702849699,0.0943964107419474
3285,"history_naive",15,9.70596645115764e+285,9.70596645115764e+285
3285,"practical_naive",NA,1.69096622606373,0.061516335314523
3285,"correct_conditional",NA,2.03372663893386,0.105777378314264
3286,"history_naive",15,9.88234469069011e+285,9.88234469069011e+285
3286,"practical_naive",NA,1.41083831146575,1.08769574014082
3286,"correct_conditional",NA,1.8345588602681,1.8345588602681
3287,"history_naive",14,7.15670884193124e+285,4.77113922795416e+285
3287,"practical_naive",NA,2.44439398271418,0.15740696223072
3287,"correct_conditional",NA,1.08616587305923,0.0949630164202244
3288,"history_naive",14,9.85272729376982e+285,9.85272729376982e+285
3288,"practical_naive",NA,1.65611569359715,0.387625748331188
3288,"correct_conditional",NA,1.43271371293571,0.310335466401064
3289,"history_naive",14,9.4756825609186e+285,9.4756825609186e+285
3289,"practical_naive",NA,2.11697558754994,0.220263416408231
3289,"correct_conditional",NA,1.76715940712536,0.379012349132575
3290,"history_naive",14,7.26492316816632e+285,4.84328211211088e+285
3290,"practical_naive",NA,1.19796367595071,0.216252154801435
3290,"correct_conditional",NA,1.9232761113523,0.575827057853225
3291,"history_naive",15,9.94184684273178e+285,9.94184684273178e+285
3291,"practical_naive",NA,1.02555130408036,0.198227262274747
3291,"correct_conditional",NA,1.01824726196169,0.380075153047423
3292,"history_naive",14,9.75464221329968e+285,9.75464221329968e+285
3292,"practical_naive",NA,1.850816683405,0.13622311747673
3292,"correct_conditional",NA,1.26788153331689,0.411706012346702
3293,"history_naive",14,9.87246234599939e+285,9.87246234599939e+285
3293,"practical_naive",NA,1.62839076094144,0.258577338825651
3293,"correct_conditional",NA,1.42897961255479,0.202997041310417
3294,"history_naive",14,7.2649231681663e+285,4.84328211211086e+285
3294,"practical_naive",NA,1.30685447776942,0.341383699194875
3294,"correct_conditional",NA,1.23252725429371,0.398644168650423
3295,"history_naive",14,9.57096264051295e+285,9.57096264051295e+285
3295,"practical_naive",NA,1.63495448739407,0.0976751707271725
3295,"correct_conditional",NA,3.66092749444535,0.286655949813602
3296,"history_naive",14,9.5997330500637e+285,9.5997330500637e+285
3296,"practical_naive",NA,8.0636144802144,0.146433716300383
3296,"correct_conditional",NA,2.68016921447698,0.0252822473214671
3297,"history_naive",14,9.74488757108636e+285,9.74488757108636e+285
3297,"practical_naive",NA,2.05334952074074,0.34998093472993
3297,"correct_conditional",NA,1.55024975785484,0.164687442039927
3298,"history_naive",14,9.66720078233758e+285,9.66720078233758e+285
3298,"practical_naive",NA,1.84616224829143,0.178462139275602
3298,"correct_conditional",NA,1.25825323721157,0.397753151994086
3299,"history_naive",14,9.69626048470649e+285,9.69626048470649e+285
3299,"practical_naive",NA,1.05926013766885,0.278578214568889
3299,"correct_conditional",NA,1.14720027529427,0.653042242823749
3300,"history_naive",14,9.5997330500637e+285,9.5997330500637e+285
3300,"practical_naive",NA,4.73542722472637,0.25763142486347
3300,"correct_conditional",NA,3.12908156857082,0.587926012156352
3301,"history_naive",15,1.00017072605704e+286,1.00017072605704e+286
3301,"practical_naive",NA,1.54073595941629,0.152962035505621
3301,"correct_conditional",NA,1.37230833220406,0.717132137849225
3302,"history_naive",14,7.42660430001338e+285,4.95106953334226e+285
3302,"practical_naive",NA,1.58064978968399,0.120790259823799
3302,"correct_conditional",NA,1.93506369752026,0.254340151379037
3303,"history_naive",15,9.82319866021764e+285,9.82319866021764e+285
3303,"practical_naive",NA,1.00170833136095,0.230946030679021
3303,"correct_conditional",NA,1.07867941190264,0.448031256547196
3304,"history_naive",15,7.23590703598023e+285,4.82393802398682e+285
3304,"practical_naive",NA,3.2165073417076,0.384258000250862
3304,"correct_conditional",NA,1.05180334794871,0.0551911293050613
3305,"history_naive",14,7.33063560054023e+285,4.88709040036016e+285
3305,"practical_naive",NA,2.46889564305881,0.0916694409923214
3305,"correct_conditional",NA,3.14151516475094,0.031970134971654
3306,"history_naive",14,7.30135701263647e+285,4.86757134175764e+285
3306,"practical_naive",NA,1.30286966968587,0.214889993827378
3306,"correct_conditional",NA,1.01649992953559,0.253833454998734
3307,"history_naive",14,9.69626048470649e+285,9.69626048470649e+285
3307,"practical_naive",NA,1.66500066238611,0.0825844664661982
3307,"correct_conditional",NA,2.09181019506685,0.154628640187401
3308,"history_naive",14,9.89223692761778e+285,9.89223692761778e+285
3308,"practical_naive",NA,1.70802493913324,0.165509523824226
3308,"correct_conditional",NA,1.56744888996939,0.322211304294164
3309,"history_naive",15,9.4283988102302e+285,9.4283988102302e+285
3309,"practical_naive",NA,2.37457001060042,0.492406879726998
3309,"correct_conditional",NA,1.64272154377271,0.231471689318829
3310,"history_naive",14,7.25040058675317e+285,4.83360039116878e+285
3310,"practical_naive",NA,9.41980929882666,0.131336135356387
3310,"correct_conditional",NA,9.02645847497081,0.492968963112715
3311,"history_naive",14,9.6768776599975e+285,9.6768776599975e+285
3311,"practical_naive",NA,1.27399335646661,0.520695102786324
3311,"correct_conditional",NA,1.04027231592918,0.330131097426026
3312,"history_naive",14,7.16387271464593e+285,4.77591514309728e+285
3312,"practical_naive",NA,1.36024777010146,0.134177635202911
3312,"correct_conditional",NA,1.32657734802964,0.0841287034690996
3313,"history_naive",14,9.98171384775655e+285,9.98171384775655e+285
3313,"practical_naive",NA,1.09491919551239,0.159834020067869
3313,"correct_conditional",NA,1.23203709905494,0.16675440203488
3314,"history_naive",15,9.68656422422175e+285,9.68656422422175e+285
3314,"practical_naive",2314,28.542454037117,9.83579799579488
3314,"correct_conditional",NA,4.77994974373186,2.71244301700858
3315,"history_naive",14,9.78396476548582e+285,9.78396476548582e+285
3315,"practical_naive",NA,1.00056816191243,0.311788438367053
3315,"correct_conditional",NA,1.00155430769231,0.464952586059476
3316,"history_naive",14,7.25040058675317e+285,4.83360039116878e+285
3316,"practical_naive",NA,1.11251218345033,0.170994484520123
3316,"correct_conditional",NA,1.66906482580031,0.622431784582573
3317,"history_naive",15,9.68656422422176e+285,9.68656422422176e+285
3317,"practical_naive",NA,4.88691634808102,0.125277275884915
3317,"correct_conditional",NA,2.10539924450862,0.0948733085686917
3318,"history_naive",14,9.53273617745247e+285,9.53273617745247e+285
3318,"practical_naive",NA,1.0584143134246,0.266384910614449
3318,"correct_conditional",NA,1.07513429510788,0.352430396310134
3319,"history_naive",14,9.53273617745248e+285,9.53273617745248e+285
3319,"practical_naive",NA,1.27550097347283,0.255276443788293
3319,"correct_conditional",NA,1.13644774494698,0.428447753560516
3320,"history_naive",14,7.40434675949957e+285,4.93623117299971e+285
3320,"practical_naive",NA,1.48664454808205,0.0929020590936714
3320,"correct_conditional",NA,1.18146120276097,0.378526854107622
3321,"history_naive",14,7.36003159616805e+285,4.9066877307787e+285
3321,"practical_naive",NA,1.66279805040896,0.219065312941629
3321,"correct_conditional",NA,1.58717114498175,0.615112905960747
3322,"history_naive",14,9.84287456647604e+285,9.84287456647604e+285
3322,"practical_naive",NA,4.69954586440118,0.273067582902716
3322,"correct_conditional",NA,2.32804522911478,0.097658448204583
3323,"history_naive",14,7.2431501861664e+285,4.8287667907776e+285
3323,"practical_naive",NA,4.73543073826346,0.109680520144343
3323,"correct_conditional",NA,4.30038563084077,0.554349742876359
3324,"history_naive",15,7.36739899516324e+285,4.91159933010883e+285
3324,"practical_naive",NA,1.55675675892736,0.359228372468385
3324,"correct_conditional",NA,1.52606009029942,0.282257457103992
3325,"history_naive",14,7.30135701263646e+285,4.86757134175764e+285
3325,"practical_naive",NA,1.01440999883612,0.219792131657011
3325,"correct_conditional",NA,1.07099983267872,0.519991619768534
3326,"history_naive",15,9.80356208609584e+285,9.80356208609584e+285
3326,"practical_naive",NA,1.61550134195546,0.134600547603922
3326,"correct_conditional",NA,1.02113823320732,0.263312350299071
3327,"history_naive",14,9.8527272937698e+285,9.8527272937698e+285
3327,"practical_naive",NA,1.70180562250886,0.126551566128896
3327,"correct_conditional",NA,1.29313968546549,0.092695660156281
3328,"history_naive",15,7.33063560054017e+285,4.88709040036011e+285
3328,"practical_naive",NA,1.26021624027519,0.195250809229932
3328,"correct_conditional",NA,1.14209704028844,0.466844979390883
3329,"history_naive",14,7.23590703598022e+285,4.82393802398681e+285
3329,"practical_naive",NA,1.29628034497679,0.261544388867364
3329,"correct_conditional",NA,1.6385626974364,0.458216416612536
3330,"history_naive",14,7.28676159996816e+285,4.85784106664544e+285
3330,"practical_naive",NA,1.89816367372235,0.29476121948622
3330,"correct_conditional",NA,1.08343240307781,0.0991408262273572
3331,"history_naive",15,9.77418080072027e+285,9.77418080072027e+285
3331,"practical_naive",NA,2.37213903538653,0.265167370043771
3331,"correct_conditional",NA,1.43870443188325,0.0707238188788283
3332,"history_naive",14,7.28676159996816e+285,4.85784106664544e+285
3332,"practical_naive",NA,1.03035615794742,0.204036433966571
3332,"correct_conditional",NA,1.01328851133358,0.193518364956605
3333,"history_naive",14,9.48516772864725e+285,9.48516772864725e+285
3333,"practical_naive",NA,13.5970204190277,0.0803120692632444
3333,"correct_conditional",187,59.0373059621383,4.54017268570148
3334,"history_naive",15,7.16387271464589e+285,4.77591514309726e+285
3334,"practical_naive",NA,1.54485848221296,0.180822898944656
3334,"correct_conditional",NA,2.60359786816814,0.567743186047978
3335,"history_naive",14,9.60934239245622e+285,9.60934239245622e+285
3335,"practical_naive",NA,1.54578966666926,0.228230416354833
3335,"correct_conditional",NA,1.47690418146766,0.196863583324165
3336,"history_naive",14,9.72540754083175e+285,9.72540754083175e+285
3336,"practical_naive",NA,9.66752588702059,0.0929188349574068
3336,"correct_conditional",NA,3.70444715343395,0.0875023068715416
3337,"history_naive",14,9.82319866021765e+285,9.82319866021765e+285
3337,"practical_naive",NA,1.50373263944555,0.208191000801229
3337,"correct_conditional",NA,2.63839351077944,0.503856846426766
3338,"history_naive",14,7.25040058675314e+285,4.83360039116876e+285
3338,"practical_naive",NA,4.22017214253485,0.083901414852054
3338,"correct_conditional",NA,4.86503397297914,0.210692178042678
3339,"history_naive",15,7.36003159616808e+285,4.90668773077872e+285
3339,"practical_naive",NA,1.27867786872808,0.228608469615184
3339,"correct_conditional",NA,1.33485656643045,0.250938135373677
3340,"history_naive",15,9.76440661991954e+285,9.76440661991954e+285
3340,"practical_naive",NA,1.51099435479792,0.206485578223869
3340,"correct_conditional",NA,1.12965304397262,0.146243619761559
3341,"history_naive",14,9.54227845590832e+285,9.54227845590832e+285
3341,"practical_naive",NA,1.07840080597356,0.133717122931553
3341,"correct_conditional",NA,1.20430132841583,0.186902741362924
3342,"history_naive",15,7.22867112894422e+285,4.81911408596281e+285
3342,"practical_naive",NA,1.83604795483195,0.14729983667666
3342,"correct_conditional",NA,1.46839332794419,0.332500194707792
3343,"history_naive",14,9.88234469069016e+285,9.88234469069016e+285
3343,"practical_naive",NA,1.09196600909133,0.247880439684511
3343,"correct_conditional",NA,1.02137940417298,0.455554746130536
3344,"history_naive",14,9.70596645115766e+285,9.70596645115766e+285
3344,"practical_naive",NA,1.42314128030478,0.198070440647092
3344,"correct_conditional",NA,1.1505289559705,0.418614107935919
3345,"history_naive",14,7.3306356005402e+285,4.88709040036014e+285
3345,"practical_naive",NA,1.07733133919856,0.373196555452647
3345,"correct_conditional",NA,1.10581213104376,0.272865809932293
3346,"history_naive",14,9.61896135381001e+285,9.61896135381001e+285
3346,"practical_naive",NA,1,0.46369439594877
3346,"correct_conditional",NA,1.04474249509836,0.833400848478777
3347,"history_naive",14,7.23590703598026e+285,4.82393802398684e+285
3347,"practical_naive",NA,1.26057946388404,0.210265356643637
3347,"correct_conditional",NA,1.50708965374633,0.289100704187514
3348,"history_naive",14,9.82319866021765e+285,9.82319866021765e+285
3348,"practical_naive",NA,1.08902413908999,0.220729467533686
3348,"correct_conditional",NA,1.80396980799418,1.42432492654502
3349,"history_naive",15,9.78396476548577e+285,9.78396476548577e+285
3349,"practical_naive",NA,1.00699670118648,0.318794181546507
3349,"correct_conditional",NA,1.07780798253827,0.280007018884361
3350,"history_naive",14,9.79375852400979e+285,9.79375852400979e+285
3350,"practical_naive",NA,1.18055159311551,0.221913553965605
3350,"correct_conditional",NA,1.0763986590479,0.142965438336161
3351,"history_naive",14,7.30866567831478e+285,4.87244378554318e+285
3351,"practical_naive",NA,10.2153141614187,0.0518025063312555
3351,"correct_conditional",NA,8.95541925555869,0.478895381912773
3352,"history_naive",14,9.55183028619454e+285,9.55183028619454e+285
3352,"practical_naive",NA,1.15181165804931,0.169412129901438
3352,"correct_conditional",NA,1.54152503095453,0.59527561785767
3353,"history_naive",14,9.73514268351526e+285,9.73514268351526e+285
3353,"practical_naive",NA,1.55720163233299,0.219319376207139
3353,"correct_conditional",NA,1.88249302276002,0.479195763401009
3354,"history_naive",15,9.74488757108632e+285,9.74488757108632e+285
3354,"practical_naive",NA,1.8103107276398,0.0868424404202964
3354,"correct_conditional",NA,1.19595049912751,0.203180119924635
3355,"history_naive",14,7.25040058675317e+285,4.83360039116878e+285
3355,"practical_naive",NA,5.14274656658297,2.32848837837353
3355,"correct_conditional",NA,2.20611017206215,1.28282692537943
3356,"history_naive",15,9.89223692761776e+285,9.89223692761776e+285
3356,"practical_naive",NA,2.00498708917368,0.191629158025416
3356,"correct_conditional",NA,2.19688796031084,0.225988094652453
3357,"history_naive",15,9.83303169190956e+285,9.83303169190956e+285
3357,"practical_naive",NA,2.30208963993714,0.19308207243604
3357,"correct_conditional",NA,1.29153879463389,0.0811083511361631
3358,"history_naive",15,9.93190499588907e+285,9.93190499588907e+285
3358,"practical_naive",NA,1.37022199445802,0.249924643929615
3358,"correct_conditional",NA,1.14841826882652,0.193279750057918
3359,"history_naive",14,9.56139167787244e+285,9.56139167787244e+285
3359,"practical_naive",NA,1.69598832706084,0.206875946792364
3359,"correct_conditional",NA,2.30096040170282,0.744274538032715
3360,"history_naive",14,7.2794748383682e+285,4.8529832255788e+285
3360,"practical_naive",NA,1.33419317739838,0.0987757456630107
3360,"correct_conditional",NA,1.42960875869307,0.0973469402632598
3361,"history_naive",15,9.75464221329964e+285,9.75464221329964e+285
3361,"practical_naive",NA,1.0371606270105,0.215045283258831
3361,"correct_conditional",NA,1.08801573920292,0.418463377337463
3362,"history_naive",15,9.71568213329089e+285,9.71568213329089e+285
3362,"practical_naive",NA,1.12174895371288,0.224207938511439
3362,"correct_conditional",NA,1.16655508181051,0.195170807940265
3363,"history_naive",14,9.66720078233754e+285,9.66720078233754e+285
3363,"practical_naive",NA,1.56938606896916,0.156690408233038
3363,"correct_conditional",NA,1.49359559536189,0.818395356571034
3364,"history_naive",14,7.16387271464588e+285,4.77591514309725e+285
3364,"practical_naive",NA,1.93919375804097,0.116129341766541
3364,"correct_conditional",NA,1.32602871904706,0.254359668542593
3365,"history_naive",15,7.16387271464593e+285,4.77591514309728e+285
3365,"practical_naive",230,30.4349306627724,0.181381255514048
3365,"correct_conditional",NA,6.55219688409612,0.395223627160508
3366,"history_naive",14,9.68656422422171e+285,9.68656422422171e+285
3366,"practical_naive",NA,1.66989668857193,0.200520601232777
3366,"correct_conditional",NA,2.38994564956726,0.342864310361394
3367,"history_naive",15,9.59973305006374e+285,9.59973305006374e+285
3367,"practical_naive",NA,1.01185427007546,0.370020518155967
3367,"correct_conditional",NA,1.01718449782693,0.532298709924764
3368,"history_naive",14,7.20700679434213e+285,4.80467119622809e+285
3368,"practical_naive",NA,2.71948518865312,1.85881147548795
3368,"correct_conditional",NA,2.3649180343358,0.926083055130953
3369,"history_naive",15,9.9817138477566e+285,9.9817138477566e+285
3369,"practical_naive",NA,1.81752551296159,0.205442110517424
3369,"correct_conditional",NA,4.1410935132867,1.04686576921402
3370,"history_naive",14,9.9617604017749e+285,9.9617604017749e+285
3370,"practical_naive",NA,1.63228936408596,0.324503447840913
3370,"correct_conditional",NA,1.94740182446726,0.825280021967273
3371,"history_naive",14,9.7644066199196e+285,9.7644066199196e+285
3371,"practical_naive",NA,11.2450161819282,0.010328510137252
3371,"correct_conditional",NA,3.5862352839093,0.0353077942456477
3372,"history_naive",14,7.4563851320488e+285,4.97092342136586e+285
3372,"practical_naive",NA,2.25742249354245,0.199574499296764
3372,"correct_conditional",NA,2.22161328947005,1.0998225181692
3373,"history_naive",14,9.67687765999756e+285,9.67687765999756e+285
3373,"practical_naive",NA,1.50703438336198,0.133114733255189
3373,"correct_conditional",NA,1.53362848578433,0.526684953209422
3374,"history_naive",15,9.72540754083174e+285,9.72540754083174e+285
3374,"practical_naive",NA,1.31840480941223,0.193799169325566
3374,"correct_conditional",NA,1.12295292533082,0.146317125821391
3375,"history_naive",14,7.15670884193128e+285,4.77113922795418e+285
3375,"practical_naive",NA,4.12812968047445,0.327665873514523
3375,"correct_conditional",NA,2.20270091357007,0.332820910871165
3376,"history_naive",14,9.65753358155522e+285,9.65753358155522e+285
3376,"practical_naive",NA,3.00464669806736,0.18187266412564
3376,"correct_conditional",NA,3.15493154994426,0.315107884885415
3377,"history_naive",14,7.24315018616642e+285,4.82876679077762e+285
3377,"practical_naive",NA,2.84781823344442,1.65324080831211
3377,"correct_conditional",NA,1.31494988325189,0.656579369998479
3378,"history_naive",15,7.24315018616637e+285,4.82876679077758e+285
3378,"practical_naive",NA,1.10689162168629,0.160904468713116
3378,"correct_conditional",NA,1.19915337422343,0.324538025016862
3379,"history_naive",15,7.44147981816985e+285,4.96098654544657e+285
3379,"practical_naive",NA,1.50531794310808,0.0992915242204147
3379,"correct_conditional",NA,1.8574186410696,0.618544314705984
3380,"history_naive",14,9.86258988365348e+285,9.86258988365348e+285
3380,"practical_naive",NA,17.3877242023386,0.130217892437255
3380,"correct_conditional",NA,5.40755013848662,0.118120025305071
3381,"history_naive",14,7.26492316816634e+285,4.84328211211089e+285
3381,"practical_naive",NA,1.53983191166803,0.281190433206006
3381,"correct_conditional",NA,1.28289557683062,0.395481124405953
3382,"history_naive",14,9.5709626405129e+285,9.5709626405129e+285
3382,"practical_naive",NA,2.34860633783649,0.153083304292698
3382,"correct_conditional",NA,2.33862784443465,0.790399808242218
3383,"history_naive",14,9.56139167787243e+285,9.56139167787243e+285
3383,"practical_naive",NA,6.98284804131694,0.342566634775784
3383,"correct_conditional",NA,2.64223820105703,0.193544786812918
3384,"history_naive",14,9.80356208609589e+285,9.80356208609589e+285
3384,"practical_naive",NA,1.0117386872533,0.219276581183686
3384,"correct_conditional",NA,1,0.259707123035846
3385,"history_naive",14,9.69626048470648e+285,9.69626048470648e+285
3385,"practical_naive",NA,1.28731651119573,0.127696972855419
3385,"correct_conditional",NA,1.30006640150765,0.166321146021719
3386,"history_naive",14,9.70596645115764e+285,9.70596645115764e+285
3386,"practical_naive",NA,1.67526397959848,0.283440944674336
3386,"correct_conditional",NA,1.15761559026111,0.424441345240443
3387,"history_naive",15,9.82319866021763e+285,9.82319866021763e+285
3387,"practical_naive",NA,1.63050201883881,0.134505120456131
3387,"correct_conditional",NA,3.5073560155386,0.594044638820182
3388,"history_naive",14,9.63822817192568e+285,9.63822817192568e+285
3388,"practical_naive",NA,1.34675440419372,0.136660527086681
3388,"correct_conditional",NA,1.02337640075973,0.109971265322949
3389,"history_naive",14,9.64787604797368e+285,9.64787604797368e+285
3389,"practical_naive",NA,1.35027815277727,0.329658439484168
3389,"correct_conditional",NA,1.31956484229103,0.275376290734123
3390,"history_naive",15,9.92197309089311e+285,9.92197309089311e+285
3390,"practical_naive",NA,1.12273937830442,0.383653830125962
3390,"correct_conditional",NA,1.23754492601181,0.68598858204314
3391,"history_naive",15,7.33063560054022e+285,4.88709040036015e+285
3391,"practical_naive",NA,1.64192665404591,0.120589581999459
3391,"correct_conditional",NA,1.44948343558489,0.861626495823468
3392,"history_naive",14,9.59973305006373e+285,9.59973305006373e+285
3392,"practical_naive",NA,1.16048922792187,0.203766299832865
3392,"correct_conditional",NA,1.05980947904507,0.393188574322778
3393,"history_naive",15,7.41917769571331e+285,4.94611846380887e+285
3393,"practical_naive",NA,2.35980979519597,0.0997123507378601
3393,"correct_conditional",NA,1.83267443513943,0.140775544252363
3394,"history_naive",15,9.92197309089314e+285,9.92197309089314e+285
3394,"practical_naive",NA,1.00855824814816,0.249633636682663
3394,"correct_conditional",NA,1.03915799110509,0.45948167717085
3395,"history_naive",14,7.28676159996814e+285,4.85784106664543e+285
3395,"practical_naive",NA,2.75192547517414,0.247238066685529
3395,"correct_conditional",NA,2.04090215417037,0.0761793270251791
3396,"history_naive",14,7.18540738777245e+285,4.7902715918483e+285
3396,"practical_naive",NA,1.03386513801187,0.229866519856126
3396,"correct_conditional",NA,1.01092317554241,0.186753256406942
3397,"history_naive",14,9.8035620860959e+285,9.8035620860959e+285
3397,"practical_naive",NA,1.60771933145062,0.185030867745669
3397,"correct_conditional",NA,1.56309778446444,0.476225168495896
3398,"history_naive",14,9.67687765999755e+285,9.67687765999755e+285
3398,"practical_naive",2522,20.8035906124993,12.98744196851
3398,"correct_conditional",NA,5.55784359284153,2.882987533259
3399,"history_naive",14,9.62858994375374e+285,9.62858994375374e+285
3399,"practical_naive",NA,1.32611975277651,0.193548170603376
3399,"correct_conditional",NA,1.06408672670819,0.361740667245376
3400,"history_naive",14,9.70596645115762e+285,9.70596645115762e+285
3400,"practical_naive",NA,3.89376104599875,0.14368975750206
3400,"correct_conditional",NA,2.57599760546913,0.158840570602373
3401,"history_naive",15,9.73514268351524e+285,9.73514268351524e+285
3401,"practical_naive",NA,5.95162364205661,0.210269590543964
3401,"correct_conditional",NA,3.0029055520427,0.315020549089646
3402,"history_naive",14,9.69626048470648e+285,9.69626048470648e+285
3402,"practical_naive",NA,1.00608743366627,0.215184507891206
3402,"correct_conditional",NA,1.04323662509217,0.356307171235531
3403,"history_naive",14,9.7156821332909e+285,9.7156821332909e+285
3403,"practical_naive",NA,2.31895882660092,0.266933250740828
3403,"correct_conditional",NA,2.13765193800806,0.599860973418201
3404,"history_naive",14,9.86258988365347e+285,9.86258988365347e+285
3404,"practical_naive",NA,1.32005700705804,0.220631191134457
3404,"correct_conditional",NA,1.17414105376762,0.225402164262159
3405,"history_naive",14,7.15670884193126e+285,4.77113922795418e+285
3405,"practical_naive",NA,1.07353543249971,0.196027872779029
3405,"correct_conditional",NA,1.74110397703854,0.417814583684406
3406,"history_naive",14,7.33063560054019e+285,4.88709040036013e+285
3406,"practical_naive",NA,3.33946496735812,0.128257221485476
3406,"correct_conditional",NA,3.85631847810479,0.540085444687593
3407,"history_naive",14,9.54227845590833e+285,9.54227845590833e+285
3407,"practical_naive",NA,1.10938557091325,0.284947763598192
3407,"correct_conditional",NA,1.70061361908245,1.489171461283
3408,"history_naive",14,9.7937585240098e+285,9.7937585240098e+285
3408,"practical_naive",NA,2.11630768717906,0.134461735028649
3408,"correct_conditional",NA,3.32093058708733,0.898685252075841
3409,"history_naive",15,9.79375852400979e+285,9.79375852400979e+285
3409,"practical_naive",NA,10.3681723761997,0.778644610602738
3409,"correct_conditional",NA,6.83425705870203,1.8317278139918
3410,"history_naive",15,7.25040058675315e+285,4.83360039116877e+285
3410,"practical_naive",NA,3.06617908962736,0.330695235132295
3410,"correct_conditional",NA,5.53852552653791,2.38848482883209
3411,"history_naive",14,7.23590703598025e+285,4.82393802398684e+285
3411,"practical_naive",NA,3.4284081774583,0.0792763724677845
3411,"correct_conditional",NA,7.73795741127196,0.766494686627969
3412,"history_naive",15,9.59973305006371e+285,9.59973305006371e+285
3412,"practical_naive",NA,1.06263025874312,0.244457741496019
3412,"correct_conditional",NA,1.03168000050317,0.406076076828684
3413,"history_naive",14,7.33797357411434e+285,4.89198238274289e+285
3413,"practical_naive",NA,1.40548100098333,0.125403306445803
3413,"correct_conditional",NA,1.3691009425767,0.545695314833862
3414,"history_naive",14,9.75464221329966e+285,9.75464221329966e+285
3414,"practical_naive",NA,5.25288955000789,0.24251905264478
3414,"correct_conditional",NA,4.54997901417279,0.403931541836709
3415,"history_naive",14,9.70596645115765e+285,9.70596645115765e+285
3415,"practical_naive",187,59.0998736671056,1.46658793858902
3415,"correct_conditional",193,40.4352148199402,1.62687508458731
3416,"history_naive",14,9.57096264051292e+285,9.57096264051292e+285
3416,"practical_naive",NA,1.16630021442995,0.134950372723866
3416,"correct_conditional",NA,2.09413045193674,0.431406603627203
3417,"history_naive",15,9.59013331701373e+285,9.59013331701373e+285
3417,"practical_naive",392,31.4171643869228,0.0686320449566789
3417,"correct_conditional",313,88.6049176094673,26.2035511967055
3418,"history_naive",15,7.25765824499812e+285,4.83843882999875e+285
3418,"practical_naive",NA,2.23120116180175,0.145545236705064
3418,"correct_conditional",NA,1.66505051794753,0.724224531095091
3419,"history_naive",15,9.59013331701369e+285,9.59013331701369e+285
3419,"practical_naive",NA,1.22967806373819,0.134937883434522
3419,"correct_conditional",NA,1.07721728107766,0.369626805710571
3420,"history_naive",14,9.87246234599942e+285,9.87246234599942e+285
3420,"practical_naive",NA,1.28270372718446,0.134123283171519
3420,"correct_conditional",NA,1.9474693880323,0.17768721580011
3421,"history_naive",14,9.65753358155519e+285,9.65753358155519e+285
3421,"practical_naive",NA,3.45672027662175,0.0398649599972024
3421,"correct_conditional",NA,8.15486880951292,0.228368543236027
3422,"history_naive",14,9.5997330500637e+285,9.5997330500637e+285
3422,"practical_naive",NA,1.82781676361289,0.811080213002571
3422,"correct_conditional",NA,3.79414715577993,3.36752127655479
3423,"history_naive",14,9.95179864137311e+285,9.95179864137311e+285
3423,"practical_naive",NA,3.26500905524559,0.136249670498638
3423,"correct_conditional",NA,3.24891545308614,0.361782971667313
3424,"history_naive",14,7.15670884193127e+285,4.77113922795418e+285
3424,"practical_naive",NA,1.85258397174724,0.20613936732716
3424,"correct_conditional",NA,1.35335859779561,0.189612121554483
3425,"history_naive",14,9.68656422422175e+285,9.68656422422175e+285
3425,"practical_naive",NA,1.17761680232162,0.198939534497832
3425,"correct_conditional",NA,1.26501683345732,0.362241744064241
3426,"history_naive",15,9.77418080072027e+285,9.77418080072027e+285
3426,"practical_naive",NA,1.8403417611474,0.307469114953173
3426,"correct_conditional",NA,1.79231631206923,0.395874310087449
3427,"history_naive",14,9.55183028619453e+285,9.55183028619453e+285
3427,"practical_naive",NA,1.10301612446329,0.221138474817445
3427,"correct_conditional",NA,1.12256178613788,0.502715190285514
3428,"history_naive",14,9.85272729376974e+285,9.85272729376974e+285
3428,"practical_naive",NA,11.7889103648338,0.30218670490308
3428,"correct_conditional",1369,27.9520639691471,1.9894360859382
3429,"history_naive",14,7.09965515876829e+285,4.73310343917886e+285
3429,"practical_naive",NA,1.5957930790467,0.142816081201009
3429,"correct_conditional",NA,1.05421641702619,0.109292158998472
3430,"history_naive",15,7.17822198038471e+285,4.78548132025648e+285
3430,"practical_naive",NA,1.19340098928024,0.173345991213544
3430,"correct_conditional",NA,1.11642777665034,0.261845778915477
3431,"history_naive",14,7.35267156457195e+285,4.90178104304797e+285
3431,"practical_naive",NA,9.44093040402536,0.251100003457143
3431,"correct_conditional",NA,3.42807455322411,2.12131109962002
3432,"history_naive",14,7.2649231681663e+285,4.84328211211086e+285
3432,"practical_naive",NA,14.9564428314565,1.26493160343519
3432,"correct_conditional",NA,9.85956142764318,1.65846726362372
3433,"history_naive",14,7.23590703598023e+285,4.82393802398682e+285
3433,"practical_naive",NA,10.9193743160737,0.327308533900746
3433,"correct_conditional",NA,2.74397707156576,0.147223855723954
3434,"history_naive",14,9.67687765999752e+285,9.67687765999752e+285
3434,"practical_naive",NA,1.0848139020046,0.253802795893746
3434,"correct_conditional",NA,1.16190865677963,0.201959258481543
3435,"history_naive",14,9.6093423924562e+285,9.6093423924562e+285
3435,"practical_naive",NA,1.12099186734994,0.192226133034074
3435,"correct_conditional",NA,1.2792258803796,0.873997336990746
3436,"history_naive",15,9.66720078233754e+285,9.66720078233754e+285
3436,"practical_naive",NA,3.2828988902764,0.594073098332709
3436,"correct_conditional",NA,1.8014720153264,0.517279227128003
3437,"history_naive",14,7.30866567831476e+285,4.87244378554318e+285
3437,"practical_naive",NA,3.29947869480976,0.274681215747462
3437,"correct_conditional",NA,2.09055764608853,0.251076020019865
3438,"history_naive",14,9.67687765999753e+285,9.67687765999753e+285
3438,"practical_naive",NA,8.56017594128601,0.147448236499785
3438,"correct_conditional",NA,5.56138109760133,1.06354802783589
3439,"history_naive",15,9.79375852400975e+285,9.79375852400975e+285
3439,"practical_naive",NA,1.09939674757141,0.196164817361353
3439,"correct_conditional",NA,1.20792702096557,0.117523474085232
3440,"history_naive",14,7.41917769571332e+285,4.94611846380888e+285
3440,"practical_naive",NA,12.1141942287944,0.375794617483056
3440,"correct_conditional",NA,6.63663252266822,0.539338634334501
3441,"history_naive",14,7.25765824499817e+285,4.83843882999878e+285
3441,"practical_naive",NA,1.56476494595317,0.358091083984515
3441,"correct_conditional",NA,1.18405823928772,0.265764578846923
3442,"history_naive",14,9.68656422422175e+285,9.68656422422175e+285
3442,"practical_naive",NA,4.89013200486765,0.264884111147863
3442,"correct_conditional",NA,1.4400376419672,1.09642920934705
3443,"history_naive",14,9.7059664511576e+285,9.7059664511576e+285
3443,"practical_naive",NA,4.81138800587268,0.194674413192524
3443,"correct_conditional",NA,1.92120474494091,0.195411856610318
3444,"history_naive",15,9.95179864137316e+285,9.95179864137316e+285
3444,"practical_naive",NA,1.47518210933841,0.232555473496161
3444,"correct_conditional",NA,2.93014023548448,1.47167760123118
3445,"history_naive",14,9.523203441275e+285,9.523203441275e+285
3445,"practical_naive",NA,1.01870135623543,0.290341181750068
3445,"correct_conditional",NA,1.11333492009462,0.321409549215269
3446,"history_naive",14,9.75464221329961e+285,9.75464221329961e+285
3446,"practical_naive",NA,1.08165868080578,0.189698526302018
3446,"correct_conditional",NA,1.06778687814894,0.190148816842949
3447,"history_naive",14,9.72540754083173e+285,9.72540754083173e+285
3447,"practical_naive",NA,1.74302924701864,0.184251848631973
3447,"correct_conditional",NA,1.71924340269455,0.234988117010419
3448,"history_naive",14,9.75464221329968e+285,9.75464221329968e+285
3448,"practical_naive",NA,1.63234297155469,0.21037760375377
3448,"correct_conditional",NA,1.81077852554979,0.392523313678631
3449,"history_naive",14,7.19259998776027e+285,4.79506665850685e+285
3449,"practical_naive",NA,3.51230148909151,0.0882961444076181
3449,"correct_conditional",NA,4.3742807201717,0.149083266913744
3450,"history_naive",14,9.60934239245612e+285,9.60934239245612e+285
3450,"practical_naive",NA,1.68108499122248,0.171961374553023
3450,"correct_conditional",NA,1.0576535711751,0.219082634541121
3451,"history_naive",14,9.73514268351525e+285,9.73514268351525e+285
3451,"practical_naive",NA,1.06190869570031,0.2212826119966
3451,"correct_conditional",NA,2.83442696879724,0.950341133158204
3452,"history_naive",15,7.34531889300731e+285,4.89687926200488e+285
3452,"practical_naive",NA,13.1950959864939,13.1950959864939
3452,"correct_conditional",NA,5.62769749407818,5.62769749407818
3453,"history_naive",14,7.1854073877725e+285,4.79027159184834e+285
3453,"practical_naive",NA,1.23420251553217,0.202405266605579
3453,"correct_conditional",NA,1.12855063512102,0.314145745534762
3454,"history_naive",14,9.70596645115765e+285,9.70596645115765e+285
3454,"practical_naive",NA,4.33736336673073,0.193469347406613
3454,"correct_conditional",NA,2.68376259031521,0.29189067367199
3455,"history_naive",14,9.6672007823375e+285,9.6672007823375e+285
3455,"practical_naive",NA,1.37998956916168,0.28113314476467
3455,"correct_conditional",NA,1.67043294944715,0.856372965568317
3456,"history_naive",14,7.17822198038471e+285,4.78548132025648e+285
3456,"practical_naive",NA,1.02856916411693,0.116999430475895
3456,"correct_conditional",NA,1.01518677931106,0.244631124688298
3457,"history_naive",14,9.931904995889e+285,9.931904995889e+285
3457,"practical_naive",NA,1.01771592340137,0.207790726515517
3457,"correct_conditional",NA,1.12569711651592,0.4184140435377
3458,"history_naive",14,9.68656422422178e+285,9.68656422422178e+285
3458,"practical_naive",NA,2.39062864696972,0.0741278231932517
3458,"correct_conditional",NA,1.30661843019919,0.0694048242269262
3459,"history_naive",15,7.1925999877603e+285,4.79506665850687e+285
3459,"practical_naive",NA,4.05465524853247,0.310501584461169
3459,"correct_conditional",NA,2.45945351021197,0.570976374702005
3460,"history_naive",14,9.71568213329095e+285,9.71568213329095e+285
3460,"practical_naive",NA,1.66862338575709,0.72027284873371
3460,"correct_conditional",NA,1.89191181219226,1.12796907897189
3461,"history_naive",14,9.49466239103833e+285,9.49466239103833e+285
3461,"practical_naive",NA,1.76943392268108,0.143268126786541
3461,"correct_conditional",NA,2.96813862289489,0.36938121761333
3462,"history_naive",15,9.56139167787244e+285,9.56139167787244e+285
3462,"practical_naive",NA,1.26088928560392,0.211991532690452
3462,"correct_conditional",NA,1.87525126663986,0.474704291612088
3463,"history_naive",14,9.6672007823375e+285,9.6672007823375e+285
3463,"practical_naive",NA,1.20622290373757,0.342370740954852
3463,"correct_conditional",NA,1.53911354588812,0.615560048311152
3464,"history_naive",15,9.94184684273178e+285,9.94184684273178e+285
3464,"practical_naive",NA,1.61404974143971,0.273805467948082
3464,"correct_conditional",NA,1.47572810993375,0.702567674077234
3465,"history_naive",14,9.64787604797364e+285,9.64787604797364e+285
3465,"practical_naive",NA,1.65878986511658,0.23263901424612
3465,"correct_conditional",NA,2.12343147073065,0.304542989940663
3466,"history_naive",14,9.52320344127502e+285,9.52320344127502e+285
3466,"practical_naive",NA,1.9899965635517,0.294413033615911
3466,"correct_conditional",NA,2.71909909591389,1.2905956385484
3467,"history_naive",15,9.56139167787243e+285,9.56139167787243e+285
3467,"practical_naive",NA,1.23438404552691,0.298033002375054
3467,"correct_conditional",NA,1.26987192455364,0.15981126482945
3468,"history_naive",14,9.81337546155741e+285,9.81337546155741e+285
3468,"practical_naive",NA,1.58989774577821,0.214997147433499
3468,"correct_conditional",NA,1.08564031528683,0.191264934315261
3469,"history_naive",14,7.39694241274009e+285,4.93129494182673e+285
3469,"practical_naive",NA,1.34291998814094,0.526245193832047
3469,"correct_conditional",NA,1.42312898146826,0.556854181287795
3470,"history_naive",14,7.26492316816635e+285,4.8432821121109e+285
3470,"practical_naive",NA,2.28037475466582,0.208163253643075
3470,"correct_conditional",NA,1.18263265071399,0.222515600298468
3471,"history_naive",14,9.89223692761776e+285,9.89223692761776e+285
3471,"practical_naive",NA,3.11944105052859,0.259084024399239
3471,"correct_conditional",NA,2.81492897416855,0.293895363891259
3472,"history_naive",14,9.66720078233756e+285,9.66720078233756e+285
3472,"practical_naive",NA,1.20071457009735,0.234747922935546
3472,"correct_conditional",NA,1.20136738300975,0.571595645837544
3473,"history_naive",14,7.27219536352989e+285,4.84813024235326e+285
3473,"practical_naive",NA,1.00987557605515,0.200280076885187
3473,"correct_conditional",NA,1.59267018412325,0.555464476170506
3474,"history_naive",14,9.4283988102302e+285,9.4283988102302e+285
3474,"practical_naive",NA,1.26943351534717,0.179369875163264
3474,"correct_conditional",NA,1.48391722067361,0.373692037463389
3475,"history_naive",14,9.56139167787241e+285,9.56139167787241e+285
3475,"practical_naive",NA,6.49603292536637,0.137222285716237
3475,"correct_conditional",NA,1.12367829922507,0.0122934441718557
3476,"history_naive",15,7.18540738777246e+285,4.79027159184831e+285
3476,"practical_naive",NA,1.19550181356077,0.216633469789793
3476,"correct_conditional",NA,1.53297793369271,0.173795879372566
3477,"history_naive",15,7.4563851320488e+285,4.97092342136587e+285
3477,"practical_naive",NA,1.47411009239937,0.192445199203339
3477,"correct_conditional",NA,2.04002466634815,0.28208369402048
3478,"history_naive",14,7.41917769571331e+285,4.94611846380887e+285
3478,"practical_naive",NA,1.49499463534432,0.283261999060172
3478,"correct_conditional",NA,1.44429074954396,0.411021661005665
3479,"history_naive",14,9.5901333170137e+285,9.5901333170137e+285
3479,"practical_naive",NA,2.26510914864835,0.24712502376942
3479,"correct_conditional",NA,8.58230843111295,4.83663890097086
3480,"history_naive",14,9.59973305006374e+285,9.59973305006374e+285
3480,"practical_naive",NA,1.71979273920424,0.0836144491674957
3480,"correct_conditional",NA,1.9219401204992,0.175557574113288
3481,"history_naive",14,7.17104375840429e+285,4.78069583893619e+285
3481,"practical_naive",819,134.628873764786,2.82822546776604
3481,"correct_conditional",993,21.9612881297722,0.439432553929158
3482,"history_naive",14,9.75464221329962e+285,9.75464221329962e+285
3482,"practical_naive",NA,4.53352672826809,0.318283319170095
3482,"correct_conditional",NA,6.70720979699996,0.62981298490155
3483,"history_naive",14,9.66720078233753e+285,9.66720078233753e+285
3483,"practical_naive",NA,3.21109880607904,0.335348889431084
3483,"correct_conditional",NA,5.24572755184525,0.813200223872013
3484,"history_naive",15,7.27947483836822e+285,4.85298322557881e+285
3484,"practical_naive",NA,1.27909467811988,0.165713217373502
3484,"correct_conditional",NA,1.06375824626374,0.280808973555883
3485,"history_naive",14,7.34531889300733e+285,4.89687926200489e+285
3485,"practical_naive",NA,1.33858946352274,0.201240071820075
3485,"correct_conditional",NA,1.44183619984754,0.299735650912873
3486,"history_naive",14,7.33063560054026e+285,4.88709040036017e+285
3486,"practical_naive",NA,2.79829120036443,0.373891331862975
3486,"correct_conditional",NA,1.85828067807607,0.271696643843258
3487,"history_naive",14,9.75464221329968e+285,9.75464221329968e+285
3487,"practical_naive",NA,1.31274239108937,0.106474423966062
3487,"correct_conditional",NA,1.17351367983853,0.0347217660003102
3488,"history_naive",14,9.80356208609584e+285,9.80356208609584e+285
3488,"practical_naive",NA,1.91614798692643,0.244853100177222
3488,"correct_conditional",NA,2.06046919605138,0.771627886915869
3489,"history_naive",15,9.88234469069014e+285,9.88234469069014e+285
3489,"practical_naive",NA,1.12426535994686,0.218016580228081
3489,"correct_conditional",NA,1.47077969766764,0.530595850929296
3490,"history_naive",14,7.18540738777252e+285,4.79027159184835e+285
3490,"practical_naive",NA,1.40196149421459,0.120351153196169
3490,"correct_conditional",NA,1.30336280562863,0.0971466075383039
3491,"history_naive",14,7.2940556556238e+285,4.86270377041586e+285
3491,"practical_naive",NA,1.06489163974096,0.63104550260267
3491,"correct_conditional",NA,1.39489779343553,1.33365109448286
3492,"history_naive",14,9.7351426835152e+285,9.7351426835152e+285
3492,"practical_naive",NA,4.86638788876569,0.00805537746401367
3492,"correct_conditional",NA,1.81849299196625,0.0307691366633755
3493,"history_naive",14,9.59013331701365e+285,9.59013331701365e+285
3493,"practical_naive",NA,2.43107902715427,0.11009979774668
3493,"correct_conditional",NA,2.37922606326401,0.290996691885784
3494,"history_naive",14,9.59973305006371e+285,9.59973305006371e+285
3494,"practical_naive",NA,1.60001876374587,0.160855098438788
3494,"correct_conditional",NA,1.78536889930449,0.279945602644737
3495,"history_naive",15,7.18540738777247e+285,4.79027159184831e+285
3495,"practical_naive",NA,1.56102486479213,0.173993988368279
3495,"correct_conditional",NA,1.28772661181956,0.569284489815795
3496,"history_naive",14,7.31598165997472e+285,4.87732110664981e+285
3496,"practical_naive",NA,2.34491624743077,0.215598046276225
3496,"correct_conditional",NA,1.44614676001992,0.218444591631563
3497,"history_naive",14,9.7351426835152e+285,9.7351426835152e+285
3497,"practical_naive",NA,2.31173785099961,0.171531422914988
3497,"correct_conditional",NA,4.44404846005095,2.40539933180654
3498,"history_naive",15,9.71568213329092e+285,9.71568213329092e+285
3498,"practical_naive",NA,2.33945267762518,0.198263855438942
3498,"correct_conditional",NA,1.10978850670642,0.101305526222775
3499,"history_naive",14,9.7156821332909e+285,9.7156821332909e+285
3499,"practical_naive",774,84.5964917509397,2.61449015854958
3499,"correct_conditional",NA,12.8951398569407,4.48608324929417
3500,"history_naive",14,9.56139167787242e+285,9.56139167787242e+285
3500,"practical_naive",NA,1.16894512267905,0.913950763630131
3500,"correct_conditional",NA,8.2177409158302,8.13912494079368
3501,"history_naive",14,7.26492316816629e+285,4.84328211211086e+285
3501,"practical_naive",NA,1.07360746189745,0.205716445437591
3501,"correct_conditional",NA,1.11758653294443,0.643559972350102
3502,"history_naive",15,9.93190499588906e+285,9.93190499588906e+285
3502,"practical_naive",NA,7.98593494041977,0.123375910755988
3502,"correct_conditional",NA,2.96620525213741,0.0244370844352775
3503,"history_naive",15,7.36739899516324e+285,4.91159933010882e+285
3503,"practical_naive",NA,2.51987449718687,0.173288147917128
3503,"correct_conditional",NA,2.22596254065709,0.731372617518092
3504,"history_naive",14,9.73514268351522e+285,9.73514268351522e+285
3504,"practical_naive",NA,1.08353521042073,0.196646328007784
3504,"correct_conditional",NA,1.14183749022088,0.240561254014376
3505,"history_naive",14,9.72540754083172e+285,9.72540754083172e+285
3505,"practical_naive",NA,1.00815604389907,0.222828587886917
3505,"correct_conditional",NA,1.00562484058162,0.296680074486171
3506,"history_naive",14,9.65753358155524e+285,9.65753358155524e+285
3506,"practical_naive",NA,1.80355103603212,0.216543754848381
3506,"correct_conditional",NA,1.32068890877224,0.256126138072871
3507,"history_naive",15,9.8527272937698e+285,9.8527272937698e+285
3507,"practical_naive",NA,1.7016845072911,0.14973150900074
3507,"correct_conditional",NA,1.82459085100587,0.326346013737058
3508,"history_naive",14,9.69626048470643e+285,9.69626048470643e+285
3508,"practical_naive",NA,1.24507998331722,0.246989602715099
3508,"correct_conditional",NA,1.97780125396881,0.780786024282306
3509,"history_naive",14,9.76440661991954e+285,9.76440661991954e+285
3509,"practical_naive",NA,1.13536712963199,0.0931672009749538
3509,"correct_conditional",NA,1.0925671172228,0.139302198557125
3510,"history_naive",14,9.70596645115761e+285,9.70596645115761e+285
3510,"practical_naive",NA,9.70025015942382,0.128140989807839
3510,"correct_conditional",NA,4.68873431746346,0.101693593588254
3511,"history_naive",14,7.21422101535748e+285,4.80948067690499e+285
3511,"practical_naive",NA,4.84228380800084,0.240255851265263
3511,"correct_conditional",NA,12.1817497981257,4.07535984493914
3512,"history_naive",15,9.84287456647607e+285,9.84287456647607e+285
3512,"practical_naive",NA,2.01078766172913,0.164159946310103
3512,"correct_conditional",NA,2.16752493702483,0.445319542419716
3513,"history_naive",15,9.65753358155518e+285,9.65753358155518e+285
3513,"practical_naive",NA,2.16929612605294,0.210687039948388
3513,"correct_conditional",NA,6.0222692366229,3.03704089319964
3514,"history_naive",15,9.74488757108636e+285,9.74488757108636e+285
3514,"practical_naive",NA,12.2538804667583,0.350862455888185
3514,"correct_conditional",NA,11.5528472625249,0.100514951294386
3515,"history_naive",14,9.59013331701374e+285,9.59013331701374e+285
3515,"practical_naive",NA,1.22584210929943,0.183843197036434
3515,"correct_conditional",NA,1.2300067360175,0.197442926696668
3516,"history_naive",14,7.27947483836826e+285,4.85298322557884e+285
3516,"practical_naive",NA,14.2221591428636,5.43065086206419
3516,"correct_conditional",NA,6.68005305323402,1.75224134543773
3517,"history_naive",15,7.33063560054024e+285,4.88709040036016e+285
3517,"practical_naive",NA,1.18773742111013,0.200414462100035
3517,"correct_conditional",NA,1.09513444907227,0.477982428525323
3518,"history_naive",15,9.87246234599945e+285,9.87246234599945e+285
3518,"practical_naive",NA,4.05108481896223,1.6557040897652
3518,"correct_conditional",NA,1.29819588924949,0.131180067175553
3519,"history_naive",14,9.60934239245613e+285,9.60934239245613e+285
3519,"practical_naive",NA,1.98533488306631,0.191418063620603
3519,"correct_conditional",NA,1.30534240760401,0.34494558605471
3520,"history_naive",14,7.20700679434212e+285,4.80467119622808e+285
3520,"practical_naive",NA,1.33088328947771,0.131492018151313
3520,"correct_conditional",NA,1.27547569466295,0.252698617386421
3521,"history_naive",15,7.3233049649397e+285,4.8822033099598e+285
3521,"practical_naive",NA,1.88486324093018,0.239817449444027
3521,"correct_conditional",NA,1.43524808430409,0.397925562937763
3522,"history_naive",14,9.76440661991956e+285,9.76440661991956e+285
3522,"practical_naive",NA,1.63557099458198,0.199701867356579
3522,"correct_conditional",NA,2.44238739003428,0.592841850103612
3523,"history_naive",14,7.33797357411432e+285,4.89198238274288e+285
3523,"practical_naive",NA,4.98975239454007,0.193062464212687
3523,"correct_conditional",NA,4.52726620644892,0.148660254501673
3524,"history_naive",15,9.9219730908931e+285,9.9219730908931e+285
3524,"practical_naive",NA,1.80235554374224,0.158092404623256
3524,"correct_conditional",NA,1.54823075128031,0.22233276949629
3525,"history_naive",14,9.49466239103832e+285,9.49466239103832e+285
3525,"practical_naive",NA,2.12302720505325,0.277976047859281
3525,"correct_conditional",NA,1.71332532483082,0.367434616916069
3526,"history_naive",14,9.81337546155745e+285,9.81337546155745e+285
3526,"practical_naive",NA,1.03791279660212,0.248041353513367
3526,"correct_conditional",NA,1,0.303927102611289
3527,"history_naive",14,9.75464221329963e+285,9.75464221329963e+285
3527,"practical_naive",NA,1.36421946771521,0.300303184351339
3527,"correct_conditional",NA,1.08466526689072,0.285523973310124
3528,"history_naive",15,7.2431501861664e+285,4.8287667907776e+285
3528,"practical_naive",NA,14.259097072246,0.157927346348051
3528,"correct_conditional",NA,7.78772723182088,0.13914182347901
3529,"history_naive",15,9.77418080072029e+285,9.77418080072029e+285
3529,"practical_naive",NA,1.02321523513141,0.357260256723592
3529,"correct_conditional",NA,1.08938051386891,0.202617189229128
3530,"history_naive",14,9.47568256091867e+285,9.47568256091867e+285
3530,"practical_naive",NA,2.07554952693343,0.252915879350815
3530,"correct_conditional",NA,2.49408342181242,0.319896544383092
3531,"history_naive",14,7.21422101535747e+285,4.80948067690498e+285
3531,"practical_naive",NA,1.11269858136755,0.194592328098275
3531,"correct_conditional",NA,1.26783916088185,0.355540230624088
3532,"history_naive",15,9.44728393080788e+285,9.44728393080788e+285
3532,"practical_naive",NA,3.76846425548483,0.18542683916211
3532,"correct_conditional",NA,2.31736163688672,0.126525838147716
3533,"history_naive",15,9.65753358155523e+285,9.65753358155523e+285
3533,"practical_naive",NA,1.12683777319282,0.186928208625402
3533,"correct_conditional",NA,1.11552824464751,0.314103937158419
3534,"history_naive",15,9.70596645115763e+285,9.70596645115763e+285
3534,"practical_naive",NA,2.06733176979154,0.190560586544349
3534,"correct_conditional",NA,1.4420234853419,0.596145140863854
3535,"history_naive",14,7.33797357411434e+285,4.89198238274289e+285
3535,"practical_naive",NA,2.19413664647129,0.156907579673864
3535,"correct_conditional",NA,2.89588611346584,0.230579597678054
3536,"history_naive",15,7.2649231681663e+285,4.84328211211086e+285
3536,"practical_naive",NA,2.08265898223038,0.282487990266435
3536,"correct_conditional",NA,1.72992422296103,0.454669998100195
3537,"history_naive",14,7.38215592485706e+285,4.92143728323804e+285
3537,"practical_naive",NA,1.7570427236587,0.160935573467328
3537,"correct_conditional",NA,1.17740694631669,0.184109609839111
3538,"history_naive",15,9.61896135380998e+285,9.61896135380998e+285
3538,"practical_naive",NA,1.95684932894329,0.13522629779704
3538,"correct_conditional",NA,1.95609154865496,0.230122958027742
3539,"history_naive",14,9.88234469069017e+285,9.88234469069017e+285
3539,"practical_naive",NA,2.89720584242202,0.419957891895622
3539,"correct_conditional",NA,1.77808636613608,0.453473097319452
3540,"history_naive",14,9.66720078233753e+285,9.66720078233753e+285
3540,"practical_naive",NA,1.1414461860657,0.30710644787253
3540,"correct_conditional",NA,1.18834094135881,0.38242399103585
3541,"history_naive",15,9.64787604797364e+285,9.64787604797364e+285
3541,"practical_naive",NA,1.68876540354138,0.509316770567368
3541,"correct_conditional",NA,1.99235449199811,0.324746315848976
3542,"history_naive",14,9.67687765999756e+285,9.67687765999756e+285
3542,"practical_naive",NA,1.01071966622893,0.308335636169166
3542,"correct_conditional",NA,1.00761329272833,0.547606303207401
3543,"history_naive",15,9.79375852400975e+285,9.79375852400975e+285
3543,"practical_naive",NA,1.11317580694977,0.302484318589046
3543,"correct_conditional",NA,1,0.302742626186034
3544,"history_naive",14,9.60934239245612e+285,9.60934239245612e+285
3544,"practical_naive",NA,2.58781583278299,0.357453954250044
3544,"correct_conditional",NA,2.05380510458363,0.377915470809631
3545,"history_naive",14,9.66720078233756e+285,9.66720078233756e+285
3545,"practical_naive",NA,3.27567292633738,0.344242636755276
3545,"correct_conditional",NA,3.64310201742452,0.74305349227796
3546,"history_naive",15,7.09965515876826e+285,4.73310343917884e+285
3546,"practical_naive",NA,1.85924039415572,0.185155862421817
3546,"correct_conditional",NA,1.54661154226704,1.1533878239787
3547,"history_naive",15,7.25040058675315e+285,4.83360039116877e+285
3547,"practical_naive",NA,1.48236269477381,0.212240342646337
3547,"correct_conditional",NA,1.1152203087709,0.14527257022986
3548,"history_naive",14,9.70596645115768e+285,9.70596645115768e+285
3548,"practical_naive",NA,1.60414225575942,0.398894246893142
3548,"correct_conditional",NA,1.63761312178417,1.63761312178417
3549,"history_naive",15,7.43403833835167e+285,4.95602555890111e+285
3549,"practical_naive",NA,5.5365669451022,0.11613416955795
3549,"correct_conditional",NA,4.66976234919232,0.420541531221855
3550,"history_naive",14,9.64787604797362e+285,9.64787604797362e+285
3550,"practical_naive",NA,1.04999523849338,0.206942283558062
3550,"correct_conditional",NA,1.05418167279951,0.283275041761201
3551,"history_naive",15,9.85272729376976e+285,9.85272729376976e+285
3551,"practical_naive",NA,1.35955279229686,0.232314807274047
3551,"correct_conditional",NA,1.23025954012738,0.231234378733558
3552,"history_naive",15,9.60934239245613e+285,9.60934239245613e+285
3552,"practical_naive",1750,77.548703159377,1.23409585219862
3552,"correct_conditional",837,1294.89335648779,40.880020265963
3553,"history_naive",14,9.51368023783375e+285,9.51368023783375e+285
3553,"practical_naive",NA,1.22213942229874,0.387626560780772
3553,"correct_conditional",NA,1.03413921386342,0.126426184993755
3554,"history_naive",14,7.37477376893214e+285,4.91651584595476e+285
3554,"practical_naive",NA,1.11283483181614,0.149839854985212
3554,"correct_conditional",NA,1.11904342960417,0.425845963749688
3555,"history_naive",14,9.63822817192565e+285,9.63822817192565e+285
3555,"practical_naive",NA,1.00679466618156,0.23493491920584
3555,"correct_conditional",NA,1.16442340737499,0.543011978191382
3556,"history_naive",15,7.23590703598025e+285,4.82393802398683e+285
3556,"practical_naive",NA,1.26909058320893,0.104701401566248
3556,"correct_conditional",NA,1.21889891221324,0.0739078344886847
3557,"history_naive",14,9.40014188956752e+285,9.40014188956752e+285
3557,"practical_naive",NA,1.19676241024398,0.209805978713105
3557,"correct_conditional",NA,1.25496873641873,0.264304029914474
3558,"history_naive",14,9.83303169190952e+285,9.83303169190952e+285
3558,"practical_naive",NA,4.53844259178837,0.0880600393070204
3558,"correct_conditional",NA,2.4337711131459,0.275925264138453
3559,"history_naive",15,9.83303169190954e+285,9.83303169190954e+285
3559,"practical_naive",NA,2.2636457726712,0.143010083101621
3559,"correct_conditional",NA,1.37954742314998,0.055201963599338
3560,"history_naive",14,9.63822817192563e+285,9.63822817192563e+285
3560,"practical_naive",NA,6.42272131159916,0.741651941935909
3560,"correct_conditional",NA,2.53042241990658,0.508949998960183
3561,"history_naive",14,7.34531889300731e+285,4.89687926200487e+285
3561,"practical_naive",NA,1.1470112939395,0.213053668525457
3561,"correct_conditional",NA,1.19433536411617,0.44539619401519
3562,"history_naive",14,7.41917769571329e+285,4.94611846380886e+285
3562,"practical_naive",NA,1.01872989831556,0.223654217253535
3562,"correct_conditional",NA,2.30747085823733,0.640324175844971
3563,"history_naive",14,7.21422101535748e+285,4.80948067690499e+285
3563,"practical_naive",NA,1.34402995584387,0.240110915598487
3563,"correct_conditional",NA,1.22939071990506,0.239201771089263
3564,"history_naive",14,9.70596645115764e+285,9.70596645115764e+285
3564,"practical_naive",NA,1.8739769945629,0.254656398102122
3564,"correct_conditional",NA,2.51625685504908,0.868318389512114
3565,"history_naive",14,9.90213906668444e+285,9.90213906668444e+285
3565,"practical_naive",NA,1.65892813588781,0.510794040747306
3565,"correct_conditional",NA,4.653942923109,4.34334575085684
3566,"history_naive",14,9.58054318369664e+285,9.58054318369664e+285
3566,"practical_naive",NA,1.36969696382122,0.298886035392919
3566,"correct_conditional",NA,1.05663176961879,0.113029223512272
3567,"history_naive",14,7.25765824499814e+285,4.83843882999876e+285
3567,"practical_naive",NA,2.48450362336341,0.152361271741643
3567,"correct_conditional",NA,3.41279084056594,1.12175932833635
3568,"history_naive",14,7.17822198038471e+285,4.78548132025648e+285
3568,"practical_naive",NA,1.98824533894192,0.109653503513828
3568,"correct_conditional",NA,1.26388394492952,0.0356137169159327
3569,"history_naive",14,7.24315018616636e+285,4.82876679077758e+285
3569,"practical_naive",NA,1.36878788335582,0.303584091819111
3569,"correct_conditional",NA,2.09518596462303,1.13689094097419
3570,"history_naive",14,9.71568213329089e+285,9.71568213329089e+285
3570,"practical_naive",NA,1.13602990534145,0.196315743243582
3570,"correct_conditional",NA,1.20595203842669,0.196547853421437
3571,"history_naive",14,9.87246234599947e+285,9.87246234599947e+285
3571,"practical_naive",NA,1.20387845063982,0.369167319544309
3571,"correct_conditional",NA,1.61812110300147,0.948184136550405
3572,"history_naive",14,7.24315018616639e+285,4.82876679077759e+285
3572,"practical_naive",NA,1.54927257679439,0.152837693675944
3572,"correct_conditional",NA,1.19490769722964,0.349912999881782
3573,"history_naive",14,7.23590703598026e+285,4.82393802398684e+285
3573,"practical_naive",NA,1.46874418950508,0.173081068983324
3573,"correct_conditional",NA,2.16001444275787,0.384618258512493
3574,"history_naive",15,9.52320344127493e+285,9.52320344127493e+285
3574,"practical_naive",NA,1.2130883178605,0.189181699435448
3574,"correct_conditional",NA,1.33225687050804,0.150221432523247
3575,"history_naive",15,9.72540754083174e+285,9.72540754083174e+285
3575,"practical_naive",NA,1.0893925795446,0.223250752724491
3575,"correct_conditional",NA,1.05715240586794,0.295206866378975
3576,"history_naive",14,7.38215592485704e+285,4.92143728323803e+285
3576,"practical_naive",NA,1.02479672689668,0.194008844474193
3576,"correct_conditional",NA,1.14795052401692,0.44078784026836
3577,"history_naive",14,9.87246234599948e+285,9.87246234599948e+285
3577,"practical_naive",NA,1.88569633863683,0.31987795522181
3577,"correct_conditional",NA,7.00898286292194,1.84618570610627
3578,"history_naive",15,9.61896135380993e+285,9.61896135380993e+285
3578,"practical_naive",NA,1.00990554811748,0.272968124684489
3578,"correct_conditional",NA,1.04317849918944,0.298293120693381
3579,"history_naive",14,7.44892874691678e+285,4.96595249794452e+285
3579,"practical_naive",NA,4.78417843803085,0.0420747797899006
3579,"correct_conditional",NA,2.90170141920755,0.149807719049141
3580,"history_naive",15,9.59973305006369e+285,9.59973305006369e+285
3580,"practical_naive",NA,1.36494666477591,0.494612618599948
3580,"correct_conditional",NA,3.03884232189827,0.6944528486981
3581,"history_naive",14,7.11387579648546e+285,4.74258386432364e+285
3581,"practical_naive",NA,5.25989798808146,1.64274540197462
3581,"correct_conditional",NA,9.62895963517641,5.46929624258335
3582,"history_naive",14,7.41917769571329e+285,4.94611846380886e+285
3582,"practical_naive",NA,1.56153705245973,0.306107518745815
3582,"correct_conditional",NA,1.6554700238158,0.32486720398639
3583,"history_naive",15,9.60934239245621e+285,9.60934239245621e+285
3583,"practical_naive",NA,1.07694476231346,0.205148139408821
3583,"correct_conditional",NA,1.22196440746652,0.776660111828699
3584,"history_naive",15,9.66720078233752e+285,9.66720078233752e+285
3584,"practical_naive",221,36.874398813977,0.0386103859243236
3584,"correct_conditional",NA,17.2696317555083,0.107741818200501
3585,"history_naive",15,9.57096264051295e+285,9.57096264051295e+285
3585,"practical_naive",NA,1.09897419732844,0.23973863429922
3585,"correct_conditional",NA,1.22637051445385,0.897417064405365
3586,"history_naive",15,9.63822817192569e+285,9.63822817192569e+285
3586,"practical_naive",NA,1.17927397037894,0.281507326220521
3586,"correct_conditional",NA,1.1346420787616,0.30133784538629
3587,"history_naive",14,9.91205111780224e+285,9.91205111780224e+285
3587,"practical_naive",NA,1.36390278216658,0.138119363463942
3587,"correct_conditional",NA,2.52427331050777,0.411404605635071
3588,"history_naive",14,7.26492316816636e+285,4.84328211211091e+285
3588,"practical_naive",NA,1.27892135198162,0.241510200436398
3588,"correct_conditional",NA,1.24484012149844,0.191012026979039
3589,"history_naive",14,9.80356208609591e+285,9.80356208609591e+285
3589,"practical_naive",NA,1.46915978774101,0.212613954517042
3589,"correct_conditional",NA,1.73039441832267,0.681816323541169
3590,"history_naive",15,9.6478760479736e+285,9.6478760479736e+285
3590,"practical_naive",NA,1.20386489083738,0.339109992066527
3590,"correct_conditional",NA,1.08538005164544,0.484331892495735
3591,"history_naive",14,9.72540754083167e+285,9.72540754083167e+285
3591,"practical_naive",NA,1.79675834433915,0.180759423847269
3591,"correct_conditional",NA,1.0892812744332,0.116538388633161
3592,"history_naive",14,7.27219536352984e+285,4.84813024235323e+285
3592,"practical_naive",NA,1.48869151141433,0.219106929343884
3592,"correct_conditional",NA,1.95322543077267,1.59217755678617
3593,"history_naive",14,9.78396476548576e+285,9.78396476548576e+285
3593,"practical_naive",NA,1.03716432528042,0.706712928327349
3593,"correct_conditional",NA,1.03076896575347,0.333118565315389
3594,"history_naive",14,9.83303169190954e+285,9.83303169190954e+285
3594,"practical_naive",NA,1.18237462775804,0.246191869665736
3594,"correct_conditional",NA,1.06419932131673,0.409041684381289
3595,"history_naive",15,9.77418080072026e+285,9.77418080072026e+285
3595,"practical_naive",NA,1.49372394128705,0.156968314487834
3595,"correct_conditional",NA,1.77424800450514,0.510629330961203
3596,"history_naive",15,9.65753358155518e+285,9.65753358155518e+285
3596,"practical_naive",NA,2.0253471561345,0.178736482060298
3596,"correct_conditional",NA,2.56827296696549,0.412935691961532
3597,"history_naive",14,9.49466239103831e+285,9.49466239103831e+285
3597,"practical_naive",NA,1.09468594885742,0.21099257866543
3597,"correct_conditional",NA,1.28350293379678,0.308036254038606
3598,"history_naive",14,9.59973305006378e+285,9.59973305006378e+285
3598,"practical_naive",NA,1.46859208398,0.175450841328782
3598,"correct_conditional",NA,1.37134026494442,0.140666202274074
3599,"history_naive",15,7.27219536352987e+285,4.84813024235324e+285
3599,"practical_naive",NA,11.849221311828,0.170558878606504
3599,"correct_conditional",NA,7.30586749055101,0.321298954561293
3600,"history_naive",14,7.30135701263644e+285,4.86757134175763e+285
3600,"practical_naive",NA,1.0610543920269,0.258808302395718
3600,"correct_conditional",NA,1.72484389207836,0.622802769142197
3601,"history_naive",15,9.69626048470646e+285,9.69626048470646e+285
3601,"practical_naive",NA,2.60024774508633,0.174043457651698
3601,"correct_conditional",NA,3.23909888606004,0.275231343080263
3602,"history_naive",15,7.31598165997468e+285,4.87732110664979e+285
3602,"practical_naive",NA,2.22323804137696,0.127257244566234
3602,"correct_conditional",NA,6.72603726410091,0.288814281200489
3603,"history_naive",14,9.74488757108628e+285,9.74488757108628e+285
3603,"practical_naive",NA,2.04195301816465,0.502968737590407
3603,"correct_conditional",NA,1.64252081754654,0.0933988565375498
3604,"history_naive",14,9.76440661991961e+285,9.76440661991961e+285
3604,"practical_naive",NA,2.1264932210288,0.356340271396683
3604,"correct_conditional",NA,3.04409606756533,0.421295979059306
3605,"history_naive",14,9.55183028619458e+285,9.55183028619458e+285
3605,"practical_naive",NA,1.61536663474138,0.142325758020278
3605,"correct_conditional",NA,1.36927867144729,0.0995767323592018
3606,"history_naive",14,9.79375852400973e+285,9.79375852400973e+285
3606,"practical_naive",NA,9.80972039849341,0.527124377233353
3606,"correct_conditional",NA,9.52198320999443,3.27579452842688
3607,"history_naive",14,7.13526017837533e+285,4.75684011891689e+285
3607,"practical_naive",NA,1.04004100562821,0.184729461190118
3607,"correct_conditional",NA,1.28463481647129,0.361113888466457
3608,"history_naive",15,9.71568213329091e+285,9.71568213329091e+285
3608,"practical_naive",NA,1.26453487155103,0.140156347741938
3608,"correct_conditional",NA,1.69792609974339,0.411039549685281
3609,"history_naive",15,7.25765824499811e+285,4.83843882999874e+285
3609,"practical_naive",NA,1.15243622187288,0.384893555681925
3609,"correct_conditional",NA,1.20740519028536,0.874723900597306
3610,"history_naive",14,9.62858994375375e+285,9.62858994375375e+285
3610,"practical_naive",NA,1.15127610778921,0.939686780096934
3610,"correct_conditional",NA,1.05261333079842,0.753980673294783
3611,"history_naive",15,7.20700679434216e+285,4.80467119622811e+285
3611,"practical_naive",NA,14.7776031392977,5.40379864353961
3611,"correct_conditional",263,101.124526248157,2.34479640892505
3612,"history_naive",15,9.7351426835153e+285,9.7351426835153e+285
3612,"practical_naive",NA,1.05272870421104,0.196540404894819
3612,"correct_conditional",NA,1.15610751430089,0.526747506759579
3613,"history_naive",15,9.83303169190956e+285,9.83303169190956e+285
3613,"practical_naive",NA,2.29398666571947,0.375212845095768
3613,"correct_conditional",NA,1.55008038986545,0.316578578196944
3614,"history_naive",14,9.72540754083179e+285,9.72540754083179e+285
3614,"practical_naive",NA,1.26350826270294,0.188945814723309
3614,"correct_conditional",NA,1.34486130073105,0.499530602458101
3615,"history_naive",14,9.81337546155742e+285,9.81337546155742e+285
3615,"practical_naive",NA,1.83915220439999,0.11102222148091
3615,"correct_conditional",NA,1.60508478261681,0.285233098528098
3616,"history_naive",14,9.53273617745243e+285,9.53273617745243e+285
3616,"practical_naive",NA,1.01974994272574,0.210831162789516
3616,"correct_conditional",NA,1.08864725286829,0.40985500010006
3617,"history_naive",14,7.17822198038472e+285,4.78548132025648e+285
3617,"practical_naive",NA,1.577156267298,0.280151232147704
3617,"correct_conditional",NA,3.28757539565429,0.335126814976428
3618,"history_naive",14,9.7156821332909e+285,9.7156821332909e+285
3618,"practical_naive",NA,1.02231363023933,0.207184403463557
3618,"correct_conditional",NA,1.0317635476812,0.33529059441118
3619,"history_naive",14,9.70596645115764e+285,9.70596645115764e+285
3619,"practical_naive",NA,3.45031551541738,0.317713590452502
3619,"correct_conditional",NA,1.02106525894612,0.0768314693245508
3620,"history_naive",14,9.7059664511576e+285,9.7059664511576e+285
3620,"practical_naive",NA,1.7163977036942,0.178007033870496
3620,"correct_conditional",NA,1.87777831118102,0.379463168534544
3621,"history_naive",15,7.2214424578153e+285,4.81429497187687e+285
3621,"practical_naive",NA,1.3954199605676,0.336170222014725
3621,"correct_conditional",NA,1.65018708448801,0.537658843871103
3622,"history_naive",15,7.14240258095628e+285,4.76160172063752e+285
3622,"practical_naive",NA,1.69180745355614,0.120616145287467
3622,"correct_conditional",NA,1.22591527343003,0.263585565268898
3623,"history_naive",14,9.68656422422177e+285,9.68656422422177e+285
3623,"practical_naive",NA,8.39417860970308,0.0327277764138881
3623,"correct_conditional",NA,3.68616284455611,0.0822965691386179
3624,"history_naive",14,7.25765824499816e+285,4.83843882999877e+285
3624,"practical_naive",NA,1.48985179638439,0.237897276800672
3624,"correct_conditional",NA,1.28454245255808,0.654307664828813
3625,"history_naive",14,9.53273617745245e+285,9.53273617745245e+285
3625,"practical_naive",NA,1.10561291480527,0.471178736098252
3625,"correct_conditional",NA,1.07284493040135,0.513299336391991
3626,"history_naive",14,9.65753358155518e+285,9.65753358155518e+285
3626,"practical_naive",NA,8.25777069653313,0.199578847759159
3626,"correct_conditional",NA,4.84319669834215,0.555281856771634
3627,"history_naive",14,7.19259998776026e+285,4.79506665850684e+285
3627,"practical_naive",NA,1.29548124429065,0.188138771096697
3627,"correct_conditional",NA,4.10145116188907,1.05966196212478
3628,"history_naive",14,7.1854073877725e+285,4.79027159184834e+285
3628,"practical_naive",NA,7.88552287794112,0.00394383017176608
3628,"correct_conditional",NA,13.4690709638442,0.341365856281783
3629,"history_naive",14,9.58054318369663e+285,9.58054318369663e+285
3629,"practical_naive",NA,8.14140216193912,1.01461100760264
3629,"correct_conditional",NA,4.55495803288976,0.558892610246965
3630,"history_naive",15,9.63822817192571e+285,9.63822817192571e+285
3630,"practical_naive",NA,1.09937147414545,0.230504011645889
3630,"correct_conditional",NA,1.00582092307692,0.216265186708648
3631,"history_naive",14,9.76440661991954e+285,9.76440661991954e+285
3631,"practical_naive",NA,1.84537667473293,0.129516886638518
3631,"correct_conditional",NA,1.07242275064064,0.0951869997133554
3632,"history_naive",15,9.77418080072023e+285,9.77418080072023e+285
3632,"practical_naive",NA,2.66191080732993,0.18642065691619
3632,"correct_conditional",NA,3.9374390013725,0.571800249504009
3633,"history_naive",15,9.81337546155742e+285,9.81337546155742e+285
3633,"practical_naive",NA,1.00308291430873,0.213823847104412
3633,"correct_conditional",NA,1.15653776939188,0.285232324952975
3634,"history_naive",15,9.52320344127501e+285,9.52320344127501e+285
3634,"practical_naive",NA,3.47610485112235,0.310817082399062
3634,"correct_conditional",NA,1.91369597833034,0.37948469176776
3635,"history_naive",14,9.68656422422173e+285,9.68656422422173e+285
3635,"practical_naive",NA,1.05797387818849,0.0474275765510265
3635,"correct_conditional",NA,1.1710154147288,0.0918442346458088
3636,"history_naive",14,9.77418080072029e+285,9.77418080072029e+285
3636,"practical_naive",NA,1.79671318375592,0.505431711850974
3636,"correct_conditional",NA,2.40022462561852,0.374410945356059
3637,"history_naive",15,9.75464221329968e+285,9.75464221329968e+285
3637,"practical_naive",NA,4.31863735079386,0.220464116649082
3637,"correct_conditional",NA,2.20742446883462,0.300504902767593
3638,"history_naive",15,9.57096264051292e+285,9.57096264051292e+285
3638,"practical_naive",NA,1.29046094414861,0.137996479969026
3638,"correct_conditional",NA,1.35272125623366,0.461904112118914
3639,"history_naive",14,7.24315018616641e+285,4.82876679077761e+285
3639,"practical_naive",NA,3.03153898674967,0.076500865404494
3639,"correct_conditional",NA,1.28685593097303,0.15205360280006
3640,"history_naive",14,9.77418080072027e+285,9.77418080072027e+285
3640,"practical_naive",NA,1.61658183503049,1.33198810212362
3640,"correct_conditional",NA,2.31487981192232,0.936392653949802
3641,"history_naive",14,9.83303169190957e+285,9.83303169190957e+285
3641,"practical_naive",NA,1.1166435750643,0.342362965844737
3641,"correct_conditional",NA,2.22303739366526,2.22303739366526
3642,"history_naive",14,9.4662068783577e+285,9.4662068783577e+285
3642,"practical_naive",NA,8.67378978203163,4.74988923712462
3642,"correct_conditional",NA,1.5764666397986,0.0152738139894721
3643,"history_naive",14,7.25040058675311e+285,4.83360039116874e+285
3643,"practical_naive",NA,1.03202319084481,0.223288508818689
3643,"correct_conditional",NA,1.03132587566945,0.511882260729798
3644,"history_naive",14,9.63822817192564e+285,9.63822817192564e+285
3644,"practical_naive",NA,2.09979984567413,0.203585548914334
3644,"correct_conditional",NA,2.53794558642304,0.832572067093987
3645,"history_naive",14,9.72540754083174e+285,9.72540754083174e+285
3645,"practical_naive",NA,1.01876556050646,0.264688015540173
3645,"correct_conditional",NA,1.0069935935809,0.479851825655825
3646,"history_naive",15,7.25765824499818e+285,4.83843882999879e+285
3646,"practical_naive",NA,6.67033988795902,0.124407290707176
3646,"correct_conditional",NA,3.52256141692279,0.0408651816683915
3647,"history_naive",14,9.51368023783375e+285,9.51368023783375e+285
3647,"practical_naive",NA,1.72356161353537,0.164099256871925
3647,"correct_conditional",NA,2.50896829700001,0.94319115725028
3648,"history_naive",15,9.8527272937698e+285,9.8527272937698e+285
3648,"practical_naive",NA,1.33806423839572,0.117316127647466
3648,"correct_conditional",NA,1.00781341343722,0.160646185248588
3649,"history_naive",14,9.64787604797365e+285,9.64787604797365e+285
3649,"practical_naive",NA,6.07236941719881,0.193123353411876
3649,"correct_conditional",NA,3.90323268860479,0.233248681801275
3650,"history_naive",15,7.4043467594996e+285,4.93623117299973e+285
3650,"practical_naive",1031,71.7499670891392,0.865131772142536
3650,"correct_conditional",NA,9.74696505621314,0.140092029669227
3651,"history_naive",15,1.00518661732434e+286,1.00518661732434e+286
3651,"practical_naive",NA,1.96207137586522,0.217643046486276
3651,"correct_conditional",NA,1.21578288527795,0.0777853208249609
3652,"history_naive",14,9.54227845590837e+285,9.54227845590837e+285
3652,"practical_naive",NA,1.57778031497307,0.0504097849514984
3652,"correct_conditional",NA,1.71422462675325,0.108491282266859
3653,"history_naive",14,9.6093423924562e+285,9.6093423924562e+285
3653,"practical_naive",NA,13.9285497741472,0.0852539877876833
3653,"correct_conditional",NA,6.28236860858988,0.0832010601191168
3654,"history_naive",15,7.36739899516325e+285,4.91159933010883e+285
3654,"practical_naive",NA,9.26942497680803,0.507587421389602
3654,"correct_conditional",NA,5.28159372724058,0.735042126053647
3655,"history_naive",15,7.28676159996817e+285,4.85784106664544e+285
3655,"practical_naive",NA,1.25470903640715,0.109588083895781
3655,"correct_conditional",NA,1.1123473370759,0.069187082954563
3656,"history_naive",14,7.33063560054021e+285,4.88709040036014e+285
3656,"practical_naive",NA,1.0448653625299,0.206631149471675
3656,"correct_conditional",NA,1.01689831538272,0.541722122434914
3657,"history_naive",14,9.66720078233754e+285,9.66720078233754e+285
3657,"practical_naive",NA,3.0176094924963,0.45994680358369
3657,"correct_conditional",NA,2.15204220614177,0.697997257800787
3658,"history_naive",15,9.6672007823375e+285,9.6672007823375e+285
3658,"practical_naive",NA,2.09449162859859,0.138296528535404
3658,"correct_conditional",NA,2.22053586989618,0.19285460298784
3659,"history_naive",15,9.67687765999753e+285,9.67687765999753e+285
3659,"practical_naive",NA,1.66340953415055,0.210203594813377
3659,"correct_conditional",NA,1.43260175032694,0.564523476422843
3660,"history_naive",15,9.73514268351524e+285,9.73514268351524e+285
3660,"practical_naive",NA,1.81074919824286,0.0962164371047052
3660,"correct_conditional",NA,1.44724962556358,0.0967193435955595
3661,"history_naive",15,7.35267156457188e+285,4.90178104304792e+285
3661,"practical_naive",NA,2.81791541917189,0.0598207894102756
3661,"correct_conditional",NA,1.68915308328206,0.241364978278882
3662,"history_naive",14,9.61896135380997e+285,9.61896135380997e+285
3662,"practical_naive",NA,2.11597472730174,0.624001985658345
3662,"correct_conditional",NA,2.03554354999594,0.639183483031306
3663,"history_naive",14,9.80356208609591e+285,9.80356208609591e+285
3663,"practical_naive",NA,2.17566812061888,0.178489170972385
3663,"correct_conditional",NA,2.44127898432867,0.441299556707966
3664,"history_naive",14,9.76440661991959e+285,9.76440661991959e+285
3664,"practical_naive",NA,2.19175706152842,0.251255673492756
3664,"correct_conditional",NA,1.91867193452958,0.5465109208889
3665,"history_naive",15,9.81337546155742e+285,9.81337546155742e+285
3665,"practical_naive",NA,1.08788106828925,0.15390344585217
3665,"correct_conditional",NA,2.09996904501489,0.733768835232079
3666,"history_naive",14,9.52320344127498e+285,9.52320344127498e+285
3666,"practical_naive",NA,2.72947276131273,0.240967660864733
3666,"correct_conditional",NA,2.04643938892615,0.462413085204336
3667,"history_naive",14,7.09965515876831e+285,4.73310343917888e+285
3667,"practical_naive",NA,1.29274129730474,0.201754587704552
3667,"correct_conditional",NA,1.24109360915071,0.380883066655148
3668,"history_naive",14,7.23590703598027e+285,4.82393802398685e+285
3668,"practical_naive",NA,1.37924708321333,0.13902769802466
3668,"correct_conditional",NA,1.26867812195414,0.221032967701558
3669,"history_naive",14,9.7741808007203e+285,9.7741808007203e+285
3669,"practical_naive",NA,1.53115860690057,0.183241015991683
3669,"correct_conditional",NA,1.37713044465728,0.332301449882589
3670,"history_naive",14,9.78396476548576e+285,9.78396476548576e+285
3670,"practical_naive",NA,1.58499192983515,0.523557572891105
3670,"correct_conditional",NA,2.05184006660425,0.621642520596205
3671,"history_naive",14,9.74488757108628e+285,9.74488757108628e+285
3671,"practical_naive",NA,1.03758809324906,0.191744407485465
3671,"correct_conditional",NA,1.05398290779261,0.36351033591583
3672,"history_naive",15,9.75464221329965e+285,9.75464221329965e+285
3672,"practical_naive",NA,1.14905840822232,0.18168605846522
3672,"correct_conditional",NA,1.15103266641677,0.277050024241408
3673,"history_naive",15,7.12099679327872e+285,4.74733119551915e+285
3673,"practical_naive",NA,1.52273446095264,0.44408767445936
3673,"correct_conditional",NA,1.31268451042425,0.29557963925099
3674,"history_naive",15,9.95179864137313e+285,9.95179864137313e+285
3674,"practical_naive",NA,10.6338323203242,0.104822141815129
3674,"correct_conditional",NA,2.53229051574536,0.144512867464466
3675,"history_naive",15,9.77418080072028e+285,9.77418080072028e+285
3675,"practical_naive",NA,1.2190481584936,0.278236428094173
3675,"correct_conditional",NA,1.01841117889091,0.313787576048368
3676,"history_naive",14,9.63822817192568e+285,9.63822817192568e+285
3676,"practical_naive",NA,1.2084528132089,0.174959387894894
3676,"correct_conditional",NA,1.41532954102032,0.535744513604421
3677,"history_naive",14,9.72540754083178e+285,9.72540754083178e+285
3677,"practical_naive",NA,1.00948993289635,0.276023794284795
3677,"correct_conditional",NA,1.40598587971029,0.324146397832598
3678,"history_naive",14,7.2940556556238e+285,4.86270377041587e+285
3678,"practical_naive",NA,2.95947039530837,0.136603517955768
3678,"correct_conditional",NA,1.23482599621724,0.234219667969568
3679,"history_naive",14,7.19259998776021e+285,4.79506665850681e+285
3679,"practical_naive",NA,1.11530950689583,0.227367117627711
3679,"correct_conditional",NA,1.07834264167441,0.304918173827135
3680,"history_naive",14,9.60934239245621e+285,9.60934239245621e+285
3680,"practical_naive",NA,1.09603681527189,0.138739753680752
3680,"correct_conditional",NA,1.07952573038786,0.327160663603222
3681,"history_naive",15,7.19259998776026e+285,4.79506665850684e+285
3681,"practical_naive",NA,1.000561692271,0.218251174200629
3681,"correct_conditional",NA,1.03813801147481,0.363450576439646
3682,"history_naive",14,9.55183028619455e+285,9.55183028619455e+285
3682,"practical_naive",NA,1.24845495417814,0.216233245954356
3682,"correct_conditional",NA,1.09205106551466,0.216336079650847
3683,"history_naive",15,9.7254075408317e+285,9.7254075408317e+285
3683,"practical_naive",NA,1.38510026127237,0.223583775985158
3683,"correct_conditional",NA,1.15228017968561,0.262595272017661
3684,"history_naive",15,9.54227845590835e+285,9.54227845590835e+285
3684,"practical_naive",NA,1.1664942432578,0.185347365704687
3684,"correct_conditional",NA,1.09351904315384,0.236316306974929
3685,"history_naive",14,9.82319866021766e+285,9.82319866021766e+285
3685,"practical_naive",NA,1.04886176365154,0.206003178710601
3685,"correct_conditional",NA,1.08835058217705,0.444598317682194
3686,"history_naive",14,9.81337546155741e+285,9.81337546155741e+285
3686,"practical_naive",NA,1.47949080660138,0.0647971599232056
3686,"correct_conditional",NA,1.30225661697363,0.215636362007643
3687,"history_naive",14,9.69626048470648e+285,9.69626048470648e+285
3687,"practical_naive",NA,1.39042412795517,0.143614428985838
3687,"correct_conditional",NA,1.26177457409956,0.633402537640181
3688,"history_naive",15,9.55183028619456e+285,9.55183028619456e+285
3688,"practical_naive",NA,3.24874150924806,0.435781371543277
3688,"correct_conditional",NA,3.38618793193409,1.07314196231184
3689,"history_naive",14,7.41917769571333e+285,4.94611846380889e+285
3689,"practical_naive",NA,1.09849380280827,0.217434550555407
3689,"correct_conditional",NA,1.00265629790184,0.189401848164633
3690,"history_naive",14,9.68656422422169e+285,9.68656422422169e+285
3690,"practical_naive",NA,1.02581313894134,0.290002501512277
3690,"correct_conditional",NA,1.59531509310186,1.19375012309983
3691,"history_naive",15,9.60934239245619e+285,9.60934239245619e+285
3691,"practical_naive",NA,3.93535332315981,0.554655367192338
3691,"correct_conditional",NA,5.42985793354338,2.79654723644181
3692,"history_naive",14,7.37477376893218e+285,4.91651584595479e+285
3692,"practical_naive",NA,2.75559949127403,0.659529627844994
3692,"correct_conditional",NA,2.10808152218657,0.0351055155989748
3693,"history_naive",15,9.65753358155518e+285,9.65753358155518e+285
3693,"practical_naive",NA,1.01232963790532,0.220125170052774
3693,"correct_conditional",NA,1.01500358974359,0.42276395808043
3694,"history_naive",14,9.78396476548578e+285,9.78396476548578e+285
3694,"practical_naive",NA,1.39554878207658,0.19763069272834
3694,"correct_conditional",NA,1.31780812585327,0.49513067993307
3695,"history_naive",14,9.67687765999753e+285,9.67687765999753e+285
3695,"practical_naive",NA,5.52635932953224,0.061432362662096
3695,"correct_conditional",NA,4.4549069775995,0.0815919060174461
3696,"history_naive",14,9.7156821332909e+285,9.7156821332909e+285
3696,"practical_naive",NA,1.16073557223926,0.380805619209486
3696,"correct_conditional",NA,3.3904533709142,1.94058339386665
3697,"history_naive",15,7.33797357411433e+285,4.89198238274289e+285
3697,"practical_naive",NA,1.11021742072719,0.129753258675186
3697,"correct_conditional",NA,2.25073862356141,0.654389646926772
3698,"history_naive",14,7.36003159616807e+285,4.90668773077871e+285
3698,"practical_naive",NA,1.07183037091525,0.216648291683442
3698,"correct_conditional",NA,1.19523255787642,0.378776379091504
3699,"history_naive",14,7.22867112894424e+285,4.81911408596283e+285
3699,"practical_naive",NA,1.07291223666034,0.218897321787381
3699,"correct_conditional",NA,1.16576820222517,0.600837129161403
3700,"history_naive",14,9.69626048470655e+285,9.69626048470655e+285
3700,"practical_naive",NA,1.4161668562978,0.177733456219451
3700,"correct_conditional",NA,1.57731159279129,0.438314377123472
3701,"history_naive",14,9.47568256091858e+285,9.47568256091858e+285
3701,"practical_naive",NA,1.87721074807352,0.608212318619649
3701,"correct_conditional",NA,2.03465217316292,0.300482737615477
3702,"history_naive",14,9.60934239245614e+285,9.60934239245614e+285
3702,"practical_naive",NA,1.27738299603187,0.19729929726246
3702,"correct_conditional",NA,1.87953238218025,1.13453826373634
3703,"history_naive",15,9.59973305006377e+285,9.59973305006377e+285
3703,"practical_naive",NA,3.02287851911351,0.362281169789553
3703,"correct_conditional",NA,2.58787660975646,0.394912687834558
3704,"history_naive",14,9.68656422422178e+285,9.68656422422178e+285
3704,"practical_naive",NA,1.95974258886724,0.327121678107641
3704,"correct_conditional",NA,5.86047501534229,2.38553097356013
3705,"history_naive",14,9.61896135380998e+285,9.61896135380998e+285
3705,"practical_naive",NA,3.80523462169144,0.274104453155578
3705,"correct_conditional",NA,1.55873510023401,0.3272187314816
3706,"history_naive",15,9.71568213329091e+285,9.71568213329091e+285
3706,"practical_naive",NA,1.23699763838147,0.643663876718622
3706,"correct_conditional",NA,1.2014538912902,0.0608333087297883
3707,"history_naive",14,9.71568213329097e+285,9.71568213329097e+285
3707,"practical_naive",NA,1.29627079800181,0.270103472965551
3707,"correct_conditional",NA,1.63025741628289,0.266595228530816
3708,"history_naive",14,7.25765824499813e+285,4.83843882999876e+285
3708,"practical_naive",NA,1.03293918566805,0.246543473312485
3708,"correct_conditional",NA,1.07443715268124,0.573027087555379
3709,"history_naive",15,9.75464221329966e+285,9.75464221329966e+285
3709,"practical_naive",NA,1.16858649913009,0.104531021020138
3709,"correct_conditional",NA,1.15606168071618,0.122054281797689
3710,"history_naive",14,7.19979978754778e+285,4.79986652503185e+285
3710,"practical_naive",NA,1.16754056491787,0.15682910405835
3710,"correct_conditional",NA,1.43619162694963,0.466849937729293
3711,"history_naive",14,9.63822817192571e+285,9.63822817192571e+285
3711,"practical_naive",NA,2.67000378403887,0.0716473571416782
3711,"correct_conditional",NA,1.58499515220611,0.437357618915264
3712,"history_naive",14,9.6768776599975e+285,9.6768776599975e+285
3712,"practical_naive",NA,1.12005710025279,0.243470227957116
3712,"correct_conditional",NA,1.10066105827049,0.378457405801686
3713,"history_naive",14,9.51368023783378e+285,9.51368023783378e+285
3713,"practical_naive",NA,1.47280259234862,0.176343926321475
3713,"correct_conditional",NA,1.68988315686977,0.611324750456246
3714,"history_naive",14,9.74488757108634e+285,9.74488757108634e+285
3714,"practical_naive",NA,1.24604021587013,0.271915027901465
3714,"correct_conditional",NA,1.29951245008917,0.226602363647751
3715,"history_naive",14,7.27219536352984e+285,4.84813024235322e+285
3715,"practical_naive",NA,2.28434706299946,0.113027383418371
3715,"correct_conditional",NA,1.64544024437042,0.156270532370799
3716,"history_naive",14,9.82319866021761e+285,9.82319866021761e+285
3716,"practical_naive",NA,1.0367140203517,0.202873980995448
3716,"correct_conditional",NA,1.00528151864068,0.269287105097094
3717,"history_naive",15,9.64787604797367e+285,9.64787604797367e+285
3717,"practical_naive",NA,5.05767068002162,1.16865932914858
3717,"correct_conditional",NA,2.12764262574309,0.311464053876804
3718,"history_naive",14,9.72540754083174e+285,9.72540754083174e+285
3718,"practical_naive",NA,1.83082451355212,0.233367960806527
3718,"correct_conditional",NA,1.42582750726878,0.342087248842532
3719,"history_naive",14,9.59973305006372e+285,9.59973305006372e+285
3719,"practical_naive",NA,5.07611375893104,0.0283799250293347
3719,"correct_conditional",NA,2.72179261456272,0.0339485134609905
3720,"history_naive",14,9.85272729376976e+285,9.85272729376976e+285
3720,"practical_naive",NA,8.43067521310014,0.237998148918901
3720,"correct_conditional",NA,2.79650263707015,0.189952204486357
3721,"history_naive",14,9.70596645115761e+285,9.70596645115761e+285
3721,"practical_naive",NA,1.335614765461,0.472319648658908
3721,"correct_conditional",NA,2.44312123765722,1.08661266178194
3722,"history_naive",14,9.79375852400972e+285,9.79375852400972e+285
3722,"practical_naive",NA,1.17869532320653,0.418808150466298
3722,"correct_conditional",NA,1.04307469568494,0.510342511176034
3723,"history_naive",14,9.8724623459995e+285,9.8724623459995e+285
3723,"practical_naive",NA,3.2469458643618,0.124198542155948
3723,"correct_conditional",NA,8.14721115928849,0.241804520162307
3724,"history_naive",14,9.77418080072033e+285,9.77418080072033e+285
3724,"practical_naive",NA,1.15462124541454,0.529250841257604
3724,"correct_conditional",NA,2.90915441847792,1.5562525875426
3725,"history_naive",15,9.66720078233756e+285,9.66720078233756e+285
3725,"practical_naive",NA,1.00742742153846,0.179976585805245
3725,"correct_conditional",NA,1.08403076136865,0.481388961341129
3726,"history_naive",14,7.22144245781528e+285,4.81429497187685e+285
3726,"practical_naive",NA,3.03050120185882,1.23782783292473
3726,"correct_conditional",NA,5.66234152769596,1.17838556492706
3727,"history_naive",15,9.69626048470648e+285,9.69626048470648e+285
3727,"practical_naive",NA,1.00933111772163,0.579138051369752
3727,"correct_conditional",NA,1.21543012218887,0.581281614607615
3728,"history_naive",14,9.67687765999752e+285,9.67687765999752e+285
3728,"practical_naive",NA,1.64135593997228,0.135505020124049
3728,"correct_conditional",NA,1.73065898174595,0.657021471107598
3729,"history_naive",14,9.72540754083174e+285,9.72540754083174e+285
3729,"practical_naive",NA,1.44831196116669,0.203086453126001
3729,"correct_conditional",NA,1.09489886128083,0.0640166044472225
3730,"history_naive",15,9.82319866021763e+285,9.82319866021763e+285
3730,"practical_naive",NA,1,0.252933912211301
3730,"correct_conditional",NA,1.00110492307692,0.13884570440203
3731,"history_naive",14,7.33797357411434e+285,4.89198238274289e+285
3731,"practical_naive",NA,1.00144230769231,0.548696108988601
3731,"correct_conditional",NA,1.00101039599834,0.267031340284894
3732,"history_naive",14,9.60934239245623e+285,9.60934239245623e+285
3732,"practical_naive",NA,2.39508018605742,0.0819273318684369
3732,"correct_conditional",NA,1.66534521576279,0.17669994204756
3733,"history_naive",14,9.81337546155737e+285,9.81337546155737e+285
3733,"practical_naive",NA,1.09136185459383,0.253515717956846
3733,"correct_conditional",NA,1.24999392119273,0.289341642466829
3734,"history_naive",15,9.61896135381e+285,9.61896135381e+285
3734,"practical_naive",NA,2.27473062702503,0.289164936496645
3734,"correct_conditional",NA,1.57900622999785,0.17233711847333
3735,"history_naive",15,7.26492316816629e+285,4.84328211211086e+285
3735,"practical_naive",NA,1.03176510835928,0.212480912618276
3735,"correct_conditional",NA,1.17807965436843,0.562884987887747
3736,"history_naive",14,9.67687765999751e+285,9.67687765999751e+285
3736,"practical_naive",NA,1.58795751630321,0.207050843655658
3736,"correct_conditional",NA,1.37024161788071,0.351128736719871
3737,"history_naive",15,9.40014188956751e+285,9.40014188956751e+285
3737,"practical_naive",NA,1.40809549201764,0.150295354210971
3737,"correct_conditional",NA,2.29698806781289,0.123379579637804
3738,"history_naive",14,9.95179864137313e+285,9.95179864137313e+285
3738,"practical_naive",NA,17.2306616386357,0.252286774275854
3738,"correct_conditional",NA,3.20900376920138,0.184527973347423
3739,"history_naive",14,9.62858994375378e+285,9.62858994375378e+285
3739,"practical_naive",NA,1.9334632046678,0.0660605524094823
3739,"correct_conditional",NA,1.14737354623635,0.0872125192473888
3740,"history_naive",15,7.17822198038471e+285,4.78548132025647e+285
3740,"practical_naive",NA,1.22448515126639,0.227878666505212
3740,"correct_conditional",NA,1.04805211729162,0.274311296529189
3741,"history_naive",14,9.73514268351524e+285,9.73514268351524e+285
3741,"practical_naive",NA,1.1448048787555,0.197659815133037
3741,"correct_conditional",NA,1.07753269003303,0.120363693599543
3742,"history_naive",15,9.72540754083174e+285,9.72540754083174e+285
3742,"practical_naive",NA,1.04166124815766,0.32012252432599
3742,"correct_conditional",NA,1.02791089150421,0.685248172191928
3743,"history_naive",14,9.61896135380995e+285,9.61896135380995e+285
3743,"practical_naive",NA,11.3142026375135,0.296118182564381
3743,"correct_conditional",NA,5.47524464866128,0.313553007662104
3744,"history_naive",14,7.33063560054021e+285,4.88709040036014e+285
3744,"practical_naive",NA,1.36337573253015,0.227790434272221
3744,"correct_conditional",NA,1.84017446897986,0.481037863909238
3745,"history_naive",14,9.64787604797361e+285,9.64787604797361e+285
3745,"practical_naive",NA,1.06662581078189,0.209308600950578
3745,"correct_conditional",NA,2.50502797666983,0.84583173139597
3746,"history_naive",14,9.72540754083173e+285,9.72540754083173e+285
3746,"practical_naive",NA,2.61684420363404,0.103027208630802
3746,"correct_conditional",NA,1.81280863761803,0.16665950683357
3747,"history_naive",14,9.83303169190956e+285,9.83303169190956e+285
3747,"practical_naive",NA,6.07219374612735,0.0393563628140714
3747,"correct_conditional",785,20.5661000413833,0.528902367874801
3748,"history_naive",15,7.30866567831475e+285,4.87244378554317e+285
3748,"practical_naive",NA,12.0345195960084,0.0485276163508841
3748,"correct_conditional",NA,9.82767367462868,0.0952249368309902
3749,"history_naive",14,9.74488757108636e+285,9.74488757108636e+285
3749,"practical_naive",NA,6.31383007707985,0.304193071995681
3749,"correct_conditional",NA,11.7302988166626,2.01095405728712
3750,"history_naive",14,9.7644066199196e+285,9.7644066199196e+285
3750,"practical_naive",NA,2.04908808857111,0.147329554752157
3750,"correct_conditional",NA,1.87726392782148,0.153789032657718
3751,"history_naive",14,7.3306356005402e+285,4.88709040036014e+285
3751,"practical_naive",NA,1.35410125257918,0.865957191537161
3751,"correct_conditional",NA,1.33292725052943,0.71793368542769
3752,"history_naive",15,9.59013331701372e+285,9.59013331701372e+285
3752,"practical_naive",NA,1.99845015914388,0.532119656241119
3752,"correct_conditional",NA,4.44094317183255,1.97041977429039
3753,"history_naive",15,9.92197309089317e+285,9.92197309089317e+285
3753,"practical_naive",NA,1.36382284882218,0.245088758583117
3753,"correct_conditional",NA,1.08909462852128,0.146744787387197
3754,"history_naive",15,9.76440661991956e+285,9.76440661991956e+285
3754,"practical_naive",NA,1.14756120791874,0.126721552530675
3754,"correct_conditional",NA,1.08997355621875,0.223399177176231
3755,"history_naive",15,9.50416655759591e+285,9.50416655759591e+285
3755,"practical_naive",NA,2.76450978259476,0.221413601493571
3755,"correct_conditional",NA,1.35706616473845,0.271426379397076
3756,"history_naive",14,7.24315018616639e+285,4.82876679077759e+285
3756,"practical_naive",NA,2.17786769867507,0.205284713626031
3756,"correct_conditional",NA,2.76643385140749,0.390782008318829
3757,"history_naive",14,9.83303169190957e+285,9.83303169190957e+285
3757,"practical_naive",NA,1.07414996508069,0.161050718166621
3757,"correct_conditional",NA,1.0109202735077,0.338092443275563
3758,"history_naive",15,9.63822817192564e+285,9.63822817192564e+285
3758,"practical_naive",NA,1.97271722604519,0.199860773139491
3758,"correct_conditional",NA,1.16390952587505,0.0669544725215314
3759,"history_naive",14,9.57096264051294e+285,9.57096264051294e+285
3759,"practical_naive",NA,1.0564069520779,0.158062959515479
3759,"correct_conditional",NA,1.58686552591597,0.353822040684173
3760,"history_naive",14,9.67687765999754e+285,9.67687765999754e+285
3760,"practical_naive",NA,1.50575751605192,0.151167331137333
3760,"correct_conditional",NA,1.12026085836825,0.481150870434362
3761,"history_naive",15,7.13526017837528e+285,4.75684011891685e+285
3761,"practical_naive",NA,1.31372171451887,0.198411919136097
3761,"correct_conditional",NA,1.23316530961701,0.408221477204346
3762,"history_naive",14,7.16387271464592e+285,4.77591514309728e+285
3762,"practical_naive",NA,1.33409231163521,0.569020639247104
3762,"correct_conditional",NA,1.1011429606802,0.0936104254115066
3763,"history_naive",14,9.80356208609586e+285,9.80356208609586e+285
3763,"practical_naive",NA,1.35732471737101,1.04904766929576
3763,"correct_conditional",NA,1.97430207951692,1.67886200522064
3764,"history_naive",14,7.28676159996819e+285,4.85784106664546e+285
3764,"practical_naive",NA,2.68373035224229,0.10607800307136
3764,"correct_conditional",NA,2.85438264457967,0.159484045477731
3765,"history_naive",15,9.77418080072027e+285,9.77418080072027e+285
3765,"practical_naive",NA,1.03996794303958,0.405522608989833
3765,"correct_conditional",NA,1.39400570310085,0.435501784633165
3766,"history_naive",14,9.67687765999755e+285,9.67687765999755e+285
3766,"practical_naive",NA,1.00371185104282,0.206296248407772
3766,"correct_conditional",NA,1.00307914201183,0.374648344366637
3767,"history_naive",15,7.2867615999682e+285,4.85784106664547e+285
3767,"practical_naive",NA,1.36883037863421,0.125824569819911
3767,"correct_conditional",NA,1.38640596055728,0.218402810294216
3768,"history_naive",14,7.27947483836821e+285,4.85298322557881e+285
3768,"practical_naive",NA,2.69111358303232,0.0618524625621533
3768,"correct_conditional",NA,1.51268395717392,0.0602985839193233
3769,"history_naive",14,7.12812491819689e+285,4.75208327879793e+285
3769,"practical_naive",NA,1.64180083392499,0.5293773330172
3769,"correct_conditional",NA,1.45122179863164,0.491314389256227
3770,"history_naive",14,9.73514268351521e+285,9.73514268351521e+285
3770,"practical_naive",NA,1.24746121627317,0.123413094717912
3770,"correct_conditional",NA,2.4940949471442,0.134998167638459
3771,"history_naive",14,9.63822817192567e+285,9.63822817192567e+285
3771,"practical_naive",NA,1.2706013389731,0.244642819208211
3771,"correct_conditional",NA,1.62451851836674,0.659210138338786
3772,"history_naive",14,9.6672007823375e+285,9.6672007823375e+285
3772,"practical_naive",NA,2.41191344530244,0.243896851909092
3772,"correct_conditional",NA,2.19857367362804,0.43751766869159
3773,"history_naive",15,7.28676159996821e+285,4.85784106664547e+285
3773,"practical_naive",NA,1.06419727526263,0.283765663953195
3773,"correct_conditional",NA,1.04952636785936,0.353156654669033
3774,"history_naive",14,9.79375852400977e+285,9.79375852400977e+285
3774,"practical_naive",NA,6.8880721060773,0.663666615979092
3774,"correct_conditional",NA,3.6814726813712,0.522215654458073
3775,"history_naive",14,9.56139167787241e+285,9.56139167787241e+285
3775,"practical_naive",NA,1.33907249975322,0.243136006508343
3775,"correct_conditional",NA,2.07431397430893,0.776335580846725
3776,"history_naive",15,9.75464221329967e+285,9.75464221329967e+285
3776,"practical_naive",NA,1.44587423584768,0.201942241869907
3776,"correct_conditional",NA,1.69229331912919,0.294579720298229
3777,"history_naive",14,7.1997997875478e+285,4.79986652503187e+285
3777,"practical_naive",NA,3.49640797708795,0.556349505308378
3777,"correct_conditional",NA,4.16446991882901,1.65332481213141
3778,"history_naive",14,9.68656422422177e+285,9.68656422422177e+285
3778,"practical_naive",NA,1.4353707751767,0.230428989941874
3778,"correct_conditional",NA,1.23446684894057,0.197636611436554
3779,"history_naive",15,7.22867112894423e+285,4.81911408596282e+285
3779,"practical_naive",NA,1.16440608353145,0.187975840742208
3779,"correct_conditional",NA,1.83962025149566,0.637296370236499
3780,"history_naive",14,9.78396476548573e+285,9.78396476548573e+285
3780,"practical_naive",NA,3.85338891249343,0.116990452246906
3780,"correct_conditional",NA,2.44267934813758,0.082265941906502
3781,"history_naive",14,9.68656422422175e+285,9.68656422422175e+285
3781,"practical_naive",NA,3.05451395645436,0.496598847070598
3781,"correct_conditional",NA,8.4754128237172,1.32404533776357
3782,"history_naive",14,7.3526715645719e+285,4.90178104304794e+285
3782,"practical_naive",NA,2.61540844272887,0.215676536948011
3782,"correct_conditional",NA,1.37094956294164,0.449008449196928
3783,"history_naive",14,9.54227845590839e+285,9.54227845590839e+285
3783,"practical_naive",NA,1.04183028399385,0.183199546930303
3783,"correct_conditional",NA,1.13334781524417,0.0952512892294893
3784,"history_naive",14,9.83303169190954e+285,9.83303169190954e+285
3784,"practical_naive",NA,1.0960148148522,0.228844776335688
3784,"correct_conditional",NA,1.07042247211009,0.332528091301508
3785,"history_naive",15,9.52320344127504e+285,9.52320344127504e+285
3785,"practical_naive",NA,2.16344964587674,0.111245045100592
3785,"correct_conditional",NA,1.83289863180578,0.146778786847882
3786,"history_naive",15,7.2649231681663e+285,4.84328211211087e+285
3786,"practical_naive",NA,1.28446689690394,0.224349304244275
3786,"correct_conditional",NA,1.08953418211753,0.140828166387595
3787,"history_naive",14,7.29405565562377e+285,4.86270377041585e+285
3787,"practical_naive",NA,1.04888172169249,0.218503736184985
3787,"correct_conditional",NA,1.05791146832811,0.562450675007993
3788,"history_naive",15,9.76440661991954e+285,9.76440661991954e+285
3788,"practical_naive",NA,3.00166126328233,0.181962788694322
3788,"correct_conditional",NA,4.64821032767102,0.615554838622763
3789,"history_naive",14,7.34531889300733e+285,4.89687926200489e+285
3789,"practical_naive",NA,2.77496560573437,0.103017018617454
3789,"correct_conditional",NA,2.70320698240107,0.137669985544836
3790,"history_naive",14,9.66720078233752e+285,9.66720078233752e+285
3790,"practical_naive",NA,1.04721270751516,0.338651494752135
3790,"correct_conditional",NA,1.47753132990655,0.572043672663139
3791,"history_naive",14,9.80356208609591e+285,9.80356208609591e+285
3791,"practical_naive",NA,1.02829062555633,0.193902063217058
3791,"correct_conditional",NA,1.02383758805219,0.162536511533435
3792,"history_naive",15,9.64787604797361e+285,9.64787604797361e+285
3792,"practical_naive",NA,1.44384839041773,0.129023133184499
3792,"correct_conditional",NA,2.33046761351388,0.432650581049991
3793,"history_naive",15,9.6093423924561e+285,9.6093423924561e+285
3793,"practical_naive",NA,1.4187688414579,0.155883453498792
3793,"correct_conditional",NA,1.50221311977913,0.33760408461927
3794,"history_naive",14,7.41917769571333e+285,4.94611846380888e+285
3794,"practical_naive",NA,5.6703518313988,5.6703518313988
3794,"correct_conditional",NA,5.56196235754299,4.03098152310984
3795,"history_naive",14,7.44147981816985e+285,4.96098654544657e+285
3795,"practical_naive",NA,1.17182606120873,0.26621376372055
3795,"correct_conditional",NA,1.27876954699158,0.8690861595996
3796,"history_naive",15,9.72540754083172e+285,9.72540754083172e+285
3796,"practical_naive",NA,2.06310737393387,0.139921846878438
3796,"correct_conditional",NA,1.43512272328772,0.0697338646040423
3797,"history_naive",14,9.64787604797361e+285,9.64787604797361e+285
3797,"practical_naive",NA,4.67237135478908,0.568652069408554
3797,"correct_conditional",NA,2.50087379714769,0.546944579582274
3798,"history_naive",14,9.76440661991954e+285,9.76440661991954e+285
3798,"practical_naive",NA,4.66310510077109,0.292477096159054
3798,"correct_conditional",NA,1.81338939084068,0.131835498948046
3799,"history_naive",14,9.71568213329094e+285,9.71568213329094e+285
3799,"practical_naive",NA,2.41105202978157,0.0690943737846519
3799,"correct_conditional",NA,1.91214518122927,0.118366680643361
3800,"history_naive",15,9.74488757108634e+285,9.74488757108634e+285
3800,"practical_naive",NA,1.03599011631933,0.546055219102053
3800,"correct_conditional",NA,1.23432050606479,0.701791167894815
3801,"history_naive",15,9.87246234599946e+285,9.87246234599946e+285
3801,"practical_naive",NA,2.91191078083075,0.098822090627743
3801,"correct_conditional",NA,3.80381432669143,0.697437535957254
3802,"history_naive",14,9.66720078233756e+285,9.66720078233756e+285
3802,"practical_naive",NA,1.94219587528826,1.20924997541512
3802,"correct_conditional",NA,1.1051138722737,0.510263349935306
3803,"history_naive",14,9.7839647654857e+285,9.7839647654857e+285
3803,"practical_naive",NA,1.50042092239311,0.228361504561716
3803,"correct_conditional",NA,2.01714193185373,0.374010415848089
3804,"history_naive",14,7.34531889300733e+285,4.89687926200489e+285
3804,"practical_naive",NA,2.89032897115938,0.0887534472834435
3804,"correct_conditional",NA,1.90555739520435,0.0220121351416679
3805,"history_naive",14,7.19979978754779e+285,4.79986652503186e+285
3805,"practical_naive",NA,1.10389803773713,0.210887610432508
3805,"correct_conditional",NA,1.08336409718654,0.141573547698923
3806,"history_naive",15,7.31598165997473e+285,4.87732110664982e+285
3806,"practical_naive",NA,2.71804170722928,0.11987815444496
3806,"correct_conditional",NA,4.51512474721902,2.80165283340068
3807,"history_naive",14,9.55183028619455e+285,9.55183028619455e+285
3807,"practical_naive",NA,2.52118910441594,0.174190829588948
3807,"correct_conditional",NA,2.12949158184822,0.198545969251842
3808,"history_naive",15,7.26492316816631e+285,4.84328211211088e+285
3808,"practical_naive",NA,4.41964084906269,0.232888278671861
3808,"correct_conditional",NA,1.72202761019026,0.282155198280293
3809,"history_naive",15,7.33063560054021e+285,4.88709040036014e+285
3809,"practical_naive",NA,1.25705721493512,0.125294948217386
3809,"correct_conditional",NA,1.20755141747888,0.109165880073865
3810,"history_naive",15,9.57096264051291e+285,9.57096264051291e+285
3810,"practical_naive",NA,1.28860730817511,0.421033211049984
3810,"correct_conditional",NA,1.32824246178038,0.190308302464742
3811,"history_naive",15,9.62858994375372e+285,9.62858994375372e+285
3811,"practical_naive",NA,1.49199269272262,0.290239068344937
3811,"correct_conditional",NA,1.12594946664808,0.126210613111077
3812,"history_naive",15,9.63822817192567e+285,9.63822817192567e+285
3812,"practical_naive",NA,2.990974647374,0.095146040529925
3812,"correct_conditional",NA,3.46734669259185,1.89080153695715
3813,"history_naive",14,9.81337546155742e+285,9.81337546155742e+285
3813,"practical_naive",NA,1.66736883019811,0.198149664961351
3813,"correct_conditional",NA,1.34069141014566,0.178571540046755
3814,"history_naive",14,7.33797357411432e+285,4.89198238274288e+285
3814,"practical_naive",752,286.961204479743,0.779431402480596
3814,"correct_conditional",NA,6.16262087483488,0.0647690501194998
3815,"history_naive",14,9.64787604797359e+285,9.64787604797359e+285
3815,"practical_naive",NA,1.81168332242675,0.14567185866219
3815,"correct_conditional",NA,2.26811712173336,0.314885633380757
3816,"history_naive",14,9.63822817192569e+285,9.63822817192569e+285
3816,"practical_naive",NA,3.65837469705837,0.28800570237182
3816,"correct_conditional",NA,2.7685496922913,0.235461368672892
3817,"history_naive",14,9.94184684273172e+285,9.94184684273172e+285
3817,"practical_naive",NA,1.31579831037306,0.294718250892336
3817,"correct_conditional",NA,1.22763824866136,0.605200851304872
3818,"history_naive",15,9.67687765999753e+285,9.67687765999753e+285
3818,"practical_naive",NA,1.85498297403395,0.584079568446827
3818,"correct_conditional",NA,2.1945435139238,1.51356636795452
3819,"history_naive",15,7.34531889300733e+285,4.89687926200489e+285
3819,"practical_naive",NA,1.32729754429785,0.154036044707744
3819,"correct_conditional",NA,1.73561961561041,0.224705732664025
3820,"history_naive",14,9.71568213329092e+285,9.71568213329092e+285
3820,"practical_naive",NA,3.51219155242484,0.0572117842531468
3820,"correct_conditional",NA,1.22561022946122,0.217468653292476
3821,"history_naive",15,7.22867112894426e+285,4.81911408596284e+285
3821,"practical_naive",NA,1.12905856624602,0.428012025032772
3821,"correct_conditional",NA,1.20473690701439,0.904687716663604
3822,"history_naive",15,7.21422101535746e+285,4.80948067690497e+285
3822,"practical_naive",NA,1.31438431480036,0.217491907484175
3822,"correct_conditional",NA,1.88879430951437,0.288452179445466
3823,"history_naive",14,9.56139167787238e+285,9.56139167787238e+285
3823,"practical_naive",NA,4.2579599322677,0.459755724559391
3823,"correct_conditional",NA,1.95328862813089,0.984418774256285
3824,"history_naive",14,9.60934239245618e+285,9.60934239245618e+285
3824,"practical_naive",NA,4.70533467839484,0.113758027392945
3824,"correct_conditional",NA,1.88169438104141,0.110156260326341
3825,"history_naive",15,7.3747737689322e+285,4.9165158459548e+285
3825,"practical_naive",NA,2.09789130137666,0.0495067355484438
3825,"correct_conditional",NA,2.21687797123967,0.230654943704518
3826,"history_naive",15,9.96176040177493e+285,9.96176040177493e+285
3826,"practical_naive",NA,1.02313862967593,0.255779191655152
3826,"correct_conditional",NA,1.03295935300771,0.704941775068558
3827,"history_naive",14,7.1782219803847e+285,4.78548132025647e+285
3827,"practical_naive",NA,12.0963219486743,0.0387137692884552
3827,"correct_conditional",NA,2.77292520213301,0.0499916180637664
3828,"history_naive",14,9.93190499588905e+285,9.93190499588905e+285
3828,"practical_naive",NA,1.3049146601905,0.281241719059667
3828,"correct_conditional",NA,1.67371092801291,0.353932103039089
3829,"history_naive",14,7.08546294810592e+285,4.72364196540395e+285
3829,"practical_naive",NA,3.45820422358712,0.451224537868306
3829,"correct_conditional",NA,3.92800208356151,0.10175175713612
3830,"history_naive",14,9.62858994375373e+285,9.62858994375373e+285
3830,"practical_naive",NA,1.73511466071662,0.36962953328411
3830,"correct_conditional",NA,2.53301148906935,0.19684142943738
3831,"history_naive",14,7.10676192068894e+285,4.7378412804593e+285
3831,"practical_naive",NA,1.0791935500538,0.2639824053544
3831,"correct_conditional",NA,1.14834074930109,0.393563549000821
3832,"history_naive",15,9.68656422422175e+285,9.68656422422175e+285
3832,"practical_naive",NA,1.73964586253661,0.246780094263691
3832,"correct_conditional",NA,1.34199444523773,0.145481046210247
3833,"history_naive",15,7.25040058675318e+285,4.83360039116878e+285
3833,"practical_naive",NA,1.8319019046361,0.147100116793416
3833,"correct_conditional",NA,1.5557602372248,0.239993921171734
3834,"history_naive",14,9.76440661991955e+285,9.76440661991955e+285
3834,"practical_naive",NA,1.03263809052331,0.37552122887178
3834,"correct_conditional",NA,1.01163156971097,0.334752334957314
3835,"history_naive",14,7.34531889300728e+285,4.89687926200486e+285
3835,"practical_naive",NA,2.48936208111937,0.272835872841081
3835,"correct_conditional",NA,2.37233191359936,0.631593273224043
3836,"history_naive",14,7.22867112894425e+285,4.81911408596283e+285
3836,"practical_naive",NA,3.81191591056855,0.315903304513638
3836,"correct_conditional",NA,3.1701136261319,0.426581286185746
3837,"history_naive",15,9.5613916778724e+285,9.5613916778724e+285
3837,"practical_naive",NA,1.44396347146527,0.194535587526011
3837,"correct_conditional",NA,2.06216829679555,0.336600443917938
3838,"history_naive",14,9.78396476548579e+285,9.78396476548579e+285
3838,"practical_naive",NA,1.1018125248786,1.00211353884211
3838,"correct_conditional",NA,1.03685094482839,0.80685225835157
3839,"history_naive",14,9.70596645115761e+285,9.70596645115761e+285
3839,"practical_naive",NA,1.32813896268493,0.258938263280572
3839,"correct_conditional",NA,1.0434755346087,0.247519198960863
3840,"history_naive",14,9.60934239245616e+285,9.60934239245616e+285
3840,"practical_naive",NA,2.30848312118122,0.387422959612192
3840,"correct_conditional",NA,5.08402183468301,3.98693034660433
3841,"history_naive",15,7.16387271464592e+285,4.77591514309728e+285
3841,"practical_naive",NA,1.20301963972962,0.204034570200853
3841,"correct_conditional",NA,1.39271080747618,0.166627200149213
3842,"history_naive",14,9.73514268351526e+285,9.73514268351526e+285
3842,"practical_naive",NA,1.47834325978891,0.405733593160363
3842,"correct_conditional",NA,1.31549429254525,0.482861243318935
3843,"history_naive",15,7.41917769571333e+285,4.94611846380888e+285
3843,"practical_naive",NA,2.71727861932257,0.216367834076046
3843,"correct_conditional",NA,3.52893058139292,0.281083817299005
3844,"history_naive",14,9.65753358155522e+285,9.65753358155522e+285
3844,"practical_naive",NA,5.39757642404364,0.0294327516933033
3844,"correct_conditional",NA,16.229688915015,0.29957707689267
3845,"history_naive",14,9.7839647654858e+285,9.7839647654858e+285
3845,"practical_naive",NA,1.49323039404443,0.144639887399196
3845,"correct_conditional",NA,1.3747952063152,0.277645443519075
3846,"history_naive",15,9.69626048470645e+285,9.69626048470645e+285
3846,"practical_naive",NA,1.69825248754901,0.170685294948717
3846,"correct_conditional",NA,1.41069964974171,0.151206830568012
3847,"history_naive",14,7.2794748383682e+285,4.8529832255788e+285
3847,"practical_naive",NA,3.96657667246071,0.29290565405202
3847,"correct_conditional",NA,4.14134201451238,1.57690050435408
3848,"history_naive",14,9.77418080072025e+285,9.77418080072025e+285
3848,"practical_naive",NA,4.54156649735148,0.276155743995582
3848,"correct_conditional",NA,1.90578961660019,0.167554002710842
3849,"history_naive",14,9.54227845590836e+285,9.54227845590836e+285
3849,"practical_naive",NA,3.11611821754796,0.0473599820613607
3849,"correct_conditional",NA,2.68103122649681,0.151636690830582
3850,"history_naive",14,9.73514268351528e+285,9.73514268351528e+285
3850,"practical_naive",NA,1.01464270572744,0.417892882130362
3850,"correct_conditional",NA,1,0.261872038000735
3851,"history_naive",14,7.21422101535752e+285,4.80948067690501e+285
3851,"practical_naive",NA,1.42129280548104,0.271958453342765
3851,"correct_conditional",NA,1.38914157329975,0.564636001303549
3852,"history_naive",15,7.2142210153575e+285,4.809480676905e+285
3852,"practical_naive",NA,3.38725108909026,0.295817200667932
3852,"correct_conditional",NA,4.32474912046575,0.248921200866995
3853,"history_naive",14,9.81337546155743e+285,9.81337546155743e+285
3853,"practical_naive",NA,2.0326311241925,0.153010987779156
3853,"correct_conditional",NA,1.84607725835374,0.623424176093224
3854,"history_naive",15,9.64787604797362e+285,9.64787604797362e+285
3854,"practical_naive",NA,1.37645621486243,0.244403168831638
3854,"correct_conditional",NA,1.42351563730525,0.285815830577612
3855,"history_naive",14,7.40434675949957e+285,4.93623117299971e+285
3855,"practical_naive",NA,1.82308810546617,0.160099640504106
3855,"correct_conditional",NA,1.65123031435709,0.090812410415691
3856,"history_naive",14,7.28676159996813e+285,4.85784106664542e+285
3856,"practical_naive",NA,1.03297723275667,0.183983610125704
3856,"correct_conditional",NA,1.2614133079847,0.714238562079393
3857,"history_naive",14,9.71568213329085e+285,9.71568213329085e+285
3857,"practical_naive",NA,3.7641592903708,0.76054281338222
3857,"correct_conditional",NA,2.45549101663335,0.686082938955301
3858,"history_naive",14,9.65753358155516e+285,9.65753358155516e+285
3858,"practical_naive",211,976.005780317441,0.124694753481999
3858,"correct_conditional",309,208.540570644043,2.15532521955274
3859,"history_naive",14,7.33797357411428e+285,4.89198238274285e+285
3859,"practical_naive",NA,1.04976849273646,0.295610564940664
3859,"correct_conditional",NA,1.43747477919032,0.636102556901478
3860,"history_naive",14,9.74488757108638e+285,9.74488757108638e+285
3860,"practical_naive",NA,1.630854747802,0.109086504405622
3860,"correct_conditional",NA,1.4720676517759,0.0967175053744889
3861,"history_naive",15,7.14240258095629e+285,4.76160172063752e+285
3861,"practical_naive",NA,1.09943578927129,0.193141032120931
3861,"correct_conditional",NA,2.58374754248722,0.963197063203365
3862,"history_naive",14,7.1710437584043e+285,4.7806958389362e+285
3862,"practical_naive",NA,1.74718474135883,0.0418960517631656
3862,"correct_conditional",NA,1.67258926020823,0.343664269678315
3863,"history_naive",15,9.7156821332909e+285,9.7156821332909e+285
3863,"practical_naive",NA,1.42588026260222,0.167805029489351
3863,"correct_conditional",NA,1.10479856241905,0.538426150838591
3864,"history_naive",15,9.6768776599975e+285,9.6768776599975e+285
3864,"practical_naive",NA,1.04745881189105,0.298149281757157
3864,"correct_conditional",NA,1.32585901752572,0.251519057508734
3865,"history_naive",15,9.74488757108634e+285,9.74488757108634e+285
3865,"practical_naive",NA,1.14271516663891,0.243715166221613
3865,"correct_conditional",NA,1.26916375276052,0.247671680242134
3866,"history_naive",14,7.31598165997474e+285,4.87732110664983e+285
3866,"practical_naive",NA,1.65102782317346,0.347944108618518
3866,"correct_conditional",NA,1.23547068436146,0.318961023060339
3867,"history_naive",14,9.80356208609587e+285,9.80356208609587e+285
3867,"practical_naive",NA,2.39781607035408,0.15588347383058
3867,"correct_conditional",NA,4.55189531486232,0.585402510273656
3868,"history_naive",14,9.89223692761777e+285,9.89223692761777e+285
3868,"practical_naive",NA,2.2374624245749,0.187067657488063
3868,"correct_conditional",NA,2.23465881818437,0.482766421579165
3869,"history_naive",14,9.85272729376985e+285,9.85272729376985e+285
3869,"practical_naive",NA,1.36424924073981,0.197028717461852
3869,"correct_conditional",NA,1.08548739533408,0.235392530558541
3870,"history_naive",14,9.59973305006376e+285,9.59973305006376e+285
3870,"practical_naive",NA,1.02503055716716,0.216855649663464
3870,"correct_conditional",NA,1.34993940071773,0.689274460855303
3871,"history_naive",14,7.12812491819698e+285,4.75208327879799e+285
3871,"practical_naive",NA,1.4728119072993,0.153264572773211
3871,"correct_conditional",NA,1.383242782163,0.269045157569344
3872,"history_naive",14,9.55183028619454e+285,9.55183028619454e+285
3872,"practical_naive",NA,1.65199504069053,0.182733535905996
3872,"correct_conditional",NA,4.19541523200408,1.12260329975042
3873,"history_naive",14,9.78396476548576e+285,9.78396476548576e+285
3873,"practical_naive",NA,2.67143358677016,0.207854213511536
3873,"correct_conditional",NA,3.30720998784944,0.329124618357414
3874,"history_naive",15,9.64787604797362e+285,9.64787604797362e+285
3874,"practical_naive",NA,1.97586762231191,0.16043211109988
3874,"correct_conditional",NA,2.99654200215408,0.35838393239575
3875,"history_naive",14,7.16387271464587e+285,4.77591514309725e+285
3875,"practical_naive",NA,2.13133020240643,1.74483841121266
3875,"correct_conditional",NA,6.96217732986473,5.49384683453461
3876,"history_naive",14,9.45674067147934e+285,9.45674067147934e+285
3876,"practical_naive",NA,1.71299876816128,0.137054186695954
3876,"correct_conditional",NA,1.50084632609873,0.1129544970494
3877,"history_naive",14,9.78396476548576e+285,9.78396476548576e+285
3877,"practical_naive",NA,1.90270994517331,0.223538661497177
3877,"correct_conditional",NA,1.73357794742072,0.7646338281617
3878,"history_naive",15,9.74488757108636e+285,9.74488757108636e+285
3878,"practical_naive",NA,2.7795911693112,0.192117758544117
3878,"correct_conditional",NA,1.73135279305075,0.399674157366654
3879,"history_naive",14,7.4563851320488e+285,4.97092342136587e+285
3879,"practical_naive",NA,3.2247122350034,0.016192292861282
3879,"correct_conditional",NA,1.8619451421218,0.00798806273492548
3880,"history_naive",14,9.69626048470644e+285,9.69626048470644e+285
3880,"practical_naive",NA,1.0507779940188,0.277206451376995
3880,"correct_conditional",NA,1.0359766526333,0.809499959902391
3881,"history_naive",14,9.66720078233749e+285,9.66720078233749e+285
3881,"practical_naive",NA,1.36010917450421,0.279947418776005
3881,"correct_conditional",NA,1.34388768342979,0.492992545738214
3882,"history_naive",15,9.84287456647606e+285,9.84287456647606e+285
3882,"practical_naive",NA,1.05514949285521,0.236118791483947
3882,"correct_conditional",NA,1.04856342908528,0.179954525708819
3883,"history_naive",14,9.77418080072033e+285,9.77418080072033e+285
3883,"practical_naive",NA,1.72628469379765,0.191741111163383
3883,"correct_conditional",NA,1.03724205646248,0.0288074663763692
3884,"history_naive",14,9.76440661991963e+285,9.76440661991963e+285
3884,"practical_naive",NA,2.23468989089945,0.177399210900992
3884,"correct_conditional",NA,1.50446920728878,0.365379606887911
3885,"history_naive",15,9.72540754083176e+285,9.72540754083176e+285
3885,"practical_naive",NA,4.63170194034225,0.324261633739501
3885,"correct_conditional",NA,4.21635440611387,0.224704602205639
3886,"history_naive",14,9.56139167787245e+285,9.56139167787245e+285
3886,"practical_naive",NA,1.00823867726846,0.315933596594624
3886,"correct_conditional",NA,1.14042930860895,0.350298889569793
3887,"history_naive",14,9.71568213329094e+285,9.71568213329094e+285
3887,"practical_naive",NA,6.08807520586742,0.927961231945777
3887,"correct_conditional",NA,5.4487199908947,0.801265359863153
3888,"history_naive",14,9.94184684273173e+285,9.94184684273173e+285
3888,"practical_naive",NA,1.35867647641549,0.235321743475214
3888,"correct_conditional",NA,2.0068905921347,0.579017267641493
3889,"history_naive",14,7.27947483836818e+285,4.85298322557878e+285
3889,"practical_naive",NA,2.92309150311384,0.656585655541223
3889,"correct_conditional",NA,2.99777871863085,0.229686556153629
3890,"history_naive",15,9.54227845590837e+285,9.54227845590837e+285
3890,"practical_naive",NA,1.17664952064226,0.119172064148843
3890,"correct_conditional",NA,1.08091153361342,0.261203807523944
3891,"history_naive",14,9.72540754083181e+285,9.72540754083181e+285
3891,"practical_naive",NA,3.67774111757149,0.125190531755595
3891,"correct_conditional",NA,3.24312673921594,1.2468380997456
3892,"history_naive",14,9.63822817192557e+285,9.63822817192557e+285
3892,"practical_naive",NA,1.46715830819953,0.253088843935936
3892,"correct_conditional",NA,1.73055828192844,0.291432116598431
3893,"history_naive",14,9.7741808007203e+285,9.7741808007203e+285
3893,"practical_naive",NA,1.10936732802953,0.218909748777428
3893,"correct_conditional",NA,1.04022434110794,0.415441205482535
3894,"history_naive",15,9.61896135380996e+285,9.61896135380996e+285
3894,"practical_naive",NA,1.54394160060811,0.20656881627832
3894,"correct_conditional",NA,1.5393691152611,0.468085649873428
3895,"history_naive",14,9.75464221329963e+285,9.75464221329963e+285
3895,"practical_naive",NA,1.9300506530614,0.287418784303655
3895,"correct_conditional",NA,1.02425050770734,0.328594501128944
3896,"history_naive",15,7.25040058675313e+285,4.83360039116875e+285
3896,"practical_naive",NA,2.73911808765195,0.802589630506752
3896,"correct_conditional",NA,3.21329596752417,0.24162624310022
3897,"history_naive",14,7.2214424578153e+285,4.81429497187686e+285
3897,"practical_naive",NA,1.43811260992139,0.324186907658009
3897,"correct_conditional",NA,1.41918907314244,0.199056440054746
3898,"history_naive",14,9.65753358155524e+285,9.65753358155524e+285
3898,"practical_naive",NA,1.3709244280418,0.222134661756171
3898,"correct_conditional",NA,1.34127882622021,0.174810272561894
3899,"history_naive",14,9.59013331701366e+285,9.59013331701366e+285
3899,"practical_naive",NA,1.64470469661779,0.193195509004743
3899,"correct_conditional",NA,1.01019297343244,0.135357433128147
3900,"history_naive",14,9.86258988365346e+285,9.86258988365346e+285
3900,"practical_naive",NA,1.45098483282819,0.175779346823764
3900,"correct_conditional",NA,1.30192117558104,0.316806350862643
3901,"history_naive",14,9.81337546155743e+285,9.81337546155743e+285
3901,"practical_naive",NA,2.42394086806644,0.494018788265712
3901,"correct_conditional",NA,4.60538495128956,1.54069667340474
3902,"history_naive",14,9.90213906668443e+285,9.90213906668443e+285
3902,"practical_naive",NA,3.5125422062207,0.115013413946521
3902,"correct_conditional",NA,4.65853112256842,0.519449071515212
3903,"history_naive",14,9.61896135381005e+285,9.61896135381005e+285
3903,"practical_naive",NA,4.03750685638163,0.913108032435137
3903,"correct_conditional",NA,3.36637945514376,2.91443004387082
3904,"history_naive",15,9.71568213329091e+285,9.71568213329091e+285
3904,"practical_naive",NA,1.35985233268936,0.330873758461365
3904,"correct_conditional",NA,1.46863146862549,0.274432093493012
3905,"history_naive",14,9.70596645115764e+285,9.70596645115764e+285
3905,"practical_naive",NA,2.72106267695657,0.244755514227232
3905,"correct_conditional",NA,1.6870158214311,0.0970950274778003
3906,"history_naive",14,9.88234469069013e+285,9.88234469069013e+285
3906,"practical_naive",NA,1.208080973521,0.203962954261619
3906,"correct_conditional",NA,1.11951221285509,0.243107347679294
3907,"history_naive",15,7.25040058675315e+285,4.83360039116877e+285
3907,"practical_naive",NA,1.02383679470604,0.347448123740292
3907,"correct_conditional",NA,1.09958046855812,0.534325125208767
3908,"history_naive",15,1.00017072605705e+286,1.00017072605705e+286
3908,"practical_naive",NA,2.13621358888385,0.221134592721568
3908,"correct_conditional",NA,1.39145778691749,0.421084765487398
3909,"history_naive",14,9.68656422422178e+285,9.68656422422178e+285
3909,"practical_naive",NA,1.96521394998289,0.0442983729843793
3909,"correct_conditional",NA,1.84798723443886,0.0710115102406668
3910,"history_naive",14,9.61896135381004e+285,9.61896135381004e+285
3910,"practical_naive",NA,5.89005456631788,0.0570256580727944
3910,"correct_conditional",NA,3.97670092732852,0.176845546796745
3911,"history_naive",14,9.72540754083174e+285,9.72540754083174e+285
3911,"practical_naive",NA,1.65636370470665,0.192130914937898
3911,"correct_conditional",NA,2.2443894258153,0.1429679611822
3912,"history_naive",14,9.48516772864728e+285,9.48516772864728e+285
3912,"practical_naive",NA,2.62497378113067,0.146024719781727
3912,"correct_conditional",NA,1.44284188632303,0.36702431343195
3913,"history_naive",15,7.27947483836822e+285,4.85298322557882e+285
3913,"practical_naive",NA,1.9105449172399,0.251328496773771
3913,"correct_conditional",NA,1.42566610503123,0.194591441939828
3914,"history_naive",15,9.64787604797361e+285,9.64787604797361e+285
3914,"practical_naive",NA,1.25194135480846,0.258398908409412
3914,"correct_conditional",NA,1.04614129169543,0.147510050602688
3915,"history_naive",15,9.60934239245619e+285,9.60934239245619e+285
3915,"practical_naive",NA,10.1386018241665,0.393518710547688
3915,"correct_conditional",NA,4.77655807725951,0.206289375594807
3916,"history_naive",14,9.70596645115758e+285,9.70596645115758e+285
3916,"practical_naive",NA,1.04351420249611,0.318886086841539
3916,"correct_conditional",NA,1.0410256401044,0.130859106005574
3917,"history_naive",14,9.69626048470645e+285,9.69626048470645e+285
3917,"practical_naive",234,120.239919453731,0.198382083464037
3917,"correct_conditional",277,84.6254027693063,8.13539876327727
3918,"history_naive",15,7.30135701263642e+285,4.86757134175762e+285
3918,"practical_naive",NA,1.02852469342112,0.227057331100613
3918,"correct_conditional",NA,1.0302773822775,0.266004225554663
3919,"history_naive",14,9.73514268351525e+285,9.73514268351525e+285
3919,"practical_naive",495,34.3083725585486,1.48546886105473
3919,"correct_conditional",407,127.995813558175,11.3357154015065
3920,"history_naive",15,7.32330496493968e+285,4.88220330995979e+285
3920,"practical_naive",NA,8.82292055344731,0.0445880687827684
3920,"correct_conditional",NA,3.21553254518273,1.69903990727269
3921,"history_naive",14,9.7839647654858e+285,9.7839647654858e+285
3921,"practical_naive",NA,1.63068032094682,0.180722489737098
3921,"correct_conditional",NA,1.10108671105342,0.434351819369444
3922,"history_naive",15,9.7156821332909e+285,9.7156821332909e+285
3922,"practical_naive",NA,8.70909513274555,0.143824806214403
3922,"correct_conditional",NA,5.69937863442487,0.294470542868916
3923,"history_naive",14,9.6672007823375e+285,9.6672007823375e+285
3923,"practical_naive",NA,1.46147636977892,0.16299786401912
3923,"correct_conditional",NA,1.29538566048297,0.765248721230797
3924,"history_naive",14,9.70596645115762e+285,9.70596645115762e+285
3924,"practical_naive",NA,1.1029415419838,0.229968872987836
3924,"correct_conditional",NA,1.05948689619007,0.651121988449199
3925,"history_naive",14,7.26492316816633e+285,4.84328211211089e+285
3925,"practical_naive",NA,1.01867121299785,0.201076176823105
3925,"correct_conditional",NA,1.37807624844736,0.771806250647077
3926,"history_naive",14,7.12812491819696e+285,4.75208327879797e+285
3926,"practical_naive",NA,1.31512361502469,0.988117118633071
3926,"correct_conditional",NA,1.06531636278472,0.472305765740721
3927,"history_naive",14,7.25040058675314e+285,4.83360039116876e+285
3927,"practical_naive",NA,1.43337706468061,0.117192340156721
3927,"correct_conditional",NA,1.24804945201018,0.0947799523150696
3928,"history_naive",14,9.72540754083169e+285,9.72540754083169e+285
3928,"practical_naive",NA,5.77221457396053,0.0493278303552586
3928,"correct_conditional",NA,5.97994177237512,0.273586414626286
3929,"history_naive",14,7.19259998776024e+285,4.79506665850683e+285
3929,"practical_naive",NA,1.24375914768414,0.290797687956019
3929,"correct_conditional",NA,1.14065915538045,0.385407158825253
3930,"history_naive",15,9.75464221329959e+285,9.75464221329959e+285
3930,"practical_naive",NA,1.00703285424105,0.227124095602881
3930,"correct_conditional",NA,1.02142877734795,0.376818982460242
3931,"history_naive",15,1.001171897955e+286,1.001171897955e+286
3931,"practical_naive",NA,1.22012979067986,0.206737151680204
3931,"correct_conditional",NA,1.39336883493043,0.770401478245024
3932,"history_naive",14,7.25040058675314e+285,4.83360039116876e+285
3932,"practical_naive",NA,1.84393716480542,0.193331990018962
3932,"correct_conditional",NA,8.4610885655729,1.71030943551853
3933,"history_naive",15,7.25765824499812e+285,4.83843882999874e+285
3933,"practical_naive",NA,3.13124009235091,0.187042646079645
3933,"correct_conditional",NA,1.48967965034727,0.0855483597586809
3934,"history_naive",14,9.74488757108631e+285,9.74488757108631e+285
3934,"practical_naive",NA,3.97290304291845,0.197164651773708
3934,"correct_conditional",NA,1.77744786849547,0.348152150231569
3935,"history_naive",15,9.54227845590839e+285,9.54227845590839e+285
3935,"practical_naive",NA,1.62834984297143,0.165450802001605
3935,"correct_conditional",NA,1.27261597782216,0.0976606246968602
3936,"history_naive",14,9.83303169190957e+285,9.83303169190957e+285
3936,"practical_naive",NA,1.58382596181276,0.208046478548094
3936,"correct_conditional",NA,2.1321015808,0.485782284453623
3937,"history_naive",14,9.92197309089311e+285,9.92197309089311e+285
3937,"practical_naive",NA,1.07713657337266,0.227973911759573
3937,"correct_conditional",NA,1.10127545530009,0.388728757170276
3938,"history_naive",14,9.63822817192558e+285,9.63822817192558e+285
3938,"practical_naive",NA,1.08692640202355,0.259797421136806
3938,"correct_conditional",NA,1.06835620447043,0.159926552399728
3939,"history_naive",14,9.70596645115759e+285,9.70596645115759e+285
3939,"practical_naive",NA,2.06633318324389,0.113646603019736
3939,"correct_conditional",NA,1.29870011501029,0.184978703094315
3940,"history_naive",14,9.91205111780221e+285,9.91205111780221e+285
3940,"practical_naive",NA,1.32823891288657,0.611581176479426
3940,"correct_conditional",NA,1.05082167633805,0.280204367932733
3941,"history_naive",15,7.20700679434214e+285,4.8046711962281e+285
3941,"practical_naive",NA,3.8799230710771,0.189758132086806
3941,"correct_conditional",NA,7.64065717853241,1.27187857269991
3942,"history_naive",15,7.13526017837532e+285,4.75684011891688e+285
3942,"practical_naive",NA,1.23520207471291,0.203552387720924
3942,"correct_conditional",NA,1.33754734907442,0.372933937929995
3943,"history_naive",14,9.67687765999754e+285,9.67687765999754e+285
3943,"practical_naive",NA,11.8827588622611,0.12250367917958
3943,"correct_conditional",NA,1.7578000786317,0.0735431510394027
3944,"history_naive",14,7.27947483836824e+285,4.85298322557883e+285
3944,"practical_naive",NA,1.26288690822479,0.412169572906703
3944,"correct_conditional",NA,1.23296558073207,0.605440457658108
3945,"history_naive",14,9.47568256091864e+285,9.47568256091864e+285
3945,"practical_naive",NA,1.02932022942272,0.207731537888461
3945,"correct_conditional",NA,3.52402997411909,1.33669237515691
3946,"history_naive",14,9.56139167787244e+285,9.56139167787244e+285
3946,"practical_naive",NA,1.12355018104386,0.151749806435561
3946,"correct_conditional",NA,1.2357860800455,0.0940148354022206
3947,"history_naive",15,9.68656422422178e+285,9.68656422422178e+285
3947,"practical_naive",NA,1.13605711344719,0.190241494671784
3947,"correct_conditional",NA,1.14398394117574,0.106819028945873
3948,"history_naive",15,7.30866567831475e+285,4.87244378554316e+285
3948,"practical_naive",NA,2.26817858181287,0.238165113740268
3948,"correct_conditional",NA,1.24452665908902,0.386672116334048
3949,"history_naive",14,9.62858994375373e+285,9.62858994375373e+285
3949,"practical_naive",NA,1.48338685769214,0.179855373825385
3949,"correct_conditional",NA,4.57948154159237,2.20748930523313
3950,"history_naive",15,9.96176040177492e+285,9.96176040177492e+285
3950,"practical_naive",NA,2.09901526290235,0.183994590643875
3950,"correct_conditional",NA,1.54085986040748,0.145043586607261
3951,"history_naive",15,7.15670884193126e+285,4.77113922795417e+285
3951,"practical_naive",NA,1.01778046326143,0.226363014321571
3951,"correct_conditional",NA,1.02315477234891,0.193430000643085
3952,"history_naive",15,9.79375852400972e+285,9.79375852400972e+285
3952,"practical_naive",NA,3.10794672536006,0.306870075525526
3952,"correct_conditional",NA,5.8171316701582,1.4341507023903
3953,"history_naive",14,7.31598165997475e+285,4.87732110664983e+285
3953,"practical_naive",NA,1.6136679891199,0.101870525429575
3953,"correct_conditional",NA,1.34420930184279,0.116212696980236
3954,"history_naive",14,9.79375852400973e+285,9.79375852400973e+285
3954,"practical_naive",NA,2.57097468020462,0.0589805984045766
3954,"correct_conditional",NA,2.19998395245358,0.106219426064484
3955,"history_naive",14,7.36003159616805e+285,4.9066877307787e+285
3955,"practical_naive",NA,1.13693182682845,0.195121408697383
3955,"correct_conditional",NA,1.1529286757109,0.377742605527279
3956,"history_naive",14,7.32330496493971e+285,4.88220330995981e+285
3956,"practical_naive",NA,1.70728298205272,0.169871284761418
3956,"correct_conditional",NA,1.61240466087559,0.274598493967509
3957,"history_naive",15,7.2214424578153e+285,4.81429497187687e+285
3957,"practical_naive",NA,6.91311376981427,0.147128593442866
3957,"correct_conditional",NA,4.00731147177284,0.474472437151021
3958,"history_naive",14,7.30135701263646e+285,4.86757134175764e+285
3958,"practical_naive",NA,2.09697230373809,0.273643970259114
3958,"correct_conditional",NA,1.66853087171892,0.531507859783947
3959,"history_naive",14,9.69626048470648e+285,9.69626048470648e+285
3959,"practical_naive",NA,1.24338222747929,0.160444744406648
3959,"correct_conditional",NA,1.11547722552407,0.480915234704862
3960,"history_naive",14,7.30866567831475e+285,4.87244378554317e+285
3960,"practical_naive",NA,1.10501512194783,0.171944031594242
3960,"correct_conditional",NA,1.27949823451439,0.2839163724756
3961,"history_naive",15,9.69626048470649e+285,9.69626048470649e+285
3961,"practical_naive",NA,1.37309987737584,0.197339134949808
3961,"correct_conditional",NA,1.50610157986362,0.335193105266384
3962,"history_naive",15,9.63822817192567e+285,9.63822817192567e+285
3962,"practical_naive",NA,2.00419538906964,0.634364613887468
3962,"correct_conditional",NA,1.65623248106634,1.4961076462035
3963,"history_naive",15,7.36003159616807e+285,4.90668773077871e+285
3963,"practical_naive",NA,1.20686815045327,0.17876698975175
3963,"correct_conditional",NA,1.10015986349736,0.173381319953004
3964,"history_naive",14,7.24315018616639e+285,4.82876679077759e+285
3964,"practical_naive",NA,1.00694291755407,0.295167673123844
3964,"correct_conditional",NA,1.00688951505111,0.325391362257315
3965,"history_naive",14,9.97173213390879e+285,9.97173213390879e+285
3965,"practical_naive",NA,4.25053136427511,0.131727334962415
3965,"correct_conditional",NA,2.83384607448599,0.323036926598941
3966,"history_naive",15,9.7059664511576e+285,9.7059664511576e+285
3966,"practical_naive",NA,2.50278071331188,0.251026893431504
3966,"correct_conditional",NA,2.62205983460512,1.11412721736385
3967,"history_naive",15,9.63822817192566e+285,9.63822817192566e+285
3967,"practical_naive",NA,2.19235443340318,0.0944657200887399
3967,"correct_conditional",NA,2.59032820803524,0.240501062587065
3968,"history_naive",15,9.62858994375373e+285,9.62858994375373e+285
3968,"practical_naive",NA,1.47165851394969,0.150413192700233
3968,"correct_conditional",NA,1.30049486196608,0.143125646732885
3969,"history_naive",15,7.33063560054022e+285,4.88709040036015e+285
3969,"practical_naive",NA,3.2854948246961,0.169325652984941
3969,"correct_conditional",NA,11.348544023222,0.607618137182264
3970,"history_naive",15,9.71568213329092e+285,9.71568213329092e+285
3970,"practical_naive",NA,1.83226887479231,0.109796004096723
3970,"correct_conditional",NA,1.15431150916219,0.192059112018605
3971,"history_naive",15,9.88234469069014e+285,9.88234469069014e+285
3971,"practical_naive",NA,6.50042728449132,0.241331945770083
3971,"correct_conditional",NA,2.19620345351995,0.453501944546967
3972,"history_naive",14,9.74488757108633e+285,9.74488757108633e+285
3972,"practical_naive",NA,1.10621607195535,0.216687227838782
3972,"correct_conditional",NA,2.45355618301634,0.95655428388636
3973,"history_naive",15,9.75464221329962e+285,9.75464221329962e+285
3973,"practical_naive",NA,1.05593312834736,0.1698337897043
3973,"correct_conditional",NA,1.01673015355504,0.425902258399423
3974,"history_naive",14,7.31598165997477e+285,4.87732110664985e+285
3974,"practical_naive",NA,1.23761665592102,0.120118135095565
3974,"correct_conditional",NA,1.17521396910956,0.252671316556959
3975,"history_naive",14,9.63822817192567e+285,9.63822817192567e+285
3975,"practical_naive",NA,1.18233323976888,0.0993649893961231
3975,"correct_conditional",NA,1.43787187315885,0.244374706708524
3976,"history_naive",14,9.60934239245622e+285,9.60934239245622e+285
3976,"practical_naive",NA,4.07163514076299,1.33201416068034
3976,"correct_conditional",NA,5.55863103927278,0.666997065415702
3977,"history_naive",15,9.82319866021761e+285,9.82319866021761e+285
3977,"practical_naive",NA,1.87158850964271,0.119071645204637
3977,"correct_conditional",NA,1.78799412237877,0.231320350747564
3978,"history_naive",15,7.36739899516322e+285,4.91159933010881e+285
3978,"practical_naive",NA,1.33152516653487,0.255061985378015
3978,"correct_conditional",NA,1.07243140498745,0.147911890143186
3979,"history_naive",14,9.55183028619455e+285,9.55183028619455e+285
3979,"practical_naive",625,60.6437749170891,1.50269539449167
3979,"correct_conditional",NA,18.9451765383385,1.27361264810106
3980,"history_naive",14,9.56139167787242e+285,9.56139167787242e+285
3980,"practical_naive",NA,1.21517981293518,0.286512949553639
3980,"correct_conditional",NA,1.99119015945139,0.625824906164272
3981,"history_naive",14,7.29405565562382e+285,4.86270377041588e+285
3981,"practical_naive",NA,1.46229735276977,0.306591423538033
3981,"correct_conditional",NA,1.84957521153978,0.415121191089645
3982,"history_naive",15,9.6865642242218e+285,9.6865642242218e+285
3982,"practical_naive",NA,16.7388082905537,0.208384144293442
3982,"correct_conditional",NA,7.28121270250119,0.461985545407803
3983,"history_naive",15,9.73514268351531e+285,9.73514268351531e+285
3983,"practical_naive",NA,1.12984649909887,0.515389647263094
3983,"correct_conditional",NA,1.13537273996867,0.21598866246663
3984,"history_naive",14,7.30866567831474e+285,4.87244378554316e+285
3984,"practical_naive",NA,1.43600515901009,0.367629421442599
3984,"correct_conditional",NA,1.71748848478752,0.792449332422014
3985,"history_naive",14,7.30866567831474e+285,4.87244378554316e+285
3985,"practical_naive",NA,1.73768891511591,0.12701715028035
3985,"correct_conditional",NA,3.60986352919975,0.731064217830094
3986,"history_naive",14,7.14240258095625e+285,4.7616017206375e+285
3986,"practical_naive",NA,1.44634857919539,0.224377948594752
3986,"correct_conditional",NA,1.48452769199345,0.417931294855472
3987,"history_naive",14,7.28676159996823e+285,4.85784106664549e+285
3987,"practical_naive",NA,1.55600003551033,0.412898736202173
3987,"correct_conditional",NA,1.23173701025737,0.645323726952256
3988,"history_naive",15,9.93190499588901e+285,9.93190499588901e+285
3988,"practical_naive",NA,1.26143216661827,0.174106555432847
3988,"correct_conditional",NA,2.48189647196065,0.56633574425601
3989,"history_naive",14,9.68656422422174e+285,9.68656422422174e+285
3989,"practical_naive",NA,1.04979880845766,0.270930088732452
3989,"correct_conditional",NA,1.06449236071557,0.452778216603207
3990,"history_naive",14,9.83303169190954e+285,9.83303169190954e+285
3990,"practical_naive",NA,1.10484635753144,0.184762495182861
3990,"correct_conditional",NA,1.8147467474567,0.301190644307675
3991,"history_naive",14,9.82319866021766e+285,9.82319866021766e+285
3991,"practical_naive",NA,2.88106101352732,0.22579285295752
3991,"correct_conditional",NA,4.38619586831879,0.539116004324432
3992,"history_naive",15,9.71568213329089e+285,9.71568213329089e+285
3992,"practical_naive",NA,1.61722628827889,0.411488803036563
3992,"correct_conditional",NA,1.10582667382829,0.478940760660711
3993,"history_naive",15,7.19979978754775e+285,4.79986652503184e+285
3993,"practical_naive",NA,13.3618139891807,0.0519560308767378
3993,"correct_conditional",NA,5.01304722484428,0.147596767615972
3994,"history_naive",15,7.22867112894423e+285,4.81911408596282e+285
3994,"practical_naive",NA,3.30706519161026,0.48673251780473
3994,"correct_conditional",NA,5.32017759827265,2.62384485831267
3995,"history_naive",15,7.03601325444768e+285,4.69067550296512e+285
3995,"practical_naive",NA,2.17594442452815,0.0816205700088734
3995,"correct_conditional",NA,2.05551014548641,0.25559699118613
3996,"history_naive",14,9.87246234599942e+285,9.87246234599942e+285
3996,"practical_naive",NA,1.72766032594306,0.254218778274147
3996,"correct_conditional",NA,2.37851801726197,0.824526906861606
3997,"history_naive",14,9.74488757108638e+285,9.74488757108638e+285
3997,"practical_naive",NA,1.79627512779293,0.150484418561063
3997,"correct_conditional",NA,1.94579249619416,0.390362547311949
3998,"history_naive",14,9.86258988365345e+285,9.86258988365345e+285
3998,"practical_naive",NA,1.40312059392351,0.194961746255804
3998,"correct_conditional",NA,2.97884490486635,1.20078902609574
3999,"history_naive",14,9.37196965492433e+285,9.37196965492433e+285
3999,"practical_naive",NA,2.02382666236153,0.291220836582865
3999,"correct_conditional",NA,3.1013911948898,2.04644291133738
4000,"history_naive",14,7.37477376893218e+285,4.91651584595479e+285
4000,"practical_naive",NA,2.85876655583925,0.0228873020236362
4000,"correct_conditional",NA,2.05331817002379,0.0193374698774391
4001,"history_naive",15,7.22867112894428e+285,4.81911408596285e+285
4001,"practical_naive",NA,1.18727366415242,0.227949904667884
4001,"correct_conditional",NA,1.08679429432327,0.548773997442975
4002,"history_naive",15,7.22867112894422e+285,4.81911408596281e+285
4002,"practical_naive",NA,2.9278306016159,0.197118314987487
4002,"correct_conditional",NA,4.83828438796491,0.891204852427912
4003,"history_naive",14,7.36739899516322e+285,4.91159933010882e+285
4003,"practical_naive",NA,2.8263443598318,0.165488607886814
4003,"correct_conditional",NA,1.64831872296888,0.256732477424805
4004,"history_naive",14,7.33063560054021e+285,4.88709040036014e+285
4004,"practical_naive",NA,2.28176162038238,0.240347220514377
4004,"correct_conditional",NA,1.55484171882793,0.306683349095025
4005,"history_naive",14,9.73514268351529e+285,9.73514268351529e+285
4005,"practical_naive",NA,1.15618036013978,0.211046547634782
4005,"correct_conditional",NA,1.34854945923963,0.141639514043623
4006,"history_naive",14,9.80356208609591e+285,9.80356208609591e+285
4006,"practical_naive",NA,1.08704970697517,0.14754347681269
4006,"correct_conditional",NA,1.36505502266007,0.264253060405414
4007,"history_naive",14,7.31598165997472e+285,4.87732110664981e+285
4007,"practical_naive",NA,5.54645529576462,0.586051289203596
4007,"correct_conditional",2473,30.4887378112056,14.3580587353687
4008,"history_naive",15,7.14955213308933e+285,4.76636808872622e+285
4008,"practical_naive",NA,1.01207881131211,0.335252802215948
4008,"correct_conditional",NA,1.04256494699891,0.407242352719574
4009,"history_naive",14,9.77418080072031e+285,9.77418080072031e+285
4009,"practical_naive",NA,1.76478378810647,0.0287735724931847
4009,"correct_conditional",NA,1.47455459198062,0.0502302003293016
4010,"history_naive",14,7.23590703598024e+285,4.82393802398683e+285
4010,"practical_naive",NA,2.87513285607067,0.211656127877164
4010,"correct_conditional",NA,2.39230607396439,0.745326773375758
4011,"history_naive",14,9.7156821332909e+285,9.7156821332909e+285
4011,"practical_naive",NA,2.26353615438957,0.204278121947991
4011,"correct_conditional",NA,1.50116242130272,0.50912409523107
4012,"history_naive",14,9.70596645115764e+285,9.70596645115764e+285
4012,"practical_naive",NA,1.26223367578222,0.474606591601243
4012,"correct_conditional",NA,1.19024096121311,0.291930437341856
4013,"history_naive",15,9.76440661991958e+285,9.76440661991958e+285
4013,"practical_naive",NA,1.56398966065131,0.158768584160205
4013,"correct_conditional",NA,1.67899592327147,0.206122977565572
4014,"history_naive",14,9.62858994375375e+285,9.62858994375375e+285
4014,"practical_naive",NA,2.1010317991767,0.0574498310512002
4014,"correct_conditional",NA,1.58849238536134,0.180746975494214
4015,"history_naive",14,9.82319866021765e+285,9.82319866021765e+285
4015,"practical_naive",NA,2.84692841538046,0.156828373556888
4015,"correct_conditional",NA,3.81776869270282,0.48265029190595
4016,"history_naive",15,7.1567088419313e+285,4.7711392279542e+285
4016,"practical_naive",NA,1.54594705815555,0.486264036112003
4016,"correct_conditional",NA,1.25629085038341,0.184995401324989
4017,"history_naive",15,9.57096264051294e+285,9.57096264051294e+285
4017,"practical_naive",NA,1.54272338968685,0.200535082109785
4017,"correct_conditional",NA,1.70702214856438,0.853559388847404
4018,"history_naive",14,9.69626048470646e+285,9.69626048470646e+285
4018,"practical_naive",NA,1.44421966229017,0.1936274476688
4018,"correct_conditional",NA,3.77282963705912,1.26287705129321
4019,"history_naive",14,9.86258988365345e+285,9.86258988365345e+285
4019,"practical_naive",NA,4.55792216980823,0.0665272742909445
4019,"correct_conditional",NA,4.9250148660059,0.926733469277973
4020,"history_naive",14,9.8133754615574e+285,9.8133754615574e+285
4020,"practical_naive",NA,1.74846640916533,0.171716986288483
4020,"correct_conditional",NA,1.677307803754,0.355455923653903
4021,"history_naive",14,7.35267156457188e+285,4.90178104304792e+285
4021,"practical_naive",NA,1.05504923095264,0.194981503991784
4021,"correct_conditional",NA,1.24522196705024,0.402448613238073
4022,"history_naive",15,9.61896135381001e+285,9.61896135381001e+285
4022,"practical_naive",NA,1.51067265847392,0.186037429473482
4022,"correct_conditional",NA,1.14467092778877,0.0461522324225879
4023,"history_naive",14,7.28676159996816e+285,4.85784106664544e+285
4023,"practical_naive",651,70.7136451384591,1.35922164257655
4023,"correct_conditional",NA,14.3490156438525,0.108043708874931
4024,"history_naive",14,9.57096264051292e+285,9.57096264051292e+285
4024,"practical_naive",NA,1.22983440354337,0.214122299331497
4024,"correct_conditional",NA,1.59802859158226,0.515167198233015
4025,"history_naive",14,9.86258988365342e+285,9.86258988365342e+285
4025,"practical_naive",NA,3.48188641517113,0.0857138197137906
4025,"correct_conditional",NA,2.19043887237057,0.167078125218218
4026,"history_naive",15,9.75464221329965e+285,9.75464221329965e+285
4026,"practical_naive",NA,8.43387751733088,0.579413482877085
4026,"correct_conditional",NA,1.93823780204237,0.728360094021354
4027,"history_naive",14,7.26492316816629e+285,4.84328211211086e+285
4027,"practical_naive",NA,1.05962735715491,0.272549701815633
4027,"correct_conditional",NA,1.25249348289113,0.269536453457756
4028,"history_naive",15,9.79375852400975e+285,9.79375852400975e+285
4028,"practical_naive",NA,1.59071097570139,0.175723675730441
4028,"correct_conditional",NA,1.62618371077775,0.418444568553107
4029,"history_naive",14,9.7156821332909e+285,9.7156821332909e+285
4029,"practical_naive",NA,3.03491587865793,0.439847251359431
4029,"correct_conditional",NA,1.43648986603815,0.370438294907269
4030,"history_naive",14,9.6575335815552e+285,9.6575335815552e+285
4030,"practical_naive",NA,1.34914613214906,0.57686070566738
4030,"correct_conditional",NA,1.5889391809317,1.45656890377525
4031,"history_naive",14,7.18540738777249e+285,4.79027159184833e+285
4031,"practical_naive",NA,1.07961593449518,0.245915490227393
4031,"correct_conditional",NA,1.366128840785,0.31210149975199
4032,"history_naive",14,9.61896135380999e+285,9.61896135380999e+285
4032,"practical_naive",NA,5.94448438369936,0.255578925099397
4032,"correct_conditional",NA,3.12420698872617,0.551472172345176
4033,"history_naive",15,9.50416655759585e+285,9.50416655759585e+285
4033,"practical_naive",NA,1.24607157037749,0.258078886205539
4033,"correct_conditional",NA,1.65969652492579,0.424655721407503
4034,"history_naive",14,7.2070067943421e+285,4.80467119622807e+285
4034,"practical_naive",NA,1.0123231178303,0.182290184967132
4034,"correct_conditional",NA,1.01897401511958,0.155214717599069
4035,"history_naive",14,9.72540754083174e+285,9.72540754083174e+285
4035,"practical_naive",NA,2.17854526203046,0.107252103860374
4035,"correct_conditional",NA,2.40850249213882,0.572663293606032
4036,"history_naive",14,7.19979978754779e+285,4.79986652503186e+285
4036,"practical_naive",NA,6.59188013915712,0.440535637051637
4036,"correct_conditional",NA,19.5399526356283,2.06522095135907
4037,"history_naive",14,7.33063560054019e+285,4.88709040036013e+285
4037,"practical_naive",NA,2.34243016717273,0.421778954235462
4037,"correct_conditional",NA,1.65721492786247,0.211128754068119
4038,"history_naive",14,7.45638513204885e+285,4.9709234213659e+285
4038,"practical_naive",NA,4.56114007854115,1.9272505576063
4038,"correct_conditional",NA,1.02001195463511,0.198316136666576
4039,"history_naive",14,7.34531889300734e+285,4.89687926200489e+285
4039,"practical_naive",NA,1.12181307742146,0.161191316488807
4039,"correct_conditional",NA,1.13613762478243,0.305306825775555
4040,"history_naive",14,7.19259998776023e+285,4.79506665850682e+285
4040,"practical_naive",NA,1.37998097829462,0.248573667786199
4040,"correct_conditional",NA,1.08311604575817,0.249029301105565
4041,"history_naive",14,7.14955213308932e+285,4.76636808872621e+285
4041,"practical_naive",NA,8.2481669631881,0.123316772001155
4041,"correct_conditional",NA,1.35808438479428,0.0224768354229327
4042,"history_naive",14,9.89223692761779e+285,9.89223692761779e+285
4042,"practical_naive",NA,1.23465313252089,0.101484974572432
4042,"correct_conditional",NA,1.341444156247,0.208687868817362
4043,"history_naive",15,7.17822198038468e+285,4.78548132025645e+285
4043,"practical_naive",NA,2.23869974895743,0.883346500558374
4043,"correct_conditional",NA,5.57376795816385,2.99473959749772
4044,"history_naive",15,9.73514268351525e+285,9.73514268351525e+285
4044,"practical_naive",NA,1.82244503345301,0.0980223025586609
4044,"correct_conditional",NA,2.12813430546603,0.238931774724605
4045,"history_naive",14,9.64787604797362e+285,9.64787604797362e+285
4045,"practical_naive",NA,11.415740789896,0.783049207767861
4045,"correct_conditional",NA,4.80623523636464,0.595871302077216
4046,"history_naive",14,7.43403833835167e+285,4.95602555890111e+285
4046,"practical_naive",NA,1.21707845644798,0.139205333699885
4046,"correct_conditional",NA,1.81082156669913,0.372558440660035
4047,"history_naive",14,7.21422101535748e+285,4.80948067690499e+285
4047,"practical_naive",NA,2.19944556595222,0.503467001069146
4047,"correct_conditional",NA,3.66770850627855,3.29940248909399
4048,"history_naive",14,9.74488757108629e+285,9.74488757108629e+285
4048,"practical_naive",781,22.0030766213544,3.69255014072533
4048,"correct_conditional",NA,11.3552421214308,7.01801163447248
4049,"history_naive",15,7.35267156457188e+285,4.90178104304792e+285
4049,"practical_naive",NA,2.14285134891281,0.182760978224665
4049,"correct_conditional",NA,2.47279880621702,0.465733897502936
4050,"history_naive",14,9.64787604797363e+285,9.64787604797363e+285
4050,"practical_naive",NA,1.92400729281117,0.497257681340324
4050,"correct_conditional",NA,3.99297159365136,1.74953592179973
4051,"history_naive",14,9.47568256091861e+285,9.47568256091861e+285
4051,"practical_naive",NA,1.50704293223767,0.214489216661892
4051,"correct_conditional",NA,1.06421287178438,0.16098671003878
4052,"history_naive",15,7.27219536352985e+285,4.84813024235323e+285
4052,"practical_naive",NA,3.16494626751769,0.236513434195146
4052,"correct_conditional",NA,2.64950661538813,0.271785566117064
4053,"history_naive",14,9.56139167787242e+285,9.56139167787242e+285
4053,"practical_naive",NA,1.08686820383716,0.332075888117403
4053,"correct_conditional",NA,2.555119180098,1.7982809968108
4054,"history_naive",14,9.57096264051297e+285,9.57096264051297e+285
4054,"practical_naive",1534,22.8221605579458,0.482873084280028
4054,"correct_conditional",1427,44.4379843287667,3.93465442648102
4055,"history_naive",14,7.19259998776023e+285,4.79506665850682e+285
4055,"practical_naive",NA,2.02051577300509,0.251545582482456
4055,"correct_conditional",NA,1.99534152348821,0.341642713350327
4056,"history_naive",15,7.36003159616807e+285,4.90668773077871e+285
4056,"practical_naive",NA,1.0509963576934,0.206681068667282
4056,"correct_conditional",NA,1.1348775755157,0.603647438516762
4057,"history_naive",14,9.54227845590836e+285,9.54227845590836e+285
4057,"practical_naive",NA,2.45243202884402,0.276535256165149
4057,"correct_conditional",NA,1.18753822457861,0.142783746675634
4058,"history_naive",14,7.39694241274011e+285,4.93129494182674e+285
4058,"practical_naive",NA,1.22364690675701,0.178541341630662
4058,"correct_conditional",NA,1.41779538621669,0.521973916375922
4059,"history_naive",14,9.93190499588902e+285,9.93190499588902e+285
4059,"practical_naive",NA,1.1364623297243,0.202290630550341
4059,"correct_conditional",NA,1.0489894928402,0.510392235633507
4060,"history_naive",15,9.5613916778724e+285,9.5613916778724e+285
4060,"practical_naive",NA,1.09976245986642,0.17288987830478
4060,"correct_conditional",NA,1.00020546993724,0.38457341903114
4061,"history_naive",14,9.70596645115763e+285,9.70596645115763e+285
4061,"practical_naive",NA,7.37595094204096,0.106922372794598
4061,"correct_conditional",NA,4.81985109778158,0.0641878128593399
4062,"history_naive",15,9.62858994375374e+285,9.62858994375374e+285
4062,"practical_naive",NA,1.5346739740568,0.260795650340463
4062,"correct_conditional",NA,2.10055482859123,0.387691099037221
4063,"history_naive",14,9.6865642242218e+285,9.6865642242218e+285
4063,"practical_naive",NA,2.40763427257078,0.172631803166297
4063,"correct_conditional",NA,5.94714880704214,0.663158972962792
4064,"history_naive",14,9.67687765999748e+285,9.67687765999748e+285
4064,"practical_naive",NA,1.07710013237311,0.169413465806796
4064,"correct_conditional",NA,1.65091648112693,0.646340603112522
4065,"history_naive",14,9.73514268351525e+285,9.73514268351525e+285
4065,"practical_naive",NA,3.13708465750334,0.111841200576945
4065,"correct_conditional",NA,3.14863207983541,0.111643475815127
4066,"history_naive",14,9.68656422422179e+285,9.68656422422179e+285
4066,"practical_naive",NA,1.21660011776893,0.166087840843588
4066,"correct_conditional",NA,1.18148867197614,0.248715428315039
4067,"history_naive",14,9.55183028619454e+285,9.55183028619454e+285
4067,"practical_naive",NA,1.58097685852861,0.63599188912557
4067,"correct_conditional",NA,1.42475409164745,0.986123686504614
4068,"history_naive",15,7.36003159616805e+285,4.9066877307787e+285
4068,"practical_naive",NA,1.97740349631336,0.202039678148117
4068,"correct_conditional",NA,1.0012,0.187078590018371
4069,"history_naive",14,9.76440661991957e+285,9.76440661991957e+285
4069,"practical_naive",NA,5.6315657846542,0.875271235037743
4069,"correct_conditional",NA,1.65013533890137,0.2158605612443
4070,"history_naive",15,9.88234469069014e+285,9.88234469069014e+285
4070,"practical_naive",NA,1.37653594426676,0.224835797114578
4070,"correct_conditional",NA,1.11333249842471,0.247219044828501
4071,"history_naive",14,7.41917769571329e+285,4.94611846380886e+285
4071,"practical_naive",NA,6.54975636499467,1.500842707517
4071,"correct_conditional",NA,15.9007986860141,6.08632870265634
4072,"history_naive",14,9.78396476548577e+285,9.78396476548577e+285
4072,"practical_naive",NA,1.07524055668038,0.346598672508716
4072,"correct_conditional",NA,1.08099047820161,0.300833382442202
4073,"history_naive",14,9.8133754615575e+285,9.8133754615575e+285
4073,"practical_naive",NA,1.26478684613399,0.216510603764361
4073,"correct_conditional",NA,1.23278493743129,0.266790423458765
4074,"history_naive",15,7.30135701263644e+285,4.86757134175763e+285
4074,"practical_naive",NA,1.09726890564764,0.263396983646925
4074,"correct_conditional",NA,1.35094439799545,0.384025299907789
4075,"history_naive",15,9.62858994375376e+285,9.62858994375376e+285
4075,"practical_naive",NA,2.02502264262683,0.216052450765591
4075,"correct_conditional",NA,1.95855116282385,0.474696759763741
4076,"history_naive",14,7.26492316816631e+285,4.84328211211087e+285
4076,"practical_naive",NA,1.47126801724892,0.165235311695258
4076,"correct_conditional",NA,1.50460711868413,0.294158444887415
4077,"history_naive",15,7.27219536352983e+285,4.84813024235322e+285
4077,"practical_naive",NA,3.25763398347238,0.189603367752554
4077,"correct_conditional",NA,3.32578421234982,1.68013489847386
4078,"history_naive",14,9.82319866021768e+285,9.82319866021768e+285
4078,"practical_naive",NA,1.08472902629118,0.258193036339073
4078,"correct_conditional",NA,1.06887314457014,0.452640562706841
4079,"history_naive",14,9.71568213329091e+285,9.71568213329091e+285
4079,"practical_naive",NA,1.58609918157743,0.201464614032056
4079,"correct_conditional",NA,1.05960507329344,0.312827184868092
4080,"history_naive",14,9.73514268351528e+285,9.73514268351528e+285
4080,"practical_naive",NA,1.46181835398961,0.0941983906973322
4080,"correct_conditional",NA,1.58845595389831,0.307992347879412
4081,"history_naive",14,9.71568213329098e+285,9.71568213329098e+285
4081,"practical_naive",NA,8.94881257178899,0.197671553915614
4081,"correct_conditional",NA,5.09193102951386,1.57155927029416
4082,"history_naive",14,9.60934239245616e+285,9.60934239245616e+285
4082,"practical_naive",NA,16.513401921138,0.961868596658575
4082,"correct_conditional",NA,2.1613723440354,0.0668599104221462
4083,"history_naive",14,9.72540754083173e+285,9.72540754083173e+285
4083,"practical_naive",NA,2.33020822245918,0.239763039245644
4083,"correct_conditional",NA,2.17235576539593,0.36307148703498
4084,"history_naive",14,9.83303169190956e+285,9.83303169190956e+285
4084,"practical_naive",NA,1.04787229371975,0.212042273801054
4084,"correct_conditional",NA,1.0158226232126,0.14288829513332
4085,"history_naive",14,9.59973305006375e+285,9.59973305006375e+285
4085,"practical_naive",NA,1.01790553627938,0.226210715035996
4085,"correct_conditional",NA,1.07992958895198,0.398500227183154
4086,"history_naive",14,9.46620687835772e+285,9.46620687835772e+285
4086,"practical_naive",NA,1.09429835300069,0.458252660054779
4086,"correct_conditional",NA,1.58854957305177,0.518967880438987
4087,"history_naive",14,9.74488757108637e+285,9.74488757108637e+285
4087,"practical_naive",NA,1.35911472563121,0.268758832393286
4087,"correct_conditional",NA,1.76607382880945,0.767097207086212
4088,"history_naive",14,1.001171897955e+286,1.001171897955e+286
4088,"practical_naive",NA,1.10096667246805,0.205040257657021
4088,"correct_conditional",NA,1.11560506858274,0.520223416371941
4089,"history_naive",14,7.21422101535752e+285,4.80948067690502e+285
4089,"practical_naive",NA,6.08453085341628,1.04775317324463
4089,"correct_conditional",NA,1.68796960864275,0.592177166356004
4090,"history_naive",15,7.50128044542785e+285,5.00085363028523e+285
4090,"practical_naive",NA,11.6138281880406,0.20748420905085
4090,"correct_conditional",NA,10.2863747992026,1.2388973879766
4091,"history_naive",14,9.6575335815552e+285,9.6575335815552e+285
4091,"practical_naive",NA,2.04745655694793,0.188870374457897
4091,"correct_conditional",NA,2.99456231332095,0.619896408162606
4092,"history_naive",14,9.57096264051292e+285,9.57096264051292e+285
4092,"practical_naive",NA,1.49191708409319,0.261541114090974
4092,"correct_conditional",NA,1.33006922925829,0.112482086717976
4093,"history_naive",14,9.73514268351527e+285,9.73514268351527e+285
4093,"practical_naive",NA,1.02097405667361,0.205520395586892
4093,"correct_conditional",NA,1.03366107887267,0.181155740447533
4094,"history_naive",14,9.66720078233756e+285,9.66720078233756e+285
4094,"practical_naive",NA,7.80105008865359,0.170266611867909
4094,"correct_conditional",358,23.1433176186602,3.18593119340291
4095,"history_naive",15,7.31598165997474e+285,4.87732110664983e+285
4095,"practical_naive",NA,1.24977164256027,0.189964720261996
4095,"correct_conditional",NA,1.33685200191846,0.373001476722822
4096,"history_naive",15,7.33063560054023e+285,4.88709040036015e+285
4096,"practical_naive",NA,1.19215085262358,0.349622536125837
4096,"correct_conditional",NA,1.18556153193098,0.426382196636648
4097,"history_naive",14,7.1638727146459e+285,4.77591514309727e+285
4097,"practical_naive",NA,1.01604629486964,0.231858935997885
4097,"correct_conditional",NA,1.02262198886953,0.110613309187969
4098,"history_naive",14,9.63822817192563e+285,9.63822817192563e+285
4098,"practical_naive",NA,1.33861796104201,0.273529979917112
4098,"correct_conditional",NA,1.36985730132311,0.206664935903277
4099,"history_naive",14,9.8625898836535e+285,9.8625898836535e+285
4099,"practical_naive",NA,1.36389649083769,0.169801046367929
4099,"correct_conditional",NA,1.39141245866046,0.287202742377478
4100,"history_naive",14,7.50128044542784e+285,5.00085363028523e+285
4100,"practical_naive",NA,1.48946559666982,0.23927589248645
4100,"correct_conditional",NA,1.25037892071266,0.167647843993873
4101,"history_naive",14,9.51368023783377e+285,9.51368023783377e+285
4101,"practical_naive",NA,3.48740993167356,0.212619720047106
4101,"correct_conditional",NA,1.4605347540928,0.143891548035091
4102,"history_naive",15,7.30866567831475e+285,4.87244378554317e+285
4102,"practical_naive",NA,1.43111598031383,0.184959049805769
4102,"correct_conditional",NA,4.72524781888189,0.873355780735697
4103,"history_naive",14,7.19979978754781e+285,4.79986652503187e+285
4103,"practical_naive",NA,1.13720899732175,0.188836782207379
4103,"correct_conditional",NA,1.14298621708207,0.236129113605435
4104,"history_naive",15,7.1997997875478e+285,4.79986652503187e+285
4104,"practical_naive",NA,1.41292260767315,0.196882546078629
4104,"correct_conditional",NA,1.66550261383271,0.430166712468341
4105,"history_naive",14,7.25765824499812e+285,4.83843882999875e+285
4105,"practical_naive",NA,1.41261274858178,0.0928140524049336
4105,"correct_conditional",NA,1.05688447886845,0.0558969684297699
4106,"history_naive",14,6.95900293075423e+285,4.63933528716949e+285
4106,"practical_naive",NA,1.43952486458128,0.16631051139038
4106,"correct_conditional",NA,1.30710296704958,0.0617251281033922
4107,"history_naive",14,9.93190499588901e+285,9.93190499588901e+285
4107,"practical_naive",NA,1.66087844445566,0.0666054864935633
4107,"correct_conditional",NA,1.72105826045413,0.196487926641642
4108,"history_naive",15,9.74488757108631e+285,9.74488757108631e+285
4108,"practical_naive",NA,1.03625853829198,0.299646302603603
4108,"correct_conditional",NA,2.24309182891491,1.10133348375749
4109,"history_naive",14,9.36259768526939e+285,9.36259768526939e+285
4109,"practical_naive",NA,1.01555316461783,0.186963959361425
4109,"correct_conditional",NA,1.0168554662227,0.332757686498379
4110,"history_naive",14,9.45674067147938e+285,9.45674067147938e+285
4110,"practical_naive",NA,1.10074731680517,0.201759462010071
4110,"correct_conditional",NA,1.55238119902045,0.779120924406813
4111,"history_naive",14,7.31598165997472e+285,4.87732110664981e+285
4111,"practical_naive",NA,2.10377864749144,0.183003535129322
4111,"correct_conditional",NA,1.1515084192082,0.205587817367522
4112,"history_naive",15,9.63822817192569e+285,9.63822817192569e+285
4112,"practical_naive",NA,1.1887176435891,0.22719075282768
4112,"correct_conditional",NA,1.12598364484005,0.191972758039991
4113,"history_naive",14,7.32330496493965e+285,4.88220330995977e+285
4113,"practical_naive",NA,1.79404956517597,0.181868873275597
4113,"correct_conditional",NA,2.47120006591475,0.423933578971038
4114,"history_naive",14,9.87246234599945e+285,9.87246234599945e+285
4114,"practical_naive",NA,3.18733712427389,0.0186573963771484
4114,"correct_conditional",NA,2.60294057767443,0.0300016260922657
4115,"history_naive",14,9.93190499588903e+285,9.93190499588903e+285
4115,"practical_naive",NA,4.04257619475437,4.01273483364604
4115,"correct_conditional",NA,1.37373667532061,1.27398232510678
4116,"history_naive",14,7.32330496493962e+285,4.88220330995975e+285
4116,"practical_naive",NA,1.79264134442401,0.419884444072365
4116,"correct_conditional",NA,2.96732878418026,0.987178334834333
4117,"history_naive",15,9.71568213329091e+285,9.71568213329091e+285
4117,"practical_naive",NA,1.33750889658652,0.229155408007414
4117,"correct_conditional",NA,1.22341701437396,0.468376271518952
4118,"history_naive",14,7.18540738777249e+285,4.79027159184833e+285
4118,"practical_naive",NA,1.51006707695501,0.289176723174534
4118,"correct_conditional",NA,2.1372893585295,0.410543270826032
4119,"history_naive",14,9.59013331701363e+285,9.59013331701363e+285
4119,"practical_naive",NA,1.66262566263567,0.156836549550129
4119,"correct_conditional",NA,1.29140196019631,0.115084239621979
4120,"history_naive",15,7.4043467594996e+285,4.93623117299973e+285
4120,"practical_naive",NA,1.80525521038118,0.213943537859273
4120,"correct_conditional",NA,1.14264241993541,0.0636991740261967
4121,"history_naive",15,9.90213906668445e+285,9.90213906668445e+285
4121,"practical_naive",NA,1.55954574815143,0.203845382957103
4121,"correct_conditional",NA,1.82896463098813,0.508791401566217
4122,"history_naive",14,7.35267156457192e+285,4.90178104304795e+285
4122,"practical_naive",NA,1.48166067734836,0.287419793667645
4122,"correct_conditional",NA,1.75773854064534,0.448333034650339
4123,"history_naive",14,9.82319866021763e+285,9.82319866021763e+285
4123,"practical_naive",NA,1.58335169581644,0.190205851656981
4123,"correct_conditional",NA,2.25389904082819,1.16658775405897
4124,"history_naive",15,9.7059664511576e+285,9.7059664511576e+285
4124,"practical_naive",NA,1.5648220683,0.240100792213508
4124,"correct_conditional",NA,1.48022488005596,0.201405538981406
4125,"history_naive",14,9.82319866021768e+285,9.82319866021768e+285
4125,"practical_naive",NA,1.15350728004304,0.570587773938168
4125,"correct_conditional",NA,3.74755323356256,2.59775821086931
4126,"history_naive",14,7.22867112894426e+285,4.81911408596284e+285
4126,"practical_naive",NA,1.24908144522829,0.137126512563302
4126,"correct_conditional",NA,1.08549537784434,0.282662313912448
4127,"history_naive",14,7.382155924857e+285,4.921437283238e+285
4127,"practical_naive",NA,12.7281560338034,7.62757726881687
4127,"correct_conditional",NA,2.88311043435299,0.574308210925585
4128,"history_naive",14,7.30866567831474e+285,4.87244378554316e+285
4128,"practical_naive",NA,1.20619032842736,0.167342623077632
4128,"correct_conditional",NA,1.11434439548158,0.385176868774436
4129,"history_naive",14,9.62858994375377e+285,9.62858994375377e+285
4129,"practical_naive",NA,1.61586582004815,0.18212920884006
4129,"correct_conditional",NA,1.83498256721349,0.59592425586348
4130,"history_naive",14,7.33797357411431e+285,4.89198238274287e+285
4130,"practical_naive",NA,1.12710417209094,0.6996472039986
4130,"correct_conditional",NA,1.00737846153846,0.582762200345571
4131,"history_naive",15,9.75464221329966e+285,9.75464221329966e+285
4131,"practical_naive",NA,1.35481922757258,0.202723720655524
4131,"correct_conditional",NA,1.38612043260003,0.65620542214564
4132,"history_naive",14,9.75464221329966e+285,9.75464221329966e+285
4132,"practical_naive",NA,2.27558489760627,0.0699228614411943
4132,"correct_conditional",NA,1.85207212869149,0.164697639000793
4133,"history_naive",15,9.69626048470644e+285,9.69626048470644e+285
4133,"practical_naive",NA,1.64123791249895,0.0499381154685411
4133,"correct_conditional",NA,1.59155387356699,0.156300235468914
4134,"history_naive",15,7.14955213308933e+285,4.76636808872622e+285
4134,"practical_naive",NA,6.46626272166864,0.967658467318944
4134,"correct_conditional",NA,3.27868524375756,0.104823720152533
4135,"history_naive",15,9.73514268351522e+285,9.73514268351522e+285
4135,"practical_naive",NA,1.02903296826513,0.222367283647193
4135,"correct_conditional",NA,1.00313217325444,0.409569027787343
4136,"history_naive",15,9.54227845590833e+285,9.54227845590833e+285
4136,"practical_naive",NA,1.43674314302255,0.141540815699379
4136,"correct_conditional",NA,2.01071095219559,0.504260288948828
4137,"history_naive",14,9.74488757108635e+285,9.74488757108635e+285
4137,"practical_naive",NA,1.07833859098594,0.262816268293667
4137,"correct_conditional",NA,1.01908185471031,0.123084905011449
4138,"history_naive",14,7.41917769571331e+285,4.94611846380887e+285
4138,"practical_naive",NA,1.197385418269,0.315790857784843
4138,"correct_conditional",NA,1.17530702752116,0.183423677370049
4139,"history_naive",14,9.842874566476e+285,9.842874566476e+285
4139,"practical_naive",NA,1.03417195985214,0.235913304542347
4139,"correct_conditional",NA,1.19832730863398,0.450853481148492
4140,"history_naive",14,9.59973305006371e+285,9.59973305006371e+285
4140,"practical_naive",NA,1.81942544380735,0.210252364277796
4140,"correct_conditional",NA,2.79340651171235,0.263993429423293
4141,"history_naive",15,9.66720078233748e+285,9.66720078233748e+285
4141,"practical_naive",NA,1.0123575237031,0.245221454485656
4141,"correct_conditional",NA,1.30037833685964,0.295467048150618
4142,"history_naive",14,9.86258988365345e+285,9.86258988365345e+285
4142,"practical_naive",NA,2.01812584620067,0.0769092479083997
4142,"correct_conditional",NA,1.73455852242301,0.155970288961518
4143,"history_naive",14,9.74488757108631e+285,9.74488757108631e+285
4143,"practical_naive",NA,17.2125253646282,0.0598531842232203
4143,"correct_conditional",NA,4.67517746669702,0.0496424337331392
4144,"history_naive",14,9.56139167787241e+285,9.56139167787241e+285
4144,"practical_naive",206,53.026138932783,0.138081440528376
4144,"correct_conditional",NA,8.55694791063426,0.0830749206901765
4145,"history_naive",14,9.80356208609596e+285,9.80356208609596e+285
4145,"practical_naive",NA,2.29145359852988,0.0921060101698186
4145,"correct_conditional",NA,2.34828021890319,0.144628927662331
4146,"history_naive",14,9.68656422422175e+285,9.68656422422175e+285
4146,"practical_naive",NA,1.06599614884523,0.407350937880832
4146,"correct_conditional",NA,1.04348389015216,0.491601526608044
4147,"history_naive",14,9.79375852400981e+285,9.79375852400981e+285
4147,"practical_naive",NA,1.18122415256401,0.431315914698371
4147,"correct_conditional",NA,1.72948358256857,1.36284029772276
4148,"history_naive",14,7.40434675949959e+285,4.93623117299973e+285
4148,"practical_naive",NA,17.3594271976836,0.498120651346808
4148,"correct_conditional",NA,10.9417701109251,1.97152262727146
4149,"history_naive",15,9.71568213329091e+285,9.71568213329091e+285
4149,"practical_naive",NA,1.27749879987467,0.296104860907153
4149,"correct_conditional",NA,1.13280956789667,0.221618081683188
4150,"history_naive",15,7.26492316816631e+285,4.84328211211088e+285
4150,"practical_naive",NA,2.69937738120855,0.17341492099369
4150,"correct_conditional",NA,2.1172698003779,0.541964285190357
4151,"history_naive",14,9.68656422422179e+285,9.68656422422179e+285
4151,"practical_naive",NA,1.08598193383981,0.212136942482963
4151,"correct_conditional",NA,1.10687418102861,0.27272747905721
4152,"history_naive",15,7.38215592485698e+285,4.92143728323799e+285
4152,"practical_naive",NA,3.91905801381733,0.3768822401713
4152,"correct_conditional",NA,2.9566774311441,0.383625537394896
4153,"history_naive",14,9.83303169190958e+285,9.83303169190958e+285
4153,"practical_naive",NA,1.05230746421684,0.19451894699219
4153,"correct_conditional",NA,1.03928053347037,0.411266931851162
4154,"history_naive",15,7.12812491819692e+285,4.75208327879794e+285
4154,"practical_naive",NA,2.35840916318908,0.184356474532858
4154,"correct_conditional",NA,1.96607372906954,0.226182265692358
4155,"history_naive",14,9.68656422422173e+285,9.68656422422173e+285
4155,"practical_naive",NA,1.00643261192687,0.21061470856778
4155,"correct_conditional",NA,1.3899824220697,0.861297561635547
4156,"history_naive",15,7.25765824499812e+285,4.83843882999875e+285
4156,"practical_naive",NA,1.11876673428024,0.180979044945378
4156,"correct_conditional",NA,1.38197663023114,0.296695657340051
4157,"history_naive",14,9.68656422422174e+285,9.68656422422174e+285
4157,"practical_naive",NA,1.63479972996869,0.10762254351367
4157,"correct_conditional",NA,1.27953780580218,0.413850013946475
4158,"history_naive",14,9.58054318369662e+285,9.58054318369662e+285
4158,"practical_naive",NA,1.02015691794072,0.337236236064485
4158,"correct_conditional",NA,1.06745098649695,0.759408154737816
4159,"history_naive",14,9.68656422422169e+285,9.68656422422169e+285
4159,"practical_naive",NA,1.04226311086957,0.2287197757351
4159,"correct_conditional",NA,1.86318842510119,1.18152829724938
4160,"history_naive",14,9.81337546155747e+285,9.81337546155747e+285
4160,"practical_naive",NA,2.43479615529855,0.371982622313424
4160,"correct_conditional",NA,3.40502161342163,0.659380843235164
4161,"history_naive",14,9.73514268351527e+285,9.73514268351527e+285
4161,"practical_naive",NA,1.08251951850142,0.197561694090837
4161,"correct_conditional",NA,1.08244405106723,0.206291714115656
4162,"history_naive",14,7.22144245781531e+285,4.81429497187688e+285
4162,"practical_naive",NA,2.10704186952228,0.136001668871942
4162,"correct_conditional",NA,2.81319339530586,1.0101198049069
4163,"history_naive",14,7.21422101535749e+285,4.809480676905e+285
4163,"practical_naive",1933,21.0083102557853,8.71656214911735
4163,"correct_conditional",NA,6.14920324089364,1.61408170351942
4164,"history_naive",14,7.22144245781534e+285,4.81429497187689e+285
4164,"practical_naive",NA,2.93722604164168,0.281242213715137
4164,"correct_conditional",NA,1.6827698766128,0.208959140134896
4165,"history_naive",14,9.75464221329971e+285,9.75464221329971e+285
4165,"practical_naive",NA,3.04774156817921,0.133541313231386
4165,"correct_conditional",NA,4.98090961632189,1.97616960748173
4166,"history_naive",15,7.19979978754777e+285,4.79986652503185e+285
4166,"practical_naive",NA,2.32298727003244,0.094051856722775
4166,"correct_conditional",NA,2.03068852524139,0.542170728908838
4167,"history_naive",15,9.72540754083173e+285,9.72540754083173e+285
4167,"practical_naive",NA,1.64026978358653,0.339107453139308
4167,"correct_conditional",NA,1.63294763360104,0.624405849972758
4168,"history_naive",14,9.72540754083172e+285,9.72540754083172e+285
4168,"practical_naive",NA,1.0297853215254,0.32809689228909
4168,"correct_conditional",NA,1.4239187422834,0.591764839735582
4169,"history_naive",15,7.14955213308936e+285,4.76636808872624e+285
4169,"practical_naive",NA,4.92823880864612,0.286808779043785
4169,"correct_conditional",NA,2.31938574033608,0.292529782315525
4170,"history_naive",14,9.65753358155519e+285,9.65753358155519e+285
4170,"practical_naive",NA,1.24057467362249,0.191972220195703
4170,"correct_conditional",NA,1.18895702446115,0.170502526694738
4171,"history_naive",15,9.82319866021767e+285,9.82319866021767e+285
4171,"practical_naive",NA,2.27479398449039,0.081844820834776
4171,"correct_conditional",NA,1.4915485804674,0.0770610425722579
4172,"history_naive",14,9.78396476548574e+285,9.78396476548574e+285
4172,"practical_naive",NA,1.85701592428832,0.216339716603203
4172,"correct_conditional",NA,1.90035198046234,0.163543365007014
4173,"history_naive",14,7.20700679434211e+285,4.80467119622808e+285
4173,"practical_naive",NA,2.02045038868648,0.16362084951061
4173,"correct_conditional",NA,1.04580299403539,0.0549956626382117
4174,"history_naive",15,7.17104375840432e+285,4.78069583893621e+285
4174,"practical_naive",NA,1.12498978475036,0.219276792618936
4174,"correct_conditional",NA,1.09090794355954,0.171554383181372
4175,"history_naive",14,9.72540754083174e+285,9.72540754083174e+285
4175,"practical_naive",NA,1.02817335773976,0.367188188908378
4175,"correct_conditional",NA,1.00770695266272,0.438857878412358
4176,"history_naive",15,7.36739899516325e+285,4.91159933010883e+285
4176,"practical_naive",NA,1.65779513373015,0.280822154746129
4176,"correct_conditional",NA,1.83094744162304,0.71159227472644
4177,"history_naive",14,9.66720078233753e+285,9.66720078233753e+285
4177,"practical_naive",NA,1.28989901009793,0.14606461182033
4177,"correct_conditional",NA,1.3062677227453,0.226594528955719
4178,"history_naive",15,9.57096264051295e+285,9.57096264051295e+285
4178,"practical_naive",NA,1.12910275794864,0.221931028057309
4178,"correct_conditional",NA,1.07110700163196,0.603630203743773
4179,"history_naive",14,9.55183028619457e+285,9.55183028619457e+285
4179,"practical_naive",NA,1.21607937056435,0.157243388217091
4179,"correct_conditional",NA,1.32065725632128,0.325789383378505
4180,"history_naive",14,7.31598165997476e+285,4.87732110664984e+285
4180,"practical_naive",NA,1.69321220333986,0.135076700620826
4180,"correct_conditional",NA,1.25374076967804,0.378080787770878
4181,"history_naive",15,9.72540754083175e+285,9.72540754083175e+285
4181,"practical_naive",NA,1.35459881134559,0.368942336674674
4181,"correct_conditional",NA,1.28475643180227,0.416714732439464
4182,"history_naive",14,9.71568213329091e+285,9.71568213329091e+285
4182,"practical_naive",NA,1.7113762606458,0.0965934851570685
4182,"correct_conditional",NA,1.20131677681815,0.244013174544774
4183,"history_naive",14,9.8231986602176e+285,9.8231986602176e+285
4183,"practical_naive",NA,2.09051572820071,0.228675159192897
4183,"correct_conditional",NA,1.35576070897442,0.208467452721456
4184,"history_naive",15,9.59973305006374e+285,9.59973305006374e+285
4184,"practical_naive",NA,1.3433865132036,0.308081177882843
4184,"correct_conditional",NA,1.3041938523411,0.335190870174838
4185,"history_naive",14,9.40955144100855e+285,9.40955144100855e+285
4185,"practical_naive",NA,2.50527413486483,0.133388314770543
4185,"correct_conditional",NA,2.22027333729875,0.215912527077834
4186,"history_naive",14,9.71568213329094e+285,9.71568213329094e+285
4186,"practical_naive",NA,1.34332013328493,0.122094630922644
4186,"correct_conditional",NA,1.34587436140486,0.184045477028006
4187,"history_naive",14,9.69626048470647e+285,9.69626048470647e+285
4187,"practical_naive",NA,1.13718278210841,0.349669970389906
4187,"correct_conditional",NA,1.00240011095464,0.399113535853828
4188,"history_naive",14,9.7741808007203e+285,9.7741808007203e+285
4188,"practical_naive",NA,1.24089856795211,0.176488577688104
4188,"correct_conditional",NA,1.77800891864569,0.253206708529697
4189,"history_naive",15,9.36259768526943e+285,9.36259768526943e+285
4189,"practical_naive",NA,1.86381660307948,0.0446125626305382
4189,"correct_conditional",NA,1.94892257671288,0.366651059674317
4190,"history_naive",14,9.92197309089306e+285,9.92197309089306e+285
4190,"practical_naive",NA,1.72885014444002,0.131350678144513
4190,"correct_conditional",NA,2.34968669757387,0.247543200188572
4191,"history_naive",15,7.2794748383682e+285,4.8529832255788e+285
4191,"practical_naive",NA,1.23782262801004,0.219179467200376
4191,"correct_conditional",NA,1.08336501039434,0.353197857605997
4192,"history_naive",15,7.35267156457189e+285,4.90178104304793e+285
4192,"practical_naive",NA,2.47365494573572,0.383263577557583
4192,"correct_conditional",NA,6.91092507955172,0.312715171036651
4193,"history_naive",14,9.79375852400974e+285,9.79375852400974e+285
4193,"practical_naive",NA,1.39490424195926,0.18688836305417
4193,"correct_conditional",NA,1.29523657448803,0.144133047090578
4194,"history_naive",15,7.1424025809563e+285,4.76160172063753e+285
4194,"practical_naive",NA,1.42934300675035,0.0879519238323109
4194,"correct_conditional",NA,1.3323076760618,0.165329327094156
4195,"history_naive",14,7.25040058675315e+285,4.83360039116877e+285
4195,"practical_naive",NA,1.78567374319854,0.722421442429455
4195,"correct_conditional",NA,1.60779550977438,1.2764572480007
4196,"history_naive",14,9.61896135380999e+285,9.61896135380999e+285
4196,"practical_naive",NA,1.01993087267148,0.200796164321212
4196,"correct_conditional",NA,1.09915848789385,0.486988526114803
4197,"history_naive",15,9.58054318369662e+285,9.58054318369662e+285
4197,"practical_naive",NA,1.13605240994929,0.198575706843397
4197,"correct_conditional",NA,1.23129182340935,0.687581458717984
4198,"history_naive",14,9.73514268351529e+285,9.73514268351529e+285
4198,"practical_naive",NA,1.13429375168037,0.313441116818994
4198,"correct_conditional",NA,1.02351994719451,0.0770755734931053
4199,"history_naive",14,9.61896135380998e+285,9.61896135380998e+285
4199,"practical_naive",NA,1.18327877005808,0.387551117899068
4199,"correct_conditional",NA,2.1227522261214,1.73118657638228
4200,"history_naive",14,9.47568256091857e+285,9.47568256091857e+285
4200,"practical_naive",NA,2.35455093765717,0.0587466078938981
4200,"correct_conditional",NA,1.69186315769156,0.0983818568477457
4201,"history_naive",14,9.75464221329965e+285,9.75464221329965e+285
4201,"practical_naive",NA,2.3870317016386,0.262575712722503
4201,"correct_conditional",NA,3.29148672661171,0.387048590720304
4202,"history_naive",14,9.8724623459995e+285,9.8724623459995e+285
4202,"practical_naive",NA,1.88304266011197,0.138634109069955
4202,"correct_conditional",NA,2.18406599116745,0.445499256094736
4203,"history_naive",14,9.97173213390882e+285,9.97173213390882e+285
4203,"practical_naive",NA,2.90812903081695,0.122328922905578
4203,"correct_conditional",NA,2.05723553328686,0.0864022309483723
4204,"history_naive",15,9.58054318369663e+285,9.58054318369663e+285
4204,"practical_naive",NA,1.10300583378777,0.254951695254872
4204,"correct_conditional",NA,1.09497007913417,0.635830606815946
4205,"history_naive",14,9.73514268351521e+285,9.73514268351521e+285
4205,"practical_naive",NA,1.2138023490901,0.297969960039757
4205,"correct_conditional",NA,1.21228726840962,0.153048193142453
4206,"history_naive",14,9.83303169190958e+285,9.83303169190958e+285
4206,"practical_naive",NA,2.69678877763269,0.135685683447557
4206,"correct_conditional",NA,3.49256630964837,1.75847927585445
4207,"history_naive",15,7.36739899516323e+285,4.91159933010882e+285
4207,"practical_naive",NA,3.32080926356559,0.133932523819061
4207,"correct_conditional",NA,2.07331448946307,0.104697590468119
4208,"history_naive",14,7.27219536352984e+285,4.84813024235323e+285
4208,"practical_naive",NA,2.4656302057402,0.541085389871096
4208,"correct_conditional",NA,3.92132187519986,1.78148794244853
4209,"history_naive",14,9.64787604797364e+285,9.64787604797364e+285
4209,"practical_naive",NA,1.4059724316131,0.171080247715213
4209,"correct_conditional",NA,1.28452864836117,0.170714912383459
4210,"history_naive",15,9.8133754615574e+285,9.8133754615574e+285
4210,"practical_naive",NA,1.7823956242044,0.22488353872012
4210,"correct_conditional",NA,3.17530990563352,0.358732593671288
4211,"history_naive",14,9.64787604797363e+285,9.64787604797363e+285
4211,"practical_naive",NA,1.32735393384894,0.149782576130331
4211,"correct_conditional",NA,2.17939069820105,0.808570813962981
4212,"history_naive",15,9.56139167787243e+285,9.56139167787243e+285
4212,"practical_naive",NA,1.87051787024978,0.219005701075901
4212,"correct_conditional",NA,1.56582353789953,0.672235533525707
4213,"history_naive",14,7.36739899516324e+285,4.91159933010882e+285
4213,"practical_naive",NA,11.0103212849592,1.11935233591922
4213,"correct_conditional",NA,9.96765813796918,0.579172347340576
4214,"history_naive",14,9.64787604797358e+285,9.64787604797358e+285
4214,"practical_naive",NA,1.58031210179503,0.481994606774102
4214,"correct_conditional",NA,2.06623814395924,1.04503329420295
4215,"history_naive",15,7.0430563107585e+285,4.695370873839e+285
4215,"practical_naive",NA,1.13060368754862,0.170517159651409
4215,"correct_conditional",NA,1.08084893701832,0.195917896710949
4216,"history_naive",14,9.80356208609588e+285,9.80356208609588e+285
4216,"practical_naive",NA,1.58136770624168,0.240076327897485
4216,"correct_conditional",NA,2.7925855241139,1.10529394991652
4217,"history_naive",14,7.38954547032737e+285,4.92636364688492e+285
4217,"practical_naive",NA,2.56989215426538,0.220959451565589
4217,"correct_conditional",NA,2.18121241305123,0.155334503594286
4218,"history_naive",14,7.28676159996817e+285,4.85784106664544e+285
4218,"practical_naive",NA,14.624582847922,0.636747041798188
4218,"correct_conditional",NA,10.2666325346046,0.904783867095412
4219,"history_naive",14,9.76440661991957e+285,9.76440661991957e+285
4219,"practical_naive",NA,1.48491094387366,0.186968068251928
4219,"correct_conditional",NA,1.77336278849459,0.185083456806558
4220,"history_naive",14,9.62858994375369e+285,9.62858994375369e+285
4220,"practical_naive",NA,1.1779000874623,0.221714346833432
4220,"correct_conditional",NA,1.13428935940164,0.204833793502226
4221,"history_naive",14,9.67687765999751e+285,9.67687765999751e+285
4221,"practical_naive",NA,6.04593138955555,0.0323955701808316
4221,"correct_conditional",NA,7.9199023012842,0.257422231061234
4222,"history_naive",14,9.71568213329091e+285,9.71568213329091e+285
4222,"practical_naive",NA,1.00189945167653,0.282067998406671
4222,"correct_conditional",NA,1.43128764734294,0.651337610170889
4223,"history_naive",14,9.80356208609586e+285,9.80356208609586e+285
4223,"practical_naive",NA,1.01180637590028,0.244624348852862
4223,"correct_conditional",NA,1.01238423039392,0.250054733262649
4224,"history_naive",15,7.16387271464591e+285,4.77591514309728e+285
4224,"practical_naive",NA,2.10569292142962,0.160605350397189
4224,"correct_conditional",NA,2.8841112164819,0.901549876578447
4225,"history_naive",15,9.58054318369665e+285,9.58054318369665e+285
4225,"practical_naive",NA,4.10083486537839,0.128732323326665
4225,"correct_conditional",NA,14.3416275124651,2.51120537773729
4226,"history_naive",14,7.28676159996819e+285,4.85784106664546e+285
4226,"practical_naive",NA,1.70030525557638,0.199439386527754
4226,"correct_conditional",NA,1.07474443984975,0.12422559174609
4227,"history_naive",14,7.3379735741143e+285,4.89198238274287e+285
4227,"practical_naive",NA,1.64829821041336,0.24253413293848
4227,"correct_conditional",NA,1.69233081982033,0.456156665451164
4228,"history_naive",15,9.6382281719257e+285,9.6382281719257e+285
4228,"practical_naive",NA,1.0032450486032,0.245325429840712
4228,"correct_conditional",NA,1.02503049080879,0.376748046041608
4229,"history_naive",15,9.80356208609587e+285,9.80356208609587e+285
4229,"practical_naive",NA,1.63934738630609,0.221358917026961
4229,"correct_conditional",NA,1.85143634451429,0.468828816941315
4230,"history_naive",15,9.76440661991952e+285,9.76440661991952e+285
4230,"practical_naive",NA,1.21269389110507,0.375433715527117
4230,"correct_conditional",NA,1.72620245531329,0.937909059035286
4231,"history_naive",14,7.2214424578153e+285,4.81429497187687e+285
4231,"practical_naive",NA,1.00264763076923,0.539786487925407
4231,"correct_conditional",NA,1.0008,0.548560331039516
4232,"history_naive",14,9.6285899437537e+285,9.6285899437537e+285
4232,"practical_naive",NA,1.45418015994575,0.312814998624124
4232,"correct_conditional",NA,1.44505917238549,0.298959947088446
4233,"history_naive",14,9.62858994375375e+285,9.62858994375375e+285
4233,"practical_naive",NA,1.60508462617128,0.262156268906948
4233,"correct_conditional",NA,2.38000141983037,0.103716565420661
4234,"history_naive",15,7.19259998776025e+285,4.79506665850683e+285
4234,"practical_naive",NA,1.53193463712511,0.122447847911734
4234,"correct_conditional",NA,1.94248093577199,0.444189346584353
4235,"history_naive",14,7.14955213308933e+285,4.76636808872622e+285
4235,"practical_naive",NA,6.25996540806058,0.197288521220903
4235,"correct_conditional",NA,1.89047131682417,0.0845591362811905
4236,"history_naive",14,7.03601325444773e+285,4.69067550296515e+285
4236,"practical_naive",NA,1.51611451297983,0.210351223060241
4236,"correct_conditional",NA,1.29322963828777,0.368716280364832
4237,"history_naive",15,9.58054318369663e+285,9.58054318369663e+285
4237,"practical_naive",NA,1.51223942604009,0.220989420847132
4237,"correct_conditional",NA,1.22272215511307,0.699037874394254
4238,"history_naive",14,7.27219536352986e+285,4.84813024235324e+285
4238,"practical_naive",NA,1.09235519556293,1.06349428068876
4238,"correct_conditional",NA,1.42762368001664,0.77640036992168
4239,"history_naive",14,7.30866567831472e+285,4.87244378554315e+285
4239,"practical_naive",NA,1.0178450004355,0.212743933110298
4239,"correct_conditional",NA,1.00044462783531,0.144243359848321
4240,"history_naive",15,7.1567088419313e+285,4.7711392279542e+285
4240,"practical_naive",NA,5.17828993804627,0.21814441709017
4240,"correct_conditional",NA,2.27447341121577,0.447135796104877
4241,"history_naive",15,9.71568213329089e+285,9.71568213329089e+285
4241,"practical_naive",NA,1.59881311115941,0.354246413409434
4241,"correct_conditional",NA,1.29463747288034,0.636097468000803
4242,"history_naive",14,7.20700679434214e+285,4.80467119622809e+285
4242,"practical_naive",NA,2.01887200453151,0.330074855603086
4242,"correct_conditional",NA,5.01905276623098,2.02793787198861
4243,"history_naive",14,9.41897041141996e+285,9.41897041141996e+285
4243,"practical_naive",NA,1.18550539921158,0.489744795506489
4243,"correct_conditional",NA,2.14319457652762,0.520142206380759
4244,"history_naive",15,9.69626048470648e+285,9.69626048470648e+285
4244,"practical_naive",NA,3.15514216365513,0.164559220291683
4244,"correct_conditional",NA,2.28928955963797,0.190365195479008
4245,"history_naive",15,9.59013331701365e+285,9.59013331701365e+285
4245,"practical_naive",NA,1.56371538591846,0.187245012449492
4245,"correct_conditional",NA,1.42550853701254,0.139361603603408
4246,"history_naive",14,9.44728393080784e+285,9.44728393080784e+285
4246,"practical_naive",NA,1.09359397672623,0.35192383297142
4246,"correct_conditional",NA,1.38721366158085,0.910566092466526
4247,"history_naive",14,9.55183028619455e+285,9.55183028619455e+285
4247,"practical_naive",NA,2.17353859872539,0.181952576851276
4247,"correct_conditional",NA,3.2870519914223,0.843787024361088
4248,"history_naive",15,9.2879585328718e+285,9.2879585328718e+285
4248,"practical_naive",NA,1.55354773568986,0.152086525683504
4248,"correct_conditional",NA,1.45493478190345,0.197681936218833
4249,"history_naive",14,9.73514268351527e+285,9.73514268351527e+285
4249,"practical_naive",NA,1.41056709670161,0.385084838686991
4249,"correct_conditional",NA,1.23392476272943,0.573538570996577
4250,"history_naive",14,9.70596645115757e+285,9.70596645115757e+285
4250,"practical_naive",NA,1.58606696573562,0.127398660592382
4250,"correct_conditional",NA,1.33396929103645,0.166085873763439
4251,"history_naive",14,7.22867112894422e+285,4.81911408596281e+285
4251,"practical_naive",NA,2.49958938576783,0.511347972286315
4251,"correct_conditional",NA,1.76258395989939,0.293444803515092
4252,"history_naive",14,9.77418080072025e+285,9.77418080072025e+285
4252,"practical_naive",NA,1.32661175987339,0.22805346799056
4252,"correct_conditional",NA,1.94164746709168,0.771011420647233
4253,"history_naive",14,9.76440661991955e+285,9.76440661991955e+285
4253,"practical_naive",NA,1.64407451235733,0.234900392178576
4253,"correct_conditional",NA,1.98934425996078,0.57673882143555
4254,"history_naive",15,7.36003159616807e+285,4.90668773077871e+285
4254,"practical_naive",NA,3.17030590023592,0.966351161757898
4254,"correct_conditional",NA,1.40983403584796,0.345398768991387
4255,"history_naive",15,9.51368023783373e+285,9.51368023783373e+285
4255,"practical_naive",NA,1.18349730768137,0.189466373584385
4255,"correct_conditional",NA,1.48936360039826,0.450076494028584
4256,"history_naive",14,9.55183028619453e+285,9.55183028619453e+285
4256,"practical_naive",NA,1.4445191516964,0.128306808702444
4256,"correct_conditional",NA,1.51487323771396,0.155506370231163
4257,"history_naive",14,9.57096264051299e+285,9.57096264051299e+285
4257,"practical_naive",NA,9.77587812768834,0.202457832120664
4257,"correct_conditional",766,20.6269061550678,0.688626485146984
4258,"history_naive",14,7.23590703598025e+285,4.82393802398683e+285
4258,"practical_naive",NA,5.05278725572441,3.38246244076709
4258,"correct_conditional",NA,4.25570052671731,1.33164718706672
4259,"history_naive",14,7.38954547032737e+285,4.92636364688491e+285
4259,"practical_naive",NA,12.4852540621398,0.268362688699835
4259,"correct_conditional",NA,4.15438432869578,0.61327177973116
4260,"history_naive",15,7.32330496493966e+285,4.88220330995977e+285
4260,"practical_naive",NA,1.80380769455879,0.1768848883966
4260,"correct_conditional",NA,1.62941737160393,0.207454548914455
4261,"history_naive",14,7.36003159616805e+285,4.9066877307787e+285
4261,"practical_naive",NA,2.67872263708524,0.0694113268163508
4261,"correct_conditional",NA,2.93716521289796,0.114558350565927
4262,"history_naive",15,9.6865642242217e+285,9.6865642242217e+285
4262,"practical_naive",NA,1.36470241113295,0.264449868190055
4262,"correct_conditional",NA,2.03303131345155,1.25265161924229
4263,"history_naive",14,9.60934239245618e+285,9.60934239245618e+285
4263,"practical_naive",NA,1.67684296026326,0.477459815197367
4263,"correct_conditional",NA,2.26918702201963,0.707346560163113
4264,"history_naive",14,7.39694241274009e+285,4.93129494182673e+285
4264,"practical_naive",NA,4.92679637203979,0.128313297312623
4264,"correct_conditional",NA,5.47474174440012,0.57536637985158
4265,"history_naive",15,9.67687765999753e+285,9.67687765999753e+285
4265,"practical_naive",285,603.627997115638,0.248128539231012
4265,"correct_conditional",371,22.2839674820451,0.064422456678111
4266,"history_naive",14,9.8823446906902e+285,9.8823446906902e+285
4266,"practical_naive",NA,8.48055966676407,1.24208778092455
4266,"correct_conditional",NA,6.59630358128651,4.25868065349564
4267,"history_naive",14,9.6768776599975e+285,9.6768776599975e+285
4267,"practical_naive",NA,2.4124988970935,0.22000882690289
4267,"correct_conditional",NA,3.7619395739516,0.647625506014038
4268,"history_naive",14,7.2070067943421e+285,4.80467119622807e+285
4268,"practical_naive",NA,1.88741062806549,0.207288808616196
4268,"correct_conditional",NA,1.43547736642908,0.227678069868461
4269,"history_naive",15,9.65753358155518e+285,9.65753358155518e+285
4269,"practical_naive",NA,1.08605556411119,0.222431539358563
4269,"correct_conditional",NA,1.15871238338795,0.464355591340097
4270,"history_naive",15,9.62858994375377e+285,9.62858994375377e+285
4270,"practical_naive",NA,6.80262377943602,0.103514595934026
4270,"correct_conditional",NA,4.31097999432372,0.106326569866255
4271,"history_naive",14,9.55183028619451e+285,9.55183028619451e+285
4271,"practical_naive",NA,1.04530090587399,0.293676292611155
4271,"correct_conditional",NA,1.1756456541354,0.236170443742559
4272,"history_naive",14,9.79375852400977e+285,9.79375852400977e+285
4272,"practical_naive",NA,1.42007636297568,0.0901414575278777
4272,"correct_conditional",NA,1.45424630091835,0.707186616939287
4273,"history_naive",14,9.42839881023017e+285,9.42839881023017e+285
4273,"practical_naive",NA,1.01564230504232,0.426623768007246
4273,"correct_conditional",NA,1.02452127234266,0.777126351086647
4274,"history_naive",14,9.59973305006375e+285,9.59973305006375e+285
4274,"practical_naive",NA,2.25530880847658,0.148114550965743
4274,"correct_conditional",NA,2.43133233866824,0.0772491103694772
4275,"history_naive",14,7.31598165997473e+285,4.87732110664982e+285
4275,"practical_naive",NA,1.13739435190991,0.213318945222843
4275,"correct_conditional",NA,1.04540998671112,0.212093069212232
4276,"history_naive",15,9.6382281719257e+285,9.6382281719257e+285
4276,"practical_naive",NA,3.8726670424161,0.183830436443977
4276,"correct_conditional",NA,2.70693087663741,0.213262052523795
4277,"history_naive",14,9.69626048470643e+285,9.69626048470643e+285
4277,"practical_naive",NA,1.04578169391667,0.186030455574189
4277,"correct_conditional",NA,1.06680666028169,0.652512297959356
4278,"history_naive",14,9.75464221329963e+285,9.75464221329963e+285
4278,"practical_naive",NA,16.0323978195225,1.02488173347642
4278,"correct_conditional",NA,6.05391109676758,0.0294523346083004
4279,"history_naive",14,9.76440661991951e+285,9.76440661991951e+285
4279,"practical_naive",NA,3.15684130623667,0.130690911209849
4279,"correct_conditional",NA,1.52854505284539,0.0437896862881452
4280,"history_naive",15,7.34531889300729e+285,4.89687926200486e+285
4280,"practical_naive",NA,1.51478920846258,0.166563513694673
4280,"correct_conditional",NA,1.39383235477539,0.168568759401592
4281,"history_naive",15,1.001171897955e+286,1.001171897955e+286
4281,"practical_naive",NA,2.31998170101769,0.477553410344569
4281,"correct_conditional",NA,1.99391983989146,0.322021604317004
4282,"history_naive",14,9.70596645115762e+285,9.70596645115762e+285
4282,"practical_naive",NA,1.21862856185207,0.297739111930939
4282,"correct_conditional",NA,1.74831539711133,0.695027523437464
4283,"history_naive",15,9.52320344127504e+285,9.52320344127504e+285
4283,"practical_naive",NA,1.31142804637942,0.185272565563229
4283,"correct_conditional",NA,1.64211749353726,0.158942052205517
4284,"history_naive",15,9.52320344127501e+285,9.52320344127501e+285
4284,"practical_naive",NA,1.33773905906998,0.637022783963064
4284,"correct_conditional",NA,3.28664826606657,1.40437368373576
4285,"history_naive",14,9.87246234599944e+285,9.87246234599944e+285
4285,"practical_naive",NA,1.11813354560989,0.33887707936899
4285,"correct_conditional",NA,1.53629830132616,0.906059090458358
4286,"history_naive",14,9.46620687835766e+285,9.46620687835766e+285
4286,"practical_naive",NA,1.25698815944503,0.171944811311369
4286,"correct_conditional",NA,1.32911364949778,0.434793549180313
4287,"history_naive",15,9.4283988102302e+285,9.4283988102302e+285
4287,"practical_naive",NA,1.61481793610486,0.165402019169586
4287,"correct_conditional",NA,1.37665657395557,0.0913638056355746
4288,"history_naive",15,9.71568213329091e+285,9.71568213329091e+285
4288,"practical_naive",NA,1.3959022390416,0.258427401268447
4288,"correct_conditional",NA,1.68689669291107,0.854881117909944
4289,"history_naive",14,7.53136073030256e+285,5.02090715353504e+285
4289,"practical_naive",NA,1.06703111160385,0.178490161290002
4289,"correct_conditional",NA,1.08520964100043,0.226784840139114
4290,"history_naive",14,7.14955213308938e+285,4.76636808872625e+285
4290,"practical_naive",1316,41.1426551091377,0.788423485211226
4290,"correct_conditional",1189,59.264854310546,8.43700404452183
4291,"history_naive",14,9.63822817192568e+285,9.63822817192568e+285
4291,"practical_naive",NA,1.33816994311648,0.356496743122765
4291,"correct_conditional",NA,3.65059896354366,2.68444392060167
4292,"history_naive",15,9.84287456647602e+285,9.84287456647602e+285
4292,"practical_naive",NA,5.30461490168443,0.903972785363328
4292,"correct_conditional",NA,4.80759953045171,0.831276774211688
4293,"history_naive",15,7.35267156457193e+285,4.90178104304795e+285
4293,"practical_naive",NA,10.7333386622307,0.300273113954541
4293,"correct_conditional",NA,3.48961201248893,0.273344635093534
4294,"history_naive",14,9.88234469069015e+285,9.88234469069015e+285
4294,"practical_naive",NA,1.60586925385185,0.182143369615866
4294,"correct_conditional",NA,2.38355702501103,0.667825974840548
4295,"history_naive",14,9.57096264051294e+285,9.57096264051294e+285
4295,"practical_naive",NA,5.45872849616903,0.194455544763957
4295,"correct_conditional",NA,7.66960231372263,1.11762809216778
4296,"history_naive",14,9.74488757108632e+285,9.74488757108632e+285
4296,"practical_naive",NA,3.9459671594848,0.286762982267845
4296,"correct_conditional",NA,4.15843583638446,0.700347144788411
4297,"history_naive",14,7.22867112894425e+285,4.81911408596283e+285
4297,"practical_naive",NA,1.02471338590439,0.231111225517971
4297,"correct_conditional",NA,1.01895734598574,0.380495459983232
4298,"history_naive",14,7.2142210153575e+285,4.809480676905e+285
4298,"practical_naive",NA,4.75626984935944,0.0852267457292991
4298,"correct_conditional",NA,1.51398159556328,0.14945657879185
4299,"history_naive",15,9.54227845590834e+285,9.54227845590834e+285
4299,"practical_naive",NA,1.2564789658421,0.223911493780628
4299,"correct_conditional",NA,1.30822545941911,0.590283367752086
4300,"history_naive",14,7.3673989951632e+285,4.9115993301088e+285
4300,"practical_naive",NA,1.03017778703522,0.266181413017067
4300,"correct_conditional",NA,1.02367406044988,0.555798881764849
4301,"history_naive",15,9.76440661991954e+285,9.76440661991954e+285
4301,"practical_naive",NA,4.74510548997255,0.230114949830179
4301,"correct_conditional",NA,2.37310964489165,0.0106620015718613
4302,"history_naive",14,9.67687765999756e+285,9.67687765999756e+285
4302,"practical_naive",NA,9.96700036495528,2.89138350753908
4302,"correct_conditional",NA,4.17978364741229,0.190589952280612
4303,"history_naive",14,9.72540754083169e+285,9.72540754083169e+285
4303,"practical_naive",NA,1.28968432356305,0.615274142577817
4303,"correct_conditional",NA,2.16979742829458,1.16390656756101
4304,"history_naive",14,9.66720078233748e+285,9.66720078233748e+285
4304,"practical_naive",NA,1.74911039720078,0.199621486041127
4304,"correct_conditional",NA,1.32822053246323,0.361303328305669
4305,"history_naive",14,9.58054318369665e+285,9.58054318369665e+285
4305,"practical_naive",NA,1.07767139081112,0.208151577560103
4305,"correct_conditional",NA,1.02007947738489,0.254570808504204
4306,"history_naive",15,9.93190499588902e+285,9.93190499588902e+285
4306,"practical_naive",NA,2.20450649436127,1.95912623159218
4306,"correct_conditional",NA,4.45182054764031,3.37430678745961
4307,"history_naive",15,9.67687765999758e+285,9.67687765999758e+285
4307,"practical_naive",NA,1.84703026633627,0.116206799197663
4307,"correct_conditional",NA,1.12743181008643,0.213170559265989
4308,"history_naive",15,7.19259998776024e+285,4.79506665850683e+285
4308,"practical_naive",NA,1.40737107285674,0.206415425439581
4308,"correct_conditional",NA,1.2833549414321,0.228062724587082
4309,"history_naive",14,9.63822817192568e+285,9.63822817192568e+285
4309,"practical_naive",NA,6.18864913870131,3.96481864052316
4309,"correct_conditional",NA,1.92200920387361,1.50491870243739
4310,"history_naive",14,9.63822817192563e+285,9.63822817192563e+285
4310,"practical_naive",NA,3.5655383473438,0.21268241656345
4310,"correct_conditional",NA,2.76934046825537,0.568916915333116
4311,"history_naive",15,7.26492316816628e+285,4.84328211211086e+285
4311,"practical_naive",NA,2.74693569875289,0.210909449566583
4311,"correct_conditional",NA,1.73021182473827,0.167321829513345
4312,"history_naive",14,9.47568256091862e+285,9.47568256091862e+285
4312,"practical_naive",NA,1.34662340875138,0.202071884398261
4312,"correct_conditional",NA,1.26749634351402,0.203638247271411
4313,"history_naive",14,9.6865642242218e+285,9.6865642242218e+285
4313,"practical_naive",NA,1.35739474093101,0.217859604290789
4313,"correct_conditional",NA,1.14403732951161,0.302399425057898
4314,"history_naive",15,9.78396476548575e+285,9.78396476548575e+285
4314,"practical_naive",NA,3.00508150813574,0.205713973131955
4314,"correct_conditional",NA,1.31717675886026,0.0336958231677828
4315,"history_naive",14,9.83303169190956e+285,9.83303169190956e+285
4315,"practical_naive",NA,1.73682338687706,0.165474631027176
4315,"correct_conditional",NA,1.9616918166874,0.596100755289892
4316,"history_naive",14,9.67687765999755e+285,9.67687765999755e+285
4316,"practical_naive",NA,1.41994134113881,0.113509414796617
4316,"correct_conditional",NA,1.20967140543903,0.352701132448496
4317,"history_naive",14,9.63822817192565e+285,9.63822817192565e+285
4317,"practical_naive",NA,3.53340568875706,0.214056946236007
4317,"correct_conditional",NA,3.89052945287935,1.41229016494943
4318,"history_naive",15,9.61896135381002e+285,9.61896135381002e+285
4318,"practical_naive",NA,1.27404048689006,0.0693384865540539
4318,"correct_conditional",NA,1.30643451584179,0.127441353773936
4319,"history_naive",14,9.70596645115763e+285,9.70596645115763e+285
4319,"practical_naive",NA,1.4517633328383,0.101364303490281
4319,"correct_conditional",NA,1.35529970309311,0.117575127868974
4320,"history_naive",14,7.2214424578153e+285,4.81429497187686e+285
4320,"practical_naive",NA,1.54034945467918,0.140683990444446
4320,"correct_conditional",NA,1.89870200160536,0.328872760333308
4321,"history_naive",14,9.72540754083176e+285,9.72540754083176e+285
4321,"practical_naive",NA,6.60181032369007,0.185423137106146
4321,"correct_conditional",NA,2.3808033851168,0.974323177467841
4322,"history_naive",15,9.78396476548579e+285,9.78396476548579e+285
4322,"practical_naive",NA,1.75523787723188,0.079447174767273
4322,"correct_conditional",NA,2.37657069229219,0.164323877832057
4323,"history_naive",14,9.70596645115762e+285,9.70596645115762e+285
4323,"practical_naive",NA,1.16279340192321,0.226744014726549
4323,"correct_conditional",NA,2.04009641588264,0.304923621898105
4324,"history_naive",15,9.54227845590833e+285,9.54227845590833e+285
4324,"practical_naive",NA,1.40894890791037,0.130341057843491
4324,"correct_conditional",NA,1.88009067300108,0.227415997108398
4325,"history_naive",15,9.57096264051293e+285,9.57096264051293e+285
4325,"practical_naive",NA,1.64380522026535,0.339925146699902
4325,"correct_conditional",NA,1.18889894245417,0.274300345924348
4326,"history_naive",14,9.79375852400976e+285,9.79375852400976e+285
4326,"practical_naive",NA,2.17057461514959,0.0776195731638871
4326,"correct_conditional",NA,3.86076276338173,0.199847631612683
4327,"history_naive",14,9.57096264051291e+285,9.57096264051291e+285
4327,"practical_naive",NA,4.11851614075089,0.827557042393934
4327,"correct_conditional",NA,4.39457786811497,0.699645983098053
4328,"history_naive",14,9.96176040177489e+285,9.96176040177489e+285
4328,"practical_naive",NA,1.08362091659562,0.213423779005547
4328,"correct_conditional",NA,1.18945655429903,0.581240019332014
4329,"history_naive",14,9.65753358155521e+285,9.65753358155521e+285
4329,"practical_naive",NA,1.08259382338786,0.21361540410972
4329,"correct_conditional",NA,1.05529405606633,0.294524583758023
4330,"history_naive",14,9.74488757108637e+285,9.74488757108637e+285
4330,"practical_naive",NA,1.77149181657315,0.184386556713785
4330,"correct_conditional",NA,1.97869341908787,0.459236084621584
4331,"history_naive",14,9.63822817192567e+285,9.63822817192567e+285
4331,"practical_naive",NA,5.34406440103675,0.765096380910431
4331,"correct_conditional",NA,3.36243434455076,2.938626780677
4332,"history_naive",14,9.75464221329963e+285,9.75464221329963e+285
4332,"practical_naive",NA,1.1077949557444,0.196547033771654
4332,"correct_conditional",NA,1.21718411534996,0.292097202676225
4333,"history_naive",14,9.59973305006372e+285,9.59973305006372e+285
4333,"practical_naive",NA,1.02013035423733,0.413671218198005
4333,"correct_conditional",NA,2.05291272439697,0.704815318908285
4334,"history_naive",15,7.21422101535749e+285,4.809480676905e+285
4334,"practical_naive",NA,1.31027531355513,0.196239670131558
4334,"correct_conditional",NA,1.37465264189975,0.296712104397983
4335,"history_naive",14,7.36003159616807e+285,4.90668773077871e+285
4335,"practical_naive",NA,8.15080749152732,1.04238210787
4335,"correct_conditional",625,36.9195061349018,17.9054670765843
4336,"history_naive",15,7.20700679434213e+285,4.80467119622809e+285
4336,"practical_naive",NA,7.93836439175517,0.0590731584600655
4336,"correct_conditional",NA,12.1637092818191,0.254420281717486
4337,"history_naive",15,9.97173213390882e+285,9.97173213390882e+285
4337,"practical_naive",NA,1.72332784455098,0.25312632363333
4337,"correct_conditional",NA,2.22588388259491,0.832712696767705
4338,"history_naive",14,9.58054318369667e+285,9.58054318369667e+285
4338,"practical_naive",NA,5.30379786361961,0.220738343788686
4338,"correct_conditional",NA,5.36283200059034,1.07206335485691
4339,"history_naive",14,7.22867112894429e+285,4.81911408596286e+285
4339,"practical_naive",NA,1.00114023910181,0.26619751433835
4339,"correct_conditional",NA,1.00230769230769,0.281742509691947
4340,"history_naive",14,7.19979978754781e+285,4.79986652503187e+285
4340,"practical_naive",NA,1.64298587508122,0.090829879943722
4340,"correct_conditional",NA,1.86817868670513,0.208153693488603
4341,"history_naive",14,9.67687765999754e+285,9.67687765999754e+285
4341,"practical_naive",NA,2.72920719748932,0.130067965899584
4341,"correct_conditional",NA,2.07495830938479,0.0871683337421638
4342,"history_naive",14,7.30866567831477e+285,4.87244378554318e+285
4342,"practical_naive",NA,1.04850714054581,0.137452790694581
4342,"correct_conditional",NA,1.01911765346223,0.238754776376031
4343,"history_naive",14,9.84287456647608e+285,9.84287456647608e+285
4343,"practical_naive",NA,7.27827932235757,0.421698594739159
4343,"correct_conditional",NA,5.80192868665627,0.253306299173595
4344,"history_naive",14,9.9617604017749e+285,9.9617604017749e+285
4344,"practical_naive",NA,11.1094018540192,0.0306811832779933
4344,"correct_conditional",NA,6.11828253715494,0.033680952989029
4345,"history_naive",14,9.82319866021767e+285,9.82319866021767e+285
4345,"practical_naive",NA,1.08212847388667,0.130098962636064
4345,"correct_conditional",NA,1.34463143756902,0.230982775485715
4346,"history_naive",14,9.66720078233757e+285,9.66720078233757e+285
4346,"practical_naive",NA,16.8069227046719,0.327978654252267
4346,"correct_conditional",NA,2.79230204325512,0.490025709430999
4347,"history_naive",14,9.57096264051295e+285,9.57096264051295e+285
4347,"practical_naive",NA,3.75073120792593,0.189602492885008
4347,"correct_conditional",NA,1.50706502104788,0.0615000392801989
4348,"history_naive",14,9.60934239245615e+285,9.60934239245615e+285
4348,"practical_naive",NA,1.20395513497882,0.180788767515207
4348,"correct_conditional",NA,1.03610082290873,0.242857005434864
4349,"history_naive",15,7.27219536352984e+285,4.84813024235322e+285
4349,"practical_naive",734,108.812648443049,0.450969540993076
4349,"correct_conditional",830,22.7028422409924,0.286384637383313
4350,"history_naive",14,9.7059664511576e+285,9.7059664511576e+285
4350,"practical_naive",NA,1.17940613980023,0.545399217426912
4350,"correct_conditional",NA,1.1261617248865,0.37725728493992
4351,"history_naive",14,7.36739899516327e+285,4.91159933010885e+285
4351,"practical_naive",NA,1.64935791545923,0.183242764796705
4351,"correct_conditional",NA,1.11893897078322,0.0958388393740456
4352,"history_naive",14,7.38215592485704e+285,4.92143728323803e+285
4352,"practical_naive",NA,2.25913570694086,0.237397953697815
4352,"correct_conditional",NA,1.05297642694115,0.257236703825336
4353,"history_naive",14,9.60934239245617e+285,9.60934239245617e+285
4353,"practical_naive",NA,1.14276864250747,0.2063178358582
4353,"correct_conditional",NA,1.19203913452348,0.568658380966076
4354,"history_naive",14,9.89223692761779e+285,9.89223692761779e+285
4354,"practical_naive",NA,3.04020777187018,0.148663576264045
4354,"correct_conditional",NA,2.28715606038533,0.0991057646683979
4355,"history_naive",15,9.63822817192567e+285,9.63822817192567e+285
4355,"practical_naive",NA,1.01954511636517,0.273581715744275
4355,"correct_conditional",NA,1.10123017076714,0.48278995733681
4356,"history_naive",15,9.51368023783375e+285,9.51368023783375e+285
4356,"practical_naive",NA,4.47116233916543,0.225072438982803
4356,"correct_conditional",NA,1.84927778718668,0.364574424358229
4357,"history_naive",14,7.11387579648544e+285,4.74258386432363e+285
4357,"practical_naive",NA,1.53243686157037,0.744691304295508
4357,"correct_conditional",NA,1.22093903924519,0.133516388353806
4358,"history_naive",14,9.72540754083177e+285,9.72540754083177e+285
4358,"practical_naive",NA,1.10821163188685,0.415538454903594
4358,"correct_conditional",NA,1.01630992366864,0.356739327482468
4359,"history_naive",14,9.87246234599948e+285,9.87246234599948e+285
4359,"practical_naive",NA,1.4213508830839,0.279101569193715
4359,"correct_conditional",NA,2.69214989383906,0.868925192524273
4360,"history_naive",14,7.38954547032733e+285,4.92636364688489e+285
4360,"practical_naive",NA,1.26670085282261,0.14107085221109
4360,"correct_conditional",NA,1.94743242105081,0.51561725966533
4361,"history_naive",14,9.61896135381001e+285,9.61896135381001e+285
4361,"practical_naive",NA,1.03723379738987,0.185658462946027
4361,"correct_conditional",NA,1.0898571864886,0.266509295275186
4362,"history_naive",15,7.36739899516324e+285,4.91159933010883e+285
4362,"practical_naive",NA,1.27778972256544,0.220982431463248
4362,"correct_conditional",NA,1.0124737067949,0.191036861755841
4363,"history_naive",15,9.58054318369663e+285,9.58054318369663e+285
4363,"practical_naive",NA,1.08925517697112,0.214590541587509
4363,"correct_conditional",NA,1.01264725741777,0.192995285728385
4364,"history_naive",14,9.59013331701368e+285,9.59013331701368e+285
4364,"practical_naive",NA,1.5003761169538,0.24417627209311
4364,"correct_conditional",NA,1.1200842863617,0.36498257555786
4365,"history_naive",14,7.33797357411431e+285,4.89198238274288e+285
4365,"practical_naive",NA,2.60931295619219,0.20383953632302
4365,"correct_conditional",NA,1.36519337617499,0.187228892631392
4366,"history_naive",15,9.69626048470644e+285,9.69626048470644e+285
4366,"practical_naive",NA,4.78277011059058,0.148983226585594
4366,"correct_conditional",NA,4.84649241082867,0.488347111887896
4367,"history_naive",15,9.6285899437537e+285,9.6285899437537e+285
4367,"practical_naive",NA,1.38633879965519,0.251959335552969
4367,"correct_conditional",NA,1.34636091210713,0.63078010180919
4368,"history_naive",15,9.74488757108637e+285,9.74488757108637e+285
4368,"practical_naive",NA,1.12280616102856,0.192366425774106
4368,"correct_conditional",NA,1.35130011371428,0.616744243842224
4369,"history_naive",14,7.21422101535753e+285,4.80948067690502e+285
4369,"practical_naive",NA,2.31054730191437,0.114821146467844
4369,"correct_conditional",NA,1.26399379211125,0.326719772718228
4370,"history_naive",15,9.58054318369663e+285,9.58054318369663e+285
4370,"practical_naive",NA,1.01714404969733,0.356795693020589
4370,"correct_conditional",NA,1.04789544608209,0.815227239619748
4371,"history_naive",14,9.84287456647603e+285,9.84287456647603e+285
4371,"practical_naive",NA,1.24204371867292,0.101246335495495
4371,"correct_conditional",NA,1.28876518651816,0.262361481482539
4372,"history_naive",15,7.25040058675314e+285,4.83360039116876e+285
4372,"practical_naive",NA,2.7302675569787,0.261411316441171
4372,"correct_conditional",NA,5.92299233575244,3.13268457533644
4373,"history_naive",15,9.931904995889e+285,9.931904995889e+285
4373,"practical_naive",NA,1.94519966418626,0.957066285265711
4373,"correct_conditional",NA,1.44214801283111,0.403769329372079
4374,"history_naive",14,9.46620687835771e+285,9.46620687835771e+285
4374,"practical_naive",NA,1.05208540362323,0.198981469719056
4374,"correct_conditional",NA,1.04321353364244,0.309931558618521
4375,"history_naive",14,9.72540754083176e+285,9.72540754083176e+285
4375,"practical_naive",NA,1.33339835466519,0.0858819253334295
4375,"correct_conditional",NA,1.66859530769466,0.688544610617026
4376,"history_naive",15,9.71568213329091e+285,9.71568213329091e+285
4376,"practical_naive",NA,3.69507572234738,0.196390245824098
4376,"correct_conditional",NA,2.23025596864643,0.402427785657206
4377,"history_naive",15,9.74488757108635e+285,9.74488757108635e+285
4377,"practical_naive",NA,1.2534578256023,0.279816807197771
4377,"correct_conditional",NA,4.01900994527749,2.00191262629243
4378,"history_naive",14,9.71568213329089e+285,9.71568213329089e+285
4378,"practical_naive",1600,66.170816979814,4.03329919023535
4378,"correct_conditional",1914,29.7036353456409,7.91142121335479
4379,"history_naive",15,9.56139167787239e+285,9.56139167787239e+285
4379,"practical_naive",NA,1.27848634732627,0.192067513360509
4379,"correct_conditional",NA,1.1596702205231,0.2583093025809
4380,"history_naive",14,9.72540754083174e+285,9.72540754083174e+285
4380,"practical_naive",NA,2.47512964726015,0.275519307850065
4380,"correct_conditional",NA,3.07777160047791,0.285716782030622
4381,"history_naive",14,7.22867112894423e+285,4.81911408596282e+285
4381,"practical_naive",NA,2.24312341226134,0.481362085271678
4381,"correct_conditional",NA,1.25215507407424,0.449922757993046
4382,"history_naive",14,7.27219536352985e+285,4.84813024235323e+285
4382,"practical_naive",NA,1.1911035594743,0.207568337054915
4382,"correct_conditional",NA,1.57018345640737,0.399742396958678
4383,"history_naive",15,9.63822817192569e+285,9.63822817192569e+285
4383,"practical_naive",NA,1.28493938238917,0.0923226890616478
4383,"correct_conditional",NA,1.35758111794583,0.259585093553224
4384,"history_naive",15,7.19979978754776e+285,4.79986652503184e+285
4384,"practical_naive",NA,1.01131997284675,0.201936425188017
4384,"correct_conditional",NA,1.01937440234462,0.197183073593334
4385,"history_naive",14,7.36739899516324e+285,4.91159933010883e+285
4385,"practical_naive",NA,1.15845945966919,0.182857545503464
4385,"correct_conditional",NA,1.09982326299268,0.481398683036566
4386,"history_naive",14,7.21422101535751e+285,4.80948067690501e+285
4386,"practical_naive",NA,1.13165095767234,0.247752196956385
4386,"correct_conditional",NA,1.00888077841591,0.155678448808326
4387,"history_naive",14,7.13526017837525e+285,4.75684011891683e+285
4387,"practical_naive",NA,1.2604373793721,0.652063893792204
4387,"correct_conditional",NA,1.11177872685942,1.10515849965316
4388,"history_naive",14,9.51368023783374e+285,9.51368023783374e+285
4388,"practical_naive",NA,3.28382152037293,0.149142275886997
4388,"correct_conditional",NA,2.79321648538767,0.158137368466317
4389,"history_naive",15,9.63822817192564e+285,9.63822817192564e+285
4389,"practical_naive",NA,1.00523329763266,0.21029825290835
4389,"correct_conditional",NA,1.04932957785847,0.320310375332808
4390,"history_naive",15,9.93190499588903e+285,9.93190499588903e+285
4390,"practical_naive",NA,1.71116706124274,0.621858964971601
4390,"correct_conditional",NA,1.30153422740789,0.600810895698664
4391,"history_naive",14,7.23590703598021e+285,4.82393802398681e+285
4391,"practical_naive",NA,1.37620215580172,0.335660090189858
4391,"correct_conditional",NA,1.19016008737178,0.211123294492504
4392,"history_naive",15,7.2794748383682e+285,4.8529832255788e+285
4392,"practical_naive",NA,1.07106383430124,0.277565043523081
4392,"correct_conditional",NA,1.03371421683278,0.426462939939453
4393,"history_naive",14,7.382155924857e+285,4.921437283238e+285
4393,"practical_naive",NA,1.48643276836851,0.190163699808268
4393,"correct_conditional",NA,1.4375383106357,0.247800304661017
4394,"history_naive",14,7.33063560054021e+285,4.88709040036014e+285
4394,"practical_naive",NA,2.67226220819947,0.18454326107476
4394,"correct_conditional",NA,2.08552321887118,0.829675079188259
4395,"history_naive",14,7.38954547032734e+285,4.92636364688489e+285
4395,"practical_naive",NA,2.39246726499186,0.244980839250714
4395,"correct_conditional",NA,1.47290156961744,0.0438863721914664
4396,"history_naive",14,9.57096264051295e+285,9.57096264051295e+285
4396,"practical_naive",NA,1.91356433338725,0.10584975735325
4396,"correct_conditional",NA,1.31190337354845,0.262697443981717
4397,"history_naive",14,9.48516772864726e+285,9.48516772864726e+285
4397,"practical_naive",NA,5.11371732754186,0.287080180588925
4397,"correct_conditional",NA,3.62061862696205,1.65266968592007
4398,"history_naive",14,9.70596645115761e+285,9.70596645115761e+285
4398,"practical_naive",NA,2.58168007622205,0.0985499674523114
4398,"correct_conditional",NA,9.74544748887671,1.5626233550165
4399,"history_naive",14,9.35323508758409e+285,9.35323508758409e+285
4399,"practical_naive",NA,10.9585851579735,0.190170761982056
4399,"correct_conditional",NA,5.25371592692343,0.071180619267632
4400,"history_naive",14,9.77418080072025e+285,9.77418080072025e+285
4400,"practical_naive",NA,1.34740256790601,0.184323041163979
4400,"correct_conditional",NA,2.35969959196706,1.03729674743519
4401,"history_naive",14,7.41175851801762e+285,4.94117234534508e+285
4401,"practical_naive",NA,1.00928912634952,0.262682765209166
4401,"correct_conditional",NA,1.45673022623624,0.787194578198927
4402,"history_naive",14,9.5041665575959e+285,9.5041665575959e+285
4402,"practical_naive",NA,2.17403534147314,0.311843938719208
4402,"correct_conditional",NA,3.2787566855427,1.06903685452917
4403,"history_naive",14,9.72540754083173e+285,9.72540754083173e+285
4403,"practical_naive",NA,2.28075047777156,0.0587388327127244
4403,"correct_conditional",NA,2.12490473098532,0.367490551364943
4404,"history_naive",14,9.61896135380997e+285,9.61896135380997e+285
4404,"practical_naive",NA,1.31359751284665,0.160190992582083
4404,"correct_conditional",NA,1.39521622871025,0.272960272958134
4405,"history_naive",14,7.05716358075638e+285,4.70477572050426e+285
4405,"practical_naive",NA,2.306787789185,0.210911643939213
4405,"correct_conditional",NA,1.33934316802749,0.178074428858032
4406,"history_naive",15,7.38954547032735e+285,4.9263636468849e+285
4406,"practical_naive",NA,2.03623873931501,0.307090134753666
4406,"correct_conditional",NA,2.07347487557695,0.427449250758813
4407,"history_naive",15,9.7937585240098e+285,9.7937585240098e+285
4407,"practical_naive",NA,1.93411112431276,0.115836738342704
4407,"correct_conditional",NA,1.11929359121259,0.127162677080774
4408,"history_naive",15,9.68656422422176e+285,9.68656422422176e+285
4408,"practical_naive",NA,1.2131678181903,0.47382941681876
4408,"correct_conditional",NA,1.38291385391767,0.413406037640955
4409,"history_naive",15,9.52320344127493e+285,9.52320344127493e+285
4409,"practical_naive",NA,1.30569117988973,0.201362527284105
4409,"correct_conditional",NA,1.2607770821368,0.22124588915854
4410,"history_naive",15,9.75464221329966e+285,9.75464221329966e+285
4410,"practical_naive",NA,5.47240865234917,0.414011443363944
4410,"correct_conditional",NA,1.37675517965476,0.0762112192791482
4411,"history_naive",15,9.52320344127501e+285,9.52320344127501e+285
4411,"practical_naive",NA,2.28829775871315,0.180115608441145
4411,"correct_conditional",NA,2.0957743035372,0.449521326177032
4412,"history_naive",15,7.33797357411435e+285,4.8919823827429e+285
4412,"practical_naive",NA,1.15305095113282,0.173198526475055
4412,"correct_conditional",NA,1.17860393713862,0.1957687031941
4413,"history_naive",14,9.78396476548576e+285,9.78396476548576e+285
4413,"practical_naive",NA,1.66793744272525,0.207947907040898
4413,"correct_conditional",NA,1.03362128357988,0.16848431882031
4414,"history_naive",14,7.34531889300734e+285,4.8968792620049e+285
4414,"practical_naive",NA,2.19888095317879,0.10136962351665
4414,"correct_conditional",NA,3.58745083620892,0.384139158753052
4415,"history_naive",15,7.32330496493966e+285,4.88220330995977e+285
4415,"practical_naive",NA,1.90309321644864,0.21073292810745
4415,"correct_conditional",NA,3.07037987580045,0.655408680169284
4416,"history_naive",14,7.20700679434212e+285,4.80467119622808e+285
4416,"practical_naive",NA,7.43445888421338,0.475874943573595
4416,"correct_conditional",NA,5.44749420603929,0.95783870758856
4417,"history_naive",14,9.52320344127501e+285,9.52320344127501e+285
4417,"practical_naive",NA,5.48782185984341,1.25143306484036
4417,"correct_conditional",NA,2.73121339682891,2.07752374613268
4418,"history_naive",15,9.7254075408317e+285,9.7254075408317e+285
4418,"practical_naive",NA,1.07558650338647,0.305127307680314
4418,"correct_conditional",NA,1.11122427420472,0.581481476813169
4419,"history_naive",15,9.94184684273173e+285,9.94184684273173e+285
4419,"practical_naive",NA,1.50596423983311,0.229489851732855
4419,"correct_conditional",NA,1.44287879316465,0.15364251725126
4420,"history_naive",15,9.58054318369658e+285,9.58054318369658e+285
4420,"practical_naive",NA,1.92084228775546,0.157736384308669
4420,"correct_conditional",NA,1.14849966330332,0.211142150346038
4421,"history_naive",14,9.67687765999753e+285,9.67687765999753e+285
4421,"practical_naive",NA,2.16426658235046,0.101190923593548
4421,"correct_conditional",NA,2.95224903789592,0.143484202836382
4422,"history_naive",15,9.76440661991959e+285,9.76440661991959e+285
4422,"practical_naive",NA,1.01702402678227,0.274838708635081
4422,"correct_conditional",NA,1.0125435121217,0.558108066695543
4423,"history_naive",14,9.72540754083175e+285,9.72540754083175e+285
4423,"practical_naive",NA,13.2363112715929,0.33673178688199
4423,"correct_conditional",NA,3.42799877118402,0.00952315230799446
4424,"history_naive",14,9.8823446906901e+285,9.8823446906901e+285
4424,"practical_naive",NA,1.14507170680494,0.230919841193528
4424,"correct_conditional",NA,1.35566863822069,0.272766715160245
4425,"history_naive",14,9.55183028619455e+285,9.55183028619455e+285
4425,"practical_naive",NA,1.17998019313383,0.251299399016865
4425,"correct_conditional",NA,1.79677933603137,0.989222868284159
4426,"history_naive",15,9.82319866021762e+285,9.82319866021762e+285
4426,"practical_naive",NA,1.86249494905544,0.277908899246905
4426,"correct_conditional",NA,1.34478114445787,0.266694046942152
4427,"history_naive",15,9.78396476548579e+285,9.78396476548579e+285
4427,"practical_naive",NA,4.67478884178836,0.227197508716323
4427,"correct_conditional",NA,1.81207627074092,0.145785328570677
4428,"history_naive",15,9.88234469069016e+285,9.88234469069016e+285
4428,"practical_naive",NA,1.72201121397926,0.598401523826941
4428,"correct_conditional",NA,1.53228705940512,0.328757707369093
4429,"history_naive",15,7.32330496493969e+285,4.88220330995979e+285
4429,"practical_naive",NA,1.77711802552105,0.203869454716148
4429,"correct_conditional",NA,1.11266167345423,0.084963946223014
4430,"history_naive",14,9.82319866021763e+285,9.82319866021763e+285
4430,"practical_naive",NA,1.78572828739963,0.169924630799258
4430,"correct_conditional",NA,1.28066709448289,0.283279344066131
4431,"history_naive",15,7.20700679434213e+285,4.80467119622808e+285
4431,"practical_naive",NA,1.17194668576742,0.205616879573055
4431,"correct_conditional",NA,1.38299079698404,0.329557210483642
4432,"history_naive",14,7.20700679434214e+285,4.80467119622809e+285
4432,"practical_naive",NA,1.13781746794748,0.225392306372242
4432,"correct_conditional",NA,1.19813758784515,0.388280767674024
4433,"history_naive",14,9.51368023783368e+285,9.51368023783368e+285
4433,"practical_naive",NA,4.4516771422512,0.0318536095043612
4433,"correct_conditional",NA,1.97753885410465,0.0820489859840324
4434,"history_naive",14,7.36739899516325e+285,4.91159933010883e+285
4434,"practical_naive",NA,2.09971864945723,0.153416704897408
4434,"correct_conditional",NA,1.8417709128932,0.160524950146933
4435,"history_naive",14,7.44892874691675e+285,4.9659524979445e+285
4435,"practical_naive",NA,1.44097554217522,0.238391026837296
4435,"correct_conditional",NA,1.07056132549262,0.396859334529902
4436,"history_naive",14,9.71568213329089e+285,9.71568213329089e+285
4436,"practical_naive",NA,5.53373506402317,0.531193817668096
4436,"correct_conditional",394,35.701846119123,6.78470821544034
4437,"history_naive",14,7.41917769571335e+285,4.9461184638089e+285
4437,"practical_naive",NA,1.25831251823369,0.320319760087639
4437,"correct_conditional",NA,1.07156108178816,0.381393523042544
4438,"history_naive",14,9.7156821332909e+285,9.7156821332909e+285
4438,"practical_naive",NA,1.19659154189164,0.306344790729184
4438,"correct_conditional",NA,1.62875872741188,0.703209088705106
4439,"history_naive",15,9.64787604797363e+285,9.64787604797363e+285
4439,"practical_naive",NA,1.59868911287554,0.186992541398257
4439,"correct_conditional",NA,2.70389894446635,0.97710730852399
4440,"history_naive",14,9.72540754083175e+285,9.72540754083175e+285
4440,"practical_naive",NA,1.07741189735918,0.192071454363373
4440,"correct_conditional",NA,2.2397993955815,0.536261598383191
4441,"history_naive",14,7.26492316816631e+285,4.84328211211087e+285
4441,"practical_naive",NA,1.01156502556783,0.433894854644387
4441,"correct_conditional",NA,1.67327081654457,0.896923943874973
4442,"history_naive",14,7.29405565562382e+285,4.86270377041588e+285
4442,"practical_naive",NA,1.08518649584737,0.241287792333142
4442,"correct_conditional",NA,1.12286037419436,0.432461535419005
4443,"history_naive",14,9.63822817192565e+285,9.63822817192565e+285
4443,"practical_naive",NA,1.81325438104114,0.500184306108673
4443,"correct_conditional",NA,1.29940550476887,0.144681712791139
4444,"history_naive",15,9.77418080072026e+285,9.77418080072026e+285
4444,"practical_naive",NA,1.17385753216775,0.154001666852809
4444,"correct_conditional",NA,1.09818774888246,0.345237378955354
4445,"history_naive",15,9.88234469069012e+285,9.88234469069012e+285
4445,"practical_naive",NA,2.73679105950343,0.539142270715004
4445,"correct_conditional",NA,4.46419312309982,2.63582156723999
4446,"history_naive",14,9.71568213329093e+285,9.71568213329093e+285
4446,"practical_naive",NA,4.16343002377344,0.052262003981343
4446,"correct_conditional",NA,6.63682499705351,0.708094005032561
4447,"history_naive",14,9.72540754083172e+285,9.72540754083172e+285
4447,"practical_naive",NA,1.09561043106216,0.359510646122643
4447,"correct_conditional",NA,1.11974841131561,0.761509757586754
4448,"history_naive",14,7.14240258095624e+285,4.76160172063749e+285
4448,"practical_naive",NA,3.87604090169018,0.403328176835059
4448,"correct_conditional",NA,3.22009858661473,0.802897500696844
4449,"history_naive",14,9.58054318369664e+285,9.58054318369664e+285
4449,"practical_naive",NA,1.07658491601617,0.19496397916403
4449,"correct_conditional",NA,1.03596795193435,0.154069112859877
4450,"history_naive",14,7.26492316816629e+285,4.84328211211086e+285
4450,"practical_naive",NA,1.3412464836992,0.246625156406818
4450,"correct_conditional",NA,1.04739773533891,0.079233771710914
4451,"history_naive",14,9.94184684273174e+285,9.94184684273174e+285
4451,"practical_naive",NA,1.79116005808044,0.195136164666598
4451,"correct_conditional",NA,1.34792554962805,0.299340186366384
4452,"history_naive",14,9.65753358155519e+285,9.65753358155519e+285
4452,"practical_naive",NA,1.006061690187,0.305731050971824
4452,"correct_conditional",NA,1.00098962683321,0.633472352663373
4453,"history_naive",15,7.22867112894424e+285,4.81911408596283e+285
4453,"practical_naive",NA,1.97442395293565,0.647814327736361
4453,"correct_conditional",NA,1.68236493359353,0.605813522795454
4454,"history_naive",14,7.2504005867531e+285,4.83360039116873e+285
4454,"practical_naive",NA,3.96242175496055,0.793848324190216
4454,"correct_conditional",NA,1.04953411122189,0.393430229111108
4455,"history_naive",14,7.39694241274006e+285,4.9312949418267e+285
4455,"practical_naive",NA,1.61133462287423,0.120964569049734
4455,"correct_conditional",NA,1.34549798125,0.144802642612404
4456,"history_naive",14,9.65753358155515e+285,9.65753358155515e+285
4456,"practical_naive",NA,1.73549507186297,0.237968457325592
4456,"correct_conditional",NA,3.20526087158326,1.11243580894803
4457,"history_naive",14,7.25040058675318e+285,4.83360039116878e+285
4457,"practical_naive",NA,2.16060250528425,0.0891304447846752
4457,"correct_conditional",NA,3.07998821498231,0.0655269385800028
4458,"history_naive",15,9.59013331701366e+285,9.59013331701366e+285
4458,"practical_naive",NA,1.00377247479911,0.307786051408337
4458,"correct_conditional",NA,1.02670168549884,0.656707900097992
4459,"history_naive",15,9.6672007823375e+285,9.6672007823375e+285
4459,"practical_naive",NA,4.2244204647733,0.237643650120229
4459,"correct_conditional",NA,4.07891655562265,0.426662424848369
4460,"history_naive",14,9.74488757108636e+285,9.74488757108636e+285
4460,"practical_naive",NA,1.92778814462756,0.43969544095999
4460,"correct_conditional",NA,1.45722964904196,0.498360279754038
4461,"history_naive",14,9.68656422422179e+285,9.68656422422179e+285
4461,"practical_naive",NA,1.34709094413638,0.159352581489187
4461,"correct_conditional",NA,1.44931849627724,0.299749828042458
4462,"history_naive",15,9.83303169190957e+285,9.83303169190957e+285
4462,"practical_naive",NA,1.69752529636291,0.216763854194387
4462,"correct_conditional",NA,3.12079288020407,0.935446812867843
4463,"history_naive",15,7.36003159616808e+285,4.90668773077872e+285
4463,"practical_naive",NA,1.03724861817874,0.249545999015231
4463,"correct_conditional",NA,1.01489847154471,0.269640548634914
4464,"history_naive",15,9.60934239245616e+285,9.60934239245616e+285
4464,"practical_naive",NA,1.29535342234783,0.360845534087455
4464,"correct_conditional",NA,2.23708840949636,0.622998687898013
4465,"history_naive",15,9.70596645115765e+285,9.70596645115765e+285
4465,"practical_naive",NA,1.89425100292341,0.389997666932795
4465,"correct_conditional",NA,2.10225645900566,0.289505443527564
4466,"history_naive",14,9.56139167787246e+285,9.56139167787246e+285
4466,"practical_naive",NA,3.03090231899008,0.424239671156517
4466,"correct_conditional",NA,2.09974519540882,0.576083874298149
4467,"history_naive",14,7.20700679434214e+285,4.80467119622809e+285
4467,"practical_naive",NA,1.66267077818432,0.163456524415897
4467,"correct_conditional",NA,1.80648400989792,0.61109809487654
4468,"history_naive",14,9.68656422422179e+285,9.68656422422179e+285
4468,"practical_naive",NA,3.21814098393368,0.388153306745957
4468,"correct_conditional",NA,4.88193838944882,2.88460231417404
4469,"history_naive",14,7.24315018616639e+285,4.82876679077759e+285
4469,"practical_naive",NA,1.71907888328295,0.140615691568084
4469,"correct_conditional",NA,1.74012987019527,0.521644136228214
4470,"history_naive",14,7.29405565562383e+285,4.86270377041588e+285
4470,"practical_naive",NA,1.03733527028417,0.175050155684081
4470,"correct_conditional",NA,1.01640437678377,0.299725623459639
4471,"history_naive",14,9.77418080072025e+285,9.77418080072025e+285
4471,"practical_naive",NA,1.23027756925563,0.257833418372918
4471,"correct_conditional",NA,1.17138041437785,0.108455786238852
4472,"history_naive",15,7.31598165997473e+285,4.87732110664982e+285
4472,"practical_naive",NA,1.52593792201176,0.199023558619375
4472,"correct_conditional",NA,1.3904559415478,0.292735933772673
4473,"history_naive",14,7.30135701263646e+285,4.86757134175764e+285
4473,"practical_naive",NA,1.37762875140811,0.194773183988215
4473,"correct_conditional",NA,1.09078678064065,0.0946341062328094
4474,"history_naive",15,9.57096264051297e+285,9.57096264051297e+285
4474,"practical_naive",NA,1.412146524774,0.203327399745163
4474,"correct_conditional",NA,2.28472061011193,0.65802885343647
4475,"history_naive",14,9.68656422422174e+285,9.68656422422174e+285
4475,"practical_naive",NA,5.10760949743007,1.23633765199215
4475,"correct_conditional",NA,2.77464966263922,0.914810420200545
4476,"history_naive",14,9.66720078233753e+285,9.66720078233753e+285
4476,"practical_naive",NA,3.53072893876128,0.558836533362943
4476,"correct_conditional",NA,1.53389100245172,0.374661064753483
4477,"history_naive",14,9.83303169190956e+285,9.83303169190956e+285
4477,"practical_naive",NA,1.87164512122434,0.107760496981295
4477,"correct_conditional",NA,1.55328207345854,0.0975018304279222
4478,"history_naive",15,7.2649231681663e+285,4.84328211211087e+285
4478,"practical_naive",NA,2.75888608559956,0.087378735591728
4478,"correct_conditional",NA,3.54623094770979,0.930270342932692
4479,"history_naive",14,7.23590703598024e+285,4.82393802398682e+285
4479,"practical_naive",NA,1.38426541885755,0.161857132317106
4479,"correct_conditional",NA,1.21880953103328,0.37392744361902
4480,"history_naive",14,9.81337546155744e+285,9.81337546155744e+285
4480,"practical_naive",NA,1.78905268009657,0.568723958932457
4480,"correct_conditional",NA,13.8473588484788,4.18147638948481
4481,"history_naive",15,7.44147981816988e+285,4.96098654544658e+285
4481,"practical_naive",NA,1.54394085076173,0.636059903752571
4481,"correct_conditional",NA,5.42311884833904,2.04524053780782
4482,"history_naive",14,7.12099679327874e+285,4.74733119551916e+285
4482,"practical_naive",NA,1.50558067403559,0.40018978819653
4482,"correct_conditional",NA,3.36722050001459,0.428599768702589
4483,"history_naive",14,7.35267156457192e+285,4.90178104304795e+285
4483,"practical_naive",NA,2.85763684722935,0.161271740206203
4483,"correct_conditional",NA,1.79444619554744,0.251475173400424
4484,"history_naive",15,9.59973305006372e+285,9.59973305006372e+285
4484,"practical_naive",NA,1.07549715574735,0.314250573203259
4484,"correct_conditional",NA,1.46612192499655,0.792163018282537
4485,"history_naive",14,7.13526017837529e+285,4.75684011891686e+285
4485,"practical_naive",NA,1.85047049642063,0.183478789535192
4485,"correct_conditional",NA,3.79021120641395,0.734148445754285
4486,"history_naive",14,9.82319866021767e+285,9.82319866021767e+285
4486,"practical_naive",NA,3.14668019435051,0.151576179060806
4486,"correct_conditional",NA,2.697640007849,0.680146844819773
4487,"history_naive",14,7.20700679434212e+285,4.80467119622808e+285
4487,"practical_naive",NA,2.41339973173823,0.244485322438311
4487,"correct_conditional",NA,1.80500268204318,0.47066792860727
4488,"history_naive",15,9.74488757108633e+285,9.74488757108633e+285
4488,"practical_naive",NA,1.05868631664347,0.220520832849397
4488,"correct_conditional",NA,1.09307191548834,0.364407079166546
4489,"history_naive",15,9.82319866021763e+285,9.82319866021763e+285
4489,"practical_naive",NA,1.16089182229294,0.203016280032435
4489,"correct_conditional",NA,1.19295847723599,0.274004588699978
4490,"history_naive",15,7.32330496493966e+285,4.88220330995978e+285
4490,"practical_naive",NA,1.22695016916234,0.188802700531345
4490,"correct_conditional",NA,1.1402500923055,0.166813382762244
4491,"history_naive",14,9.84287456647606e+285,9.84287456647606e+285
4491,"practical_naive",NA,6.98733165597765,0.170367733547342
4491,"correct_conditional",NA,5.10439036889369,0.0438231827021768
4492,"history_naive",14,9.79375852400976e+285,9.79375852400976e+285
4492,"practical_naive",NA,2.87652054723022,0.509472917593091
4492,"correct_conditional",NA,1.88552301663393,0.102349555862325
4493,"history_naive",14,9.56139167787243e+285,9.56139167787243e+285
4493,"practical_naive",NA,1.11433481553998,0.173064239627437
4493,"correct_conditional",NA,1.09134268385423,0.223232043123334
4494,"history_naive",14,7.1638727146459e+285,4.77591514309727e+285
4494,"practical_naive",NA,1.49148176837101,0.175741369375055
4494,"correct_conditional",NA,1.40228552580856,0.746195681951781
4495,"history_naive",15,7.2867615999682e+285,4.85784106664547e+285
4495,"practical_naive",NA,2.70735125255264,0.256912077917301
4495,"correct_conditional",NA,2.10454291167933,0.114185643503303
4496,"history_naive",14,7.25040058675311e+285,4.83360039116874e+285
4496,"practical_naive",NA,1.56480310070165,0.224644671119187
4496,"correct_conditional",NA,1.27481275058636,0.201119749306795
4497,"history_naive",14,9.94184684273174e+285,9.94184684273174e+285
4497,"practical_naive",NA,1.46085308786841,0.223955802642272
4497,"correct_conditional",NA,1.32475717827769,0.233475317207064
4498,"history_naive",14,9.76440661991957e+285,9.76440661991957e+285
4498,"practical_naive",NA,1.11080654729257,0.23556197205758
4498,"correct_conditional",NA,1.20871461845136,0.368737064582002
4499,"history_naive",14,9.86258988365348e+285,9.86258988365348e+285
4499,"practical_naive",NA,1.1960898968675,0.0955245200989774
4499,"correct_conditional",NA,4.30658025104708,0.946411493493173
4500,"history_naive",14,9.7937585240098e+285,9.7937585240098e+285
4500,"practical_naive",NA,1.91542354210001,0.0757282165575837
4500,"correct_conditional",NA,3.62309466222977,0.127633493863274
4501,"history_naive",14,7.30866567831472e+285,4.87244378554315e+285
4501,"practical_naive",NA,13.5138206329849,0.0953097003238183
4501,"correct_conditional",NA,13.5314674153322,0.101255053840171
4502,"history_naive",15,9.61896135380995e+285,9.61896135380995e+285
4502,"practical_naive",NA,1.20559841216498,0.179417766803742
4502,"correct_conditional",NA,1.21259261282265,0.283207264257333
4503,"history_naive",14,7.35267156457189e+285,4.90178104304793e+285
4503,"practical_naive",NA,1.76381016068997,0.194554865063974
4503,"correct_conditional",NA,1.50290079703888,0.248648720298132
4504,"history_naive",14,9.76440661991957e+285,9.76440661991957e+285
4504,"practical_naive",NA,4.99001527974859,0.163580533540639
4504,"correct_conditional",NA,2.64225755325952,0.477810854144655
4505,"history_naive",14,9.55183028619453e+285,9.55183028619453e+285
4505,"practical_naive",NA,1.21935441576723,0.148690077598636
4505,"correct_conditional",NA,1.35512849250406,0.414347052552261
4506,"history_naive",15,9.69626048470646e+285,9.69626048470646e+285
4506,"practical_naive",NA,1.73537339782969,0.169588026482103
4506,"correct_conditional",NA,1.54055639328436,0.317468659212597
4507,"history_naive",14,9.43783664687703e+285,9.43783664687703e+285
4507,"practical_naive",NA,1.4772865034402,0.433127035420747
4507,"correct_conditional",NA,3.42103248087654,2.92040145123933
4508,"history_naive",14,9.55183028619454e+285,9.55183028619454e+285
4508,"practical_naive",NA,1.09451115809624,0.217520353617171
4508,"correct_conditional",NA,1.11616374425592,0.0763396664021776
4509,"history_naive",14,7.21422101535749e+285,4.80948067690499e+285
4509,"practical_naive",NA,3.43256527542726,0.912562424929106
4509,"correct_conditional",NA,1.28715177330381,0.0946705415512311
4510,"history_naive",14,9.59013331701361e+285,9.59013331701361e+285
4510,"practical_naive",NA,6.25307693322437,0.299182647379847
4510,"correct_conditional",NA,9.4919307700084,1.02345226648569
4511,"history_naive",14,7.22867112894423e+285,4.81911408596282e+285
4511,"practical_naive",NA,1.09975695881121,0.156554444755683
4511,"correct_conditional",NA,1.63568128619017,0.280732253786736
4512,"history_naive",14,7.30866567831477e+285,4.87244378554318e+285
4512,"practical_naive",NA,3.83511076432547,0.140852199152765
4512,"correct_conditional",NA,2.48100958520096,0.42341311484123
4513,"history_naive",14,9.55183028619458e+285,9.55183028619458e+285
4513,"practical_naive",NA,1.78145721761944,0.371758255746439
4513,"correct_conditional",NA,1.07766661173342,0.181128060925178
4514,"history_naive",15,7.30866567831474e+285,4.87244378554316e+285
4514,"practical_naive",NA,1.1968430231632,0.16591625387885
4514,"correct_conditional",NA,2.91663547348409,0.571500225180819
4515,"history_naive",14,9.72540754083174e+285,9.72540754083174e+285
4515,"practical_naive",NA,2.67936855608284,0.120585502106392
4515,"correct_conditional",NA,2.37313605069172,0.161212410614766
4516,"history_naive",14,7.28676159996818e+285,4.85784106664545e+285
4516,"practical_naive",NA,1.06842150701083,0.17265879598357
4516,"correct_conditional",NA,1.01448980933596,0.268460397413635
4517,"history_naive",14,9.55183028619458e+285,9.55183028619458e+285
4517,"practical_naive",NA,1.42583159335073,0.239908074490122
4517,"correct_conditional",NA,1.76078993089114,0.404467627305818
4518,"history_naive",15,9.67687765999751e+285,9.67687765999751e+285
4518,"practical_naive",NA,1.7219747421377,0.198027060839678
4518,"correct_conditional",NA,1.10714984237825,0.195748357414185
4519,"history_naive",14,9.66720078233753e+285,9.66720078233753e+285
4519,"practical_naive",NA,1.90993125740026,0.196112892800332
4519,"correct_conditional",NA,2.0197389869765,0.468192516571359
4520,"history_naive",14,9.65753358155521e+285,9.65753358155521e+285
4520,"practical_naive",NA,1.10838768464243,0.223418298232431
4520,"correct_conditional",NA,1.16358370791839,0.521701183751228
4521,"history_naive",15,9.77418080072028e+285,9.77418080072028e+285
4521,"practical_naive",NA,1.44673566582694,0.15703181581395
4521,"correct_conditional",NA,1.34702930695197,0.396678466066298
4522,"history_naive",14,9.66720078233756e+285,9.66720078233756e+285
4522,"practical_naive",NA,1.36772243274207,0.564983298608301
4522,"correct_conditional",NA,1.45859490308409,0.622931142909589
4523,"history_naive",14,9.73514268351525e+285,9.73514268351525e+285
4523,"practical_naive",NA,1.14212327696077,0.272049203557334
4523,"correct_conditional",NA,1.07702219716696,0.240424566017819
4524,"history_naive",14,1.0031772492763e+286,1.0031772492763e+286
4524,"practical_naive",NA,1.1029732197851,0.202846083871403
4524,"correct_conditional",NA,1.12266397519536,0.17789621188995
4525,"history_naive",14,7.26492316816635e+285,4.8432821121109e+285
4525,"practical_naive",NA,19.9376293718868,0.483484570977048
4525,"correct_conditional",NA,11.2874331915277,0.219009762280788
4526,"history_naive",14,9.88234469069012e+285,9.88234469069012e+285
4526,"practical_naive",NA,1.0352390751388,0.186521668585325
4526,"correct_conditional",NA,2.66865563364641,1.61310636194186
4527,"history_naive",14,7.19979978754779e+285,4.79986652503186e+285
4527,"practical_naive",NA,2.56574581077104,0.121500326602518
4527,"correct_conditional",NA,5.1563414201954,0.0653856995696854
4528,"history_naive",15,7.32330496493965e+285,4.88220330995976e+285
4528,"practical_naive",NA,2.66681763027056,0.221808282289702
4528,"correct_conditional",NA,3.01643618961393,0.133153561217529
4529,"history_naive",15,9.86258988365346e+285,9.86258988365346e+285
4529,"practical_naive",NA,7.92626418292092,0.240599132874896
4529,"correct_conditional",NA,1.59587125353199,0.29235933834773
4530,"history_naive",14,9.62858994375374e+285,9.62858994375374e+285
4530,"practical_naive",NA,1.32623001337912,0.177192830278401
4530,"correct_conditional",NA,1.58353078234498,0.221867025781322
4531,"history_naive",14,9.76440661991964e+285,9.76440661991964e+285
4531,"practical_naive",NA,3.81959887732515,0.337258915254136
4531,"correct_conditional",NA,2.44337330861799,1.05524156064567
4532,"history_naive",14,9.89223692761778e+285,9.89223692761778e+285
4532,"practical_naive",NA,5.74621520560187,2.78930381609155
4532,"correct_conditional",NA,5.45117640985468,1.7940246502179
4533,"history_naive",15,7.23590703598025e+285,4.82393802398683e+285
4533,"practical_naive",NA,2.12872655946623,0.0808333275323
4533,"correct_conditional",NA,1.69384365501049,0.379594961353293
4534,"history_naive",15,9.75464221329969e+285,9.75464221329969e+285
4534,"practical_naive",NA,2.05420982909232,0.0487108590308523
4534,"correct_conditional",NA,1.67258151991171,0.212867389905395
4535,"history_naive",15,9.73514268351524e+285,9.73514268351524e+285
4535,"practical_naive",NA,2.19545052129414,0.449485083708414
4535,"correct_conditional",NA,1.58070084137714,0.229691783387964
4536,"history_naive",14,9.70596645115763e+285,9.70596645115763e+285
4536,"practical_naive",NA,4.98804719088868,0.133850834928665
4536,"correct_conditional",NA,1.36433324942955,0.190652658255636
4537,"history_naive",14,7.21422101535751e+285,4.80948067690501e+285
4537,"practical_naive",NA,1.30300859739808,0.205589473223779
4537,"correct_conditional",NA,1.14211973444236,0.373535790776616
4538,"history_naive",14,9.77418080072026e+285,9.77418080072026e+285
4538,"practical_naive",NA,3.52040019993745,0.0413118079776134
4538,"correct_conditional",NA,4.23592109127613,0.545392669982339
4539,"history_naive",15,9.74488757108637e+285,9.74488757108637e+285
4539,"practical_naive",NA,2.7220533557809,0.217542637841226
4539,"correct_conditional",NA,2.86847173309144,0.277839850574415
4540,"history_naive",14,9.63822817192566e+285,9.63822817192566e+285
4540,"practical_naive",NA,1.49999349674047,0.0911054642970154
4540,"correct_conditional",NA,1.17550875342532,0.172800252583459
4541,"history_naive",14,7.26492316816636e+285,4.84328211211091e+285
4541,"practical_naive",NA,2.29490438602584,0.126540679436293
4541,"correct_conditional",NA,2.79434592508319,0.66787760600026
4542,"history_naive",15,9.7546422132996e+285,9.7546422132996e+285
4542,"practical_naive",NA,3.01059281863183,0.145130559721862
4542,"correct_conditional",NA,3.51142745057121,0.445927979346832
4543,"history_naive",14,9.40955144100853e+285,9.40955144100853e+285
4543,"practical_naive",NA,1.80431389315038,0.419695513995402
4543,"correct_conditional",NA,3.7316742417101,2.35609114982387
4544,"history_naive",14,9.64787604797363e+285,9.64787604797363e+285
4544,"practical_naive",NA,1.82776026582886,0.497095801859258
4544,"correct_conditional",NA,2.31164877922683,1.00907657880279
4545,"history_naive",15,7.32330496493963e+285,4.88220330995975e+285
4545,"practical_naive",NA,2.75998863930411,0.651062939212027
4545,"correct_conditional",NA,1.11723306913578,0.270502720503486
4546,"history_naive",14,7.27947483836826e+285,4.85298322557884e+285
4546,"practical_naive",NA,1.25009702585024,0.292264221342332
4546,"correct_conditional",NA,1.01514055890652,0.242287478582446
4547,"history_naive",15,9.4946623910383e+285,9.4946623910383e+285
4547,"practical_naive",NA,2.46821780016001,0.239112646364427
4547,"correct_conditional",NA,2.22250488254855,0.912414166151095
4548,"history_naive",15,9.82319866021766e+285,9.82319866021766e+285
4548,"practical_naive",NA,2.15728063641907,0.0865425116351658
4548,"correct_conditional",NA,2.01209378873775,0.255038836652015
4549,"history_naive",14,7.23590703598027e+285,4.82393802398684e+285
4549,"practical_naive",NA,1.66096712656614,0.205131117957642
4549,"correct_conditional",NA,1.43787276503729,0.351235788747876
4550,"history_naive",14,9.73514268351523e+285,9.73514268351523e+285
4550,"practical_naive",NA,1.09180496241977,0.200972949096892
4550,"correct_conditional",NA,1.19695503360886,0.326256004074602
4551,"history_naive",14,7.27947483836819e+285,4.85298322557879e+285
4551,"practical_naive",NA,1.35361802108973,0.276045212413417
4551,"correct_conditional",NA,1.00584507588222,0.267666306692145
4552,"history_naive",14,9.69626048470646e+285,9.69626048470646e+285
4552,"practical_naive",NA,2.16127055532944,0.106029851458675
4552,"correct_conditional",NA,1.53270555882602,0.0954384081043476
4553,"history_naive",14,1.001171897955e+286,1.001171897955e+286
4553,"practical_naive",NA,4.36143778439727,0.228077596204664
4553,"correct_conditional",NA,2.75023247192153,0.13066660210435
4554,"history_naive",14,9.64787604797359e+285,9.64787604797359e+285
4554,"practical_naive",NA,1.07803088938247,0.557755640638376
4554,"correct_conditional",NA,1.67027759181614,1.40506300124141
4555,"history_naive",15,9.62858994375375e+285,9.62858994375375e+285
4555,"practical_naive",638,83.6656331995629,0.128363802600473
4555,"correct_conditional",NA,10.3331210554035,0.0328583604503749
4556,"history_naive",14,7.19259998776028e+285,4.79506665850685e+285
4556,"practical_naive",NA,13.0296506786265,0.539944618163697
4556,"correct_conditional",1686,60.9012871866715,2.72543316702039
4557,"history_naive",14,7.3526715645719e+285,4.90178104304793e+285
4557,"practical_naive",NA,1.3973835708944,0.0769885059246312
4557,"correct_conditional",NA,1.55316001546082,0.137416881653188
4558,"history_naive",14,7.22144245781528e+285,4.81429497187686e+285
4558,"practical_naive",NA,1.59983844974281,0.284635015442746
4558,"correct_conditional",NA,2.01613615406487,0.857385165339121
4559,"history_naive",14,9.64787604797361e+285,9.64787604797361e+285
4559,"practical_naive",NA,2.00533216888336,0.0578102359784754
4559,"correct_conditional",NA,2.80757617209633,0.828475517539489
4560,"history_naive",14,7.20700679434215e+285,4.8046711962281e+285
4560,"practical_naive",NA,1.00954290443673,0.232753324576088
4560,"correct_conditional",NA,1.09464674295441,0.430549841134052
4561,"history_naive",14,7.29405565562378e+285,4.86270377041586e+285
4561,"practical_naive",NA,1.08635842501615,0.184290565440018
4561,"correct_conditional",NA,1.64280079319927,0.676778343716083
4562,"history_naive",14,9.71568213329096e+285,9.71568213329096e+285
4562,"practical_naive",NA,1.80733808548095,0.325976804469482
4562,"correct_conditional",NA,1.3315872414808,0.387652290527634
4563,"history_naive",14,7.23590703598024e+285,4.82393802398683e+285
4563,"practical_naive",NA,1.02699555853168,0.272448973621438
4563,"correct_conditional",NA,3.06945157011828,2.22792723895783
4564,"history_naive",15,7.25765824499815e+285,4.83843882999876e+285
4564,"practical_naive",NA,1.02650306434229,0.216173056184029
4564,"correct_conditional",NA,1.06037355033942,0.368080774666182
4565,"history_naive",14,9.72540754083178e+285,9.72540754083178e+285
4565,"practical_naive",821,29.1783840606993,1.14346742242622
4565,"correct_conditional",NA,7.72372378850219,1.17600624011206
4566,"history_naive",14,9.64787604797363e+285,9.64787604797363e+285
4566,"practical_naive",NA,1.04752996779691,0.231174748404642
4566,"correct_conditional",NA,1.08097947164587,0.503591656330113
4567,"history_naive",14,9.58054318369664e+285,9.58054318369664e+285
4567,"practical_naive",NA,1.03948906697394,0.196321996231642
4567,"correct_conditional",NA,1.08860999732068,0.521168697742543
4568,"history_naive",14,9.66720078233753e+285,9.66720078233753e+285
4568,"practical_naive",NA,1.19876002168607,0.2359776505395
4568,"correct_conditional",NA,1.062626390579,0.321669085931825
4569,"history_naive",14,9.85272729376979e+285,9.85272729376979e+285
4569,"practical_naive",NA,4.24667301440097,0.19084679355682
4569,"correct_conditional",NA,5.15624914800717,0.123516827607769
4570,"history_naive",14,9.67687765999756e+285,9.67687765999756e+285
4570,"practical_naive",NA,1.42979633618612,0.172653706045903
4570,"correct_conditional",NA,1.36134484453358,0.168384129210098
4571,"history_naive",14,7.25040058675315e+285,4.83360039116877e+285
4571,"practical_naive",NA,1.16392286984757,0.166240075307721
4571,"correct_conditional",NA,1.01890030620693,0.203713245015238
4572,"history_naive",15,7.38954547032733e+285,4.92636364688489e+285
4572,"practical_naive",NA,1.28174683744096,0.36544403223069
4572,"correct_conditional",NA,1.48147203911924,0.665560541040237
4573,"history_naive",15,7.23590703598022e+285,4.82393802398681e+285
4573,"practical_naive",NA,1.05623672520682,0.221574466884462
4573,"correct_conditional",NA,1.00337204316454,0.192670501772908
4574,"history_naive",14,7.27219536352988e+285,4.84813024235325e+285
4574,"practical_naive",NA,2.84303603777199,0.171559915848708
4574,"correct_conditional",NA,1.98964790875303,0.489282077948747
4575,"history_naive",15,9.67687765999756e+285,9.67687765999756e+285
4575,"practical_naive",NA,1.47786371312502,0.206785146820406
4575,"correct_conditional",NA,1.49318565249361,0.481719995466024
4576,"history_naive",15,9.74488757108638e+285,9.74488757108638e+285
4576,"practical_naive",NA,1.03391161644913,0.226218409525858
4576,"correct_conditional",NA,1.00815472623893,0.3505095864932
4577,"history_naive",14,7.31598165997475e+285,4.87732110664983e+285
4577,"practical_naive",NA,2.31499907359165,0.270205131967697
4577,"correct_conditional",NA,2.01112991443119,0.322404340875132
4578,"history_naive",15,7.22144245781533e+285,4.81429497187689e+285
4578,"practical_naive",NA,1.42241593136677,0.188449266975198
4578,"correct_conditional",NA,1.38367659940819,0.361800023633249
4579,"history_naive",14,9.87246234599948e+285,9.87246234599948e+285
4579,"practical_naive",NA,3.42135941310335,0.188991840825754
4579,"correct_conditional",NA,1.41868487511306,0.183658334567205
4580,"history_naive",14,9.69626048470645e+285,9.69626048470645e+285
4580,"practical_naive",NA,1.04493248101769,0.194594586133591
4580,"correct_conditional",NA,1.04775883028914,0.403401027177235
4581,"history_naive",15,7.23590703598021e+285,4.82393802398681e+285
4581,"practical_naive",NA,1.26051923844373,0.264045146437919
4581,"correct_conditional",NA,1.04258876523428,0.35579230151366
4582,"history_naive",14,9.65753358155518e+285,9.65753358155518e+285
4582,"practical_naive",NA,1.16591795041122,0.522719948517873
4582,"correct_conditional",NA,1.2230311009663,0.18007118489906
4583,"history_naive",14,9.81337546155744e+285,9.81337546155744e+285
4583,"practical_naive",NA,1.10444637936115,0.426070546823097
4583,"correct_conditional",NA,1.06881272115535,0.652039062328125
4584,"history_naive",14,9.51368023783378e+285,9.51368023783378e+285
4584,"practical_naive",NA,1.14969009634804,0.359068815354386
4584,"correct_conditional",NA,1.01756036184525,0.211496287266998
4585,"history_naive",14,9.91205111780221e+285,9.91205111780221e+285
4585,"practical_naive",NA,1.54020997887973,0.415025534630927
4585,"correct_conditional",NA,1.85632317461831,0.967245347003848
4586,"history_naive",14,9.62858994375369e+285,9.62858994375369e+285
4586,"practical_naive",NA,1.38615065305699,0.244822093908715
4586,"correct_conditional",NA,1.22438511741639,0.44892296337569
4587,"history_naive",14,9.8133754615574e+285,9.8133754615574e+285
4587,"practical_naive",NA,3.66248046831097,0.391842216545858
4587,"correct_conditional",NA,2.96893665628704,0.99086442398268
4588,"history_naive",15,9.77418080072031e+285,9.77418080072031e+285
4588,"practical_naive",NA,1.21062964163817,0.247092162522515
4588,"correct_conditional",NA,1.12641872798808,0.298254288035727
4589,"history_naive",14,9.85272729376975e+285,9.85272729376975e+285
4589,"practical_naive",NA,1.11695711661276,0.21292685515757
4589,"correct_conditional",NA,1.01276664628877,0.284737026145059
4590,"history_naive",15,7.25765824499815e+285,4.83843882999877e+285
4590,"practical_naive",NA,1.36298685789419,0.218762877320968
4590,"correct_conditional",NA,1.06363614291632,0.425894319395296
4591,"history_naive",14,9.78396476548575e+285,9.78396476548575e+285
4591,"practical_naive",NA,2.74771302903592,0.0390367935951593
4591,"correct_conditional",NA,3.68302431382581,0.145088489852297
4592,"history_naive",14,9.48516772864731e+285,9.48516772864731e+285
4592,"practical_naive",NA,1.22164825767227,0.196469563219546
4592,"correct_conditional",NA,1.11109400164412,0.471656886968155
4593,"history_naive",14,7.22144245781531e+285,4.81429497187687e+285
4593,"practical_naive",NA,2.26775844085171,0.172420161864506
4593,"correct_conditional",NA,1.75790209206691,0.210064757980637
4594,"history_naive",15,9.68656422422177e+285,9.68656422422177e+285
4594,"practical_naive",NA,1.23554578359078,0.195816063749871
4594,"correct_conditional",NA,1.06844534473735,0.109874628258669
4595,"history_naive",14,9.76440661991956e+285,9.76440661991956e+285
4595,"practical_naive",NA,1.15283250085476,0.208560441623505
4595,"correct_conditional",NA,1.18559979915148,0.378287391303322
4596,"history_naive",14,9.73514268351529e+285,9.73514268351529e+285
4596,"practical_naive",NA,1.9230791249445,1.47974102251535
4596,"correct_conditional",NA,1.8266438618362,1.37403466153164
4597,"history_naive",15,9.64787604797362e+285,9.64787604797362e+285
4597,"practical_naive",NA,1.031039211512,0.22748824239091
4597,"correct_conditional",NA,1.12405864892595,0.447116375180004
4598,"history_naive",14,9.42839881023015e+285,9.42839881023015e+285
4598,"practical_naive",NA,1.14376817211865,0.21079402338145
4598,"correct_conditional",NA,2.62535042315382,2.03607559208251
4599,"history_naive",14,7.36003159616806e+285,4.90668773077871e+285
4599,"practical_naive",NA,1.04299779494992,0.264869575943124
4599,"correct_conditional",NA,2.13342339830651,0.684715054282844
4600,"history_naive",14,9.81337546155739e+285,9.81337546155739e+285
4600,"practical_naive",NA,1.08720944991542,0.173392032607131
4600,"correct_conditional",NA,1.01888908318246,0.194395931579087
4601,"history_naive",14,9.67687765999753e+285,9.67687765999753e+285
4601,"practical_naive",NA,2.97753345153779,0.106046962090722
4601,"correct_conditional",NA,1.06124853711909,0.0314310320120667
4602,"history_naive",14,9.89223692761773e+285,9.89223692761773e+285
4602,"practical_naive",NA,1.31524222718488,0.172970210307951
4602,"correct_conditional",NA,1.09083752815088,0.254213851990858
4603,"history_naive",14,9.74488757108637e+285,9.74488757108637e+285
4603,"practical_naive",NA,4.56377075884762,0.22049077362543
4603,"correct_conditional",NA,2.24594493470213,0.317268012947883
4604,"history_naive",15,7.14955213308931e+285,4.76636808872621e+285
4604,"practical_naive",737,21.1298858659493,0.271505849690224
4604,"correct_conditional",NA,18.2912499113293,2.79304844496772
4605,"history_naive",15,9.51368023783373e+285,9.51368023783373e+285
4605,"practical_naive",956,27.6621203488912,0.262808951948655
4605,"correct_conditional",955,42.0893888342319,2.00844500290318
4606,"history_naive",15,7.25765824499816e+285,4.83843882999877e+285
4606,"practical_naive",NA,1.62776198797828,0.109219222242814
4606,"correct_conditional",NA,1.72274527774545,0.496805076934473
4607,"history_naive",14,7.45638513204881e+285,4.97092342136587e+285
4607,"practical_naive",NA,5.00733364154846,0.232960575203551
4607,"correct_conditional",NA,3.32138130067156,0.0415322596136716
4608,"history_naive",15,7.2431501861664e+285,4.8287667907776e+285
4608,"practical_naive",NA,2.07447576809671,0.253716286285867
4608,"correct_conditional",NA,2.15642499899479,1.36035015743954
4609,"history_naive",14,7.24315018616642e+285,4.82876679077761e+285
4609,"practical_naive",NA,1.40672681827622,0.223782402829533
4609,"correct_conditional",NA,1.16744197833079,0.488920714296107
4610,"history_naive",14,7.1638727146459e+285,4.77591514309726e+285
4610,"practical_naive",NA,1.37394326689297,0.204563849222814
4610,"correct_conditional",NA,1.69989759276151,0.572444592620966
4611,"history_naive",15,9.66720078233751e+285,9.66720078233751e+285
4611,"practical_naive",NA,1.55827630062372,0.122102858833417
4611,"correct_conditional",NA,1.75394916123488,0.261865974490347
4612,"history_naive",15,7.25765824499815e+285,4.83843882999877e+285
4612,"practical_naive",NA,1.41750853131351,0.187931743640958
4612,"correct_conditional",NA,1.29167889177372,0.232013301126867
4613,"history_naive",14,9.48516772864728e+285,9.48516772864728e+285
4613,"practical_naive",NA,5.1100445312636,0.216158150628091
4613,"correct_conditional",NA,2.94089745554855,0.775962831163804
4614,"history_naive",14,9.77418080072028e+285,9.77418080072028e+285
4614,"practical_naive",NA,1.01564505435207,0.209873739770877
4614,"correct_conditional",NA,1.04229089509155,0.315964259533468
4615,"history_naive",14,9.67687765999755e+285,9.67687765999755e+285
4615,"practical_naive",NA,1.09748196188357,0.345735117833112
4615,"correct_conditional",NA,1.06882498483561,0.183028883012231
4616,"history_naive",15,9.7059664511576e+285,9.7059664511576e+285
4616,"practical_naive",NA,2.05868489082047,0.0554013074025539
4616,"correct_conditional",NA,15.0280797487167,1.72836034201063
4617,"history_naive",15,7.25765824499816e+285,4.83843882999878e+285
4617,"practical_naive",NA,3.26153204433011,0.213523368471763
4617,"correct_conditional",NA,4.86127450706897,0.619398559087637
4618,"history_naive",15,9.66720078233747e+285,9.66720078233747e+285
4618,"practical_naive",NA,1.27053044415647,0.276718590597787
4618,"correct_conditional",NA,1.21672482087957,0.439887140461504
4619,"history_naive",15,9.56139167787244e+285,9.56139167787244e+285
4619,"practical_naive",NA,1.35806675941321,0.310719400122389
4619,"correct_conditional",NA,1.29920938273122,0.152842152867104
4620,"history_naive",14,9.95179864137313e+285,9.95179864137313e+285
4620,"practical_naive",NA,1.13585296567179,0.199826369486142
4620,"correct_conditional",NA,1.07896705638604,0.2400031034226
4621,"history_naive",15,9.61896135381002e+285,9.61896135381002e+285
4621,"practical_naive",NA,1.21885610693564,0.375553274657342
4621,"correct_conditional",NA,1.19204495941829,0.465662235336116
4622,"history_naive",15,9.59013331701363e+285,9.59013331701363e+285
4622,"practical_naive",NA,1.87088931326369,0.801880995453865
4622,"correct_conditional",NA,1.01113184383018,0.162314437035603
4623,"history_naive",15,7.47132030133115e+285,4.98088020088743e+285
4623,"practical_naive",NA,1.0537434257844,0.204197501390763
4623,"correct_conditional",NA,1.10241921907131,0.349388666914002
4624,"history_naive",14,9.61896135381e+285,9.61896135381e+285
4624,"practical_naive",NA,1.04568907894742,0.197425364945987
4624,"correct_conditional",NA,1.06427637777943,0.446627739705541
4625,"history_naive",14,9.91205111780226e+285,9.91205111780226e+285
4625,"practical_naive",NA,1.22618548793224,0.209409787217081
4625,"correct_conditional",NA,1.40569988983064,0.453594788928647
4626,"history_naive",15,7.28676159996818e+285,4.85784106664545e+285
4626,"practical_naive",NA,6.41392639744663,0.590572162605487
4626,"correct_conditional",NA,3.39348409723669,1.23956959386251
4627,"history_naive",14,9.80356208609585e+285,9.80356208609585e+285
4627,"practical_naive",NA,1.46263293230703,0.186339381172458
4627,"correct_conditional",NA,1.61511853822422,0.305716260961864
4628,"history_naive",14,9.7351426835153e+285,9.7351426835153e+285
4628,"practical_naive",NA,1.58564758863989,0.0975041049013693
4628,"correct_conditional",NA,2.47720589293299,0.259429629331249
4629,"history_naive",15,9.72540754083175e+285,9.72540754083175e+285
4629,"practical_naive",NA,8.06954170555207,0.163589302170471
4629,"correct_conditional",799,44.4355478146209,1.07348099126272
4630,"history_naive",14,7.23590703598026e+285,4.82393802398684e+285
4630,"practical_naive",NA,2.13216720652201,0.688995998066124
4630,"correct_conditional",NA,1.26513588680062,0.224044190122086
4631,"history_naive",15,9.47568256091861e+285,9.47568256091861e+285
4631,"practical_naive",NA,1.05928543246347,0.22216177293998
4631,"correct_conditional",NA,1.2750539179474,0.494523309513466
4632,"history_naive",14,9.81337546155743e+285,9.81337546155743e+285
4632,"practical_naive",NA,10.593327688933,1.32092065480174
4632,"correct_conditional",NA,2.04136915498836,1.05247289018344
4633,"history_naive",14,9.59013331701364e+285,9.59013331701364e+285
4633,"practical_naive",NA,2.0087742623309,0.654664719763853
4633,"correct_conditional",NA,2.50957668876709,0.568942013102874
4634,"history_naive",15,7.14955213308936e+285,4.76636808872624e+285
4634,"practical_naive",NA,16.1061846245043,16.1061846245043
4634,"correct_conditional",NA,2.25247560842668,1.96176400042742
4635,"history_naive",15,9.67687765999756e+285,9.67687765999756e+285
4635,"practical_naive",NA,1.87395545460969,0.0820522410508931
4635,"correct_conditional",NA,2.25031419027173,0.109937392289757
4636,"history_naive",14,9.61896135380999e+285,9.61896135380999e+285
4636,"practical_naive",NA,1.37105952044551,0.236142648488485
4636,"correct_conditional",NA,1.381380786163,0.756933622963914
4637,"history_naive",14,9.61896135381004e+285,9.61896135381004e+285
4637,"practical_naive",NA,3.47144621186869,0.357233263378282
4637,"correct_conditional",NA,1.87103606044736,0.148867208958285
4638,"history_naive",15,9.6672007823375e+285,9.6672007823375e+285
4638,"practical_naive",NA,10.7084116424137,0.118734983171535
4638,"correct_conditional",NA,8.05684985941367,0.967627256873135
4639,"history_naive",14,9.59973305006375e+285,9.59973305006375e+285
4639,"practical_naive",NA,1.25192355465111,0.195484165435205
4639,"correct_conditional",NA,1.29886668297303,0.254494182657057
4640,"history_naive",14,7.26492316816632e+285,4.84328211211088e+285
4640,"practical_naive",NA,1.03722111792366,0.216210956692217
4640,"correct_conditional",NA,1.04795867127495,0.23367436460882
4641,"history_naive",15,9.6575335815552e+285,9.6575335815552e+285
4641,"practical_naive",NA,1.00359882688828,0.256193050459015
4641,"correct_conditional",NA,1.0519423618008,0.371337616206691
4642,"history_naive",14,9.67687765999755e+285,9.67687765999755e+285
4642,"practical_naive",NA,1.47383153220954,0.995941743143379
4642,"correct_conditional",NA,1.61676327095017,0.469026202324176
4643,"history_naive",14,7.13526017837532e+285,4.75684011891688e+285
4643,"practical_naive",NA,1.41584880614888,0.21966391777856
4643,"correct_conditional",NA,3.86843169536866,1.81673372389008
4644,"history_naive",15,9.84287456647598e+285,9.84287456647598e+285
4644,"practical_naive",NA,1.32018743836995,0.249514157093737
4644,"correct_conditional",NA,1.44152373392678,0.302224432992407
4645,"history_naive",15,9.67687765999756e+285,9.67687765999756e+285
4645,"practical_naive",NA,2.28293536871205,0.231951062468657
4645,"correct_conditional",NA,1.74986235118597,0.264865906480605
4646,"history_naive",14,7.1710437584043e+285,4.7806958389362e+285
4646,"practical_naive",NA,1.05191621809902,0.722075086426125
4646,"correct_conditional",NA,1.22087940427204,1.22087940427204
4647,"history_naive",14,9.86258988365348e+285,9.86258988365348e+285
4647,"practical_naive",NA,1.16702933931155,0.238014534542082
4647,"correct_conditional",NA,1.18099606531533,0.225621290702325
4648,"history_naive",14,9.82319866021763e+285,9.82319866021763e+285
4648,"practical_naive",NA,8.20250749668767,0.58765358972671
4648,"correct_conditional",NA,3.27911263860497,0.269471555824771
4649,"history_naive",15,9.69626048470642e+285,9.69626048470642e+285
4649,"practical_naive",NA,4.45862664729718,0.641985253847391
4649,"correct_conditional",NA,4.10793358090462,0.570550879495815
4650,"history_naive",15,9.63822817192571e+285,9.63822817192571e+285
4650,"practical_naive",NA,1.04252624720832,0.151664598297792
4650,"correct_conditional",NA,1.46410689296352,0.49349780290929
4651,"history_naive",14,9.88234469069016e+285,9.88234469069016e+285
4651,"practical_naive",NA,1.02466963038863,0.298189370734288
4651,"correct_conditional",NA,1.01257937858351,0.10458662994719
4652,"history_naive",14,9.58054318369666e+285,9.58054318369666e+285
4652,"practical_naive",NA,13.6192956575191,0.356477638342093
4652,"correct_conditional",NA,15.5587141243445,3.50795534595735
4653,"history_naive",14,7.27219536352986e+285,4.84813024235324e+285
4653,"practical_naive",NA,3.02473411151736,0.200332583240684
4653,"correct_conditional",NA,5.2410272934629,2.14760136203321
4654,"history_naive",14,9.52320344127504e+285,9.52320344127504e+285
4654,"practical_naive",NA,1.06518482426688,0.239437558946521
4654,"correct_conditional",NA,1.02417219628426,0.711015851080785
4655,"history_naive",14,9.67687765999756e+285,9.67687765999756e+285
4655,"practical_naive",NA,1.07247512707087,0.194708528871229
4655,"correct_conditional",NA,1.58124391032755,0.764250410402565
4656,"history_naive",15,7.17104375840431e+285,4.78069583893621e+285
4656,"practical_naive",NA,2.73304921433791,0.140045437095203
4656,"correct_conditional",NA,2.94261416451339,0.15932513658643
4657,"history_naive",15,7.24315018616637e+285,4.82876679077758e+285
4657,"practical_naive",NA,2.88742062834974,1.4796263097747
4657,"correct_conditional",2313,44.6281921337825,36.2115493900737
4658,"history_naive",14,9.68656422422173e+285,9.68656422422173e+285
4658,"practical_naive",234,73.389239226755,1.06904798442399
4658,"correct_conditional",249,52.0827303855354,3.27868781010989
4659,"history_naive",14,9.63822817192566e+285,9.63822817192566e+285
4659,"practical_naive",NA,2.61844939841913,0.0435973968677775
4659,"correct_conditional",NA,6.70650527237199,1.123815286251
4660,"history_naive",14,7.382155924857e+285,4.921437283238e+285
4660,"practical_naive",NA,1.33107500574696,0.276462609463604
4660,"correct_conditional",NA,1.06307086924047,0.161826421886893
4661,"history_naive",15,7.31598165997475e+285,4.87732110664983e+285
4661,"practical_naive",NA,2.60689707076843,0.273870262564611
4661,"correct_conditional",NA,1.62336936173766,0.582896946700462
4662,"history_naive",14,9.63822817192568e+285,9.63822817192568e+285
4662,"practical_naive",NA,1.02801399239931,0.229278412049182
4662,"correct_conditional",NA,1.03886076495044,0.492677469308255
4663,"history_naive",14,9.57096264051295e+285,9.57096264051295e+285
4663,"practical_naive",NA,1.12308724160887,0.391307694322156
4663,"correct_conditional",NA,1.1754479776237,0.850672944516866
4664,"history_naive",14,7.3306356005402e+285,4.88709040036013e+285
4664,"practical_naive",NA,1.45011047436165,0.273857371453628
4664,"correct_conditional",NA,1.09755411975174,0.203599104457646
4665,"history_naive",15,7.26492316816627e+285,4.84328211211084e+285
4665,"practical_naive",NA,7.42313787653142,0.151484106238151
4665,"correct_conditional",NA,1.38295019668824,0.00142259492663941
4666,"history_naive",15,9.57096264051295e+285,9.57096264051295e+285
4666,"practical_naive",NA,1.30430145396208,0.126463116218427
4666,"correct_conditional",NA,1.46335969517203,0.234490673500433
4667,"history_naive",14,7.33063560054022e+285,4.88709040036015e+285
4667,"practical_naive",NA,7.78847153407492,0.421435875235149
4667,"correct_conditional",NA,5.82121567918608,0.746162381886451
4668,"history_naive",14,9.72540754083177e+285,9.72540754083177e+285
4668,"practical_naive",NA,8.0838902331758,0.575417628142286
4668,"correct_conditional",NA,3.59452810348483,0.617035767506649
4669,"history_naive",14,9.70596645115765e+285,9.70596645115765e+285
4669,"practical_naive",NA,1.1160895869189,0.189476159630898
4669,"correct_conditional",NA,1.15014246589707,0.24607494547238
4670,"history_naive",15,7.2431501861664e+285,4.8287667907776e+285
4670,"practical_naive",NA,3.68163031583342,0.229507108998333
4670,"correct_conditional",NA,2.86752000053281,0.195768896645198
4671,"history_naive",14,9.86258988365343e+285,9.86258988365343e+285
4671,"practical_naive",NA,2.88741736145399,2.57070248673686
4671,"correct_conditional",NA,2.44983372707979,1.27246431531117
4672,"history_naive",14,9.88234469069013e+285,9.88234469069013e+285
4672,"practical_naive",NA,2.08748554452175,0.206479162975417
4672,"correct_conditional",NA,2.22090004568818,0.168119152673251
4673,"history_naive",14,9.37196965492431e+285,9.37196965492431e+285
4673,"practical_naive",659,282.425562806525,2.84756361456776
4673,"correct_conditional",661,104.380998766345,30.4525165691479
4674,"history_naive",14,7.29405565562382e+285,4.86270377041588e+285
4674,"practical_naive",NA,5.52376010100181,0.14852575197593
4674,"correct_conditional",NA,2.31653854377108,0.299116423443268
4675,"history_naive",15,9.88234469069011e+285,9.88234469069011e+285
4675,"practical_naive",NA,1.67947771859683,0.126866292642753
4675,"correct_conditional",NA,1.7700696153308,0.284672579392952
4676,"history_naive",14,7.25040058675315e+285,4.83360039116876e+285
4676,"practical_naive",NA,1.09311976001375,0.254695550071234
4676,"correct_conditional",NA,1.0799850457475,0.0531408053263589
4677,"history_naive",14,9.6962604847065e+285,9.6962604847065e+285
4677,"practical_naive",NA,6.6810030065686,0.252600008039986
4677,"correct_conditional",NA,9.0717301188964,3.36509102023096
4678,"history_naive",14,9.75464221329966e+285,9.75464221329966e+285
4678,"practical_naive",NA,1.34793883254887,0.117949797860553
4678,"correct_conditional",NA,3.90024143383236,0.811127689994326
4679,"history_naive",14,9.7741808007203e+285,9.7741808007203e+285
4679,"practical_naive",NA,2.02997722829834,0.225222945544342
4679,"correct_conditional",NA,3.66701521264146,0.599448486503212
4680,"history_naive",14,9.63822817192568e+285,9.63822817192568e+285
4680,"practical_naive",NA,1.74018661240698,0.170647560604098
4680,"correct_conditional",NA,1.20471229924699,0.170366826436205
4681,"history_naive",14,9.81337546155745e+285,9.81337546155745e+285
4681,"practical_naive",NA,3.56659169742453,0.0584067058140879
4681,"correct_conditional",NA,1.58701916469328,0.0778951379511381
4682,"history_naive",14,7.35267156457191e+285,4.90178104304794e+285
4682,"practical_naive",NA,1.91535475900069,0.256441401524178
4682,"correct_conditional",NA,1.14316738617236,0.118414792533172
4683,"history_naive",15,9.50416655759593e+285,9.50416655759593e+285
4683,"practical_naive",NA,2.04401201818449,0.125257474037682
4683,"correct_conditional",NA,5.18482797507367,0.951586281517586
4684,"history_naive",15,9.70596645115766e+285,9.70596645115766e+285
4684,"practical_naive",NA,1.15672666920287,0.210384009286256
4684,"correct_conditional",NA,1.00698556945428,0.158133034653557
4685,"history_naive",14,7.31598165997474e+285,4.87732110664983e+285
4685,"practical_naive",NA,4.83425795804376,1.77277812778392
4685,"correct_conditional",NA,2.11584857024303,0.87681880732895
4686,"history_naive",14,7.28676159996814e+285,4.85784106664543e+285
4686,"practical_naive",NA,17.3138532188983,0.248223865033679
4686,"correct_conditional",NA,3.13442464523321,0.260337527551186
4687,"history_naive",15,7.33063560054023e+285,4.88709040036015e+285
4687,"practical_naive",NA,1.00308391225281,0.226953768476953
4687,"correct_conditional",NA,1.02181450776995,0.471792273210089
4688,"history_naive",14,9.54227845590837e+285,9.54227845590837e+285
4688,"practical_naive",NA,1.38736057123437,0.229889878030944
4688,"correct_conditional",NA,1.28113298048357,0.368742136194471
4689,"history_naive",14,9.67687765999754e+285,9.67687765999754e+285
4689,"practical_naive",NA,7.41725710848285,0.123565171220463
4689,"correct_conditional",NA,7.3540572658669,2.76421811112722
4690,"history_naive",14,7.19259998776022e+285,4.79506665850681e+285
4690,"practical_naive",NA,10.1586943007838,3.13102670927282
4690,"correct_conditional",NA,3.10488939166748,0.75639438804871
4691,"history_naive",15,9.75464221329965e+285,9.75464221329965e+285
4691,"practical_naive",NA,1.2122353029157,0.17012456814615
4691,"correct_conditional",NA,1.21255533956283,0.421394984553004
4692,"history_naive",14,7.19979978754781e+285,4.79986652503187e+285
4692,"practical_naive",NA,1.68106127907852,0.233055794357356
4692,"correct_conditional",NA,1.39055201603059,0.241333362337956
4693,"history_naive",14,9.59013331701364e+285,9.59013331701364e+285
4693,"practical_naive",NA,2.53183538910572,0.0513436238273146
4693,"correct_conditional",NA,2.32200445831551,0.067479251328368
4694,"history_naive",14,7.29405565562384e+285,4.86270377041589e+285
4694,"practical_naive",NA,4.2722430905559,0.0888108811126508
4694,"correct_conditional",NA,4.53485757555056,0.30466366651311
4695,"history_naive",15,9.65753358155519e+285,9.65753358155519e+285
4695,"practical_naive",NA,1.17879206588283,0.337825595216238
4695,"correct_conditional",NA,1.24942090283424,0.221224524976212
4696,"history_naive",14,7.41175851801764e+285,4.9411723453451e+285
4696,"practical_naive",NA,1.27546934601096,0.341394948028885
4696,"correct_conditional",NA,1.1217598307625,0.535349555147827
4697,"history_naive",14,9.53273617745243e+285,9.53273617745243e+285
4697,"practical_naive",NA,3.25033307767973,0.721952767523242
4697,"correct_conditional",NA,4.23905099756305,1.08546304353886
4698,"history_naive",14,7.22867112894429e+285,4.81911408596286e+285
4698,"practical_naive",NA,3.04908635198528,0.211148857847819
4698,"correct_conditional",NA,3.01777625525281,0.633626108414591
4699,"history_naive",14,7.36003159616807e+285,4.90668773077871e+285
4699,"practical_naive",NA,1.09569575207275,0.190289247182666
4699,"correct_conditional",NA,1,0.343020921805861
4700,"history_naive",14,9.75464221329963e+285,9.75464221329963e+285
4700,"practical_naive",NA,1.0365552744923,0.238436365824544
4700,"correct_conditional",NA,1.05471346037549,0.222797384107549
4701,"history_naive",14,9.61896135381002e+285,9.61896135381002e+285
4701,"practical_naive",NA,9.02484000377882,8.15107586186732
4701,"correct_conditional",NA,6.62639117718836,5.99471225651835
4702,"history_naive",14,9.77418080072032e+285,9.77418080072032e+285
4702,"practical_naive",NA,1.57449504032238,0.365651076523999
4702,"correct_conditional",NA,2.5277146885491,0.799578315776389
4703,"history_naive",14,9.69626048470648e+285,9.69626048470648e+285
4703,"practical_naive",NA,6.17681385860845,0.214043333643532
4703,"correct_conditional",NA,14.7847908717552,1.42321771617532
4704,"history_naive",14,9.7741808007203e+285,9.7741808007203e+285
4704,"practical_naive",NA,2.23718977568111,0.243003916290911
4704,"correct_conditional",NA,2.05760245590767,0.202395419375782
4705,"history_naive",14,9.70596645115761e+285,9.70596645115761e+285
4705,"practical_naive",NA,4.2288354942524,0.303161233302754
4705,"correct_conditional",NA,2.77256730363468,0.474574698917155
4706,"history_naive",15,7.28676159996818e+285,4.85784106664546e+285
4706,"practical_naive",NA,1.21654197443378,0.148632468619776
4706,"correct_conditional",NA,1.35328801235464,0.131128663772522
4707,"history_naive",14,9.73514268351528e+285,9.73514268351528e+285
4707,"practical_naive",NA,3.71886660624324,0.857282962225426
4707,"correct_conditional",NA,2.19524176322028,0.262942740832978
4708,"history_naive",15,7.25765824499813e+285,4.83843882999875e+285
4708,"practical_naive",NA,1.12995098317518,0.216694537856238
4708,"correct_conditional",NA,1.10085879757147,0.526795746209428
4709,"history_naive",14,7.22867112894424e+285,4.81911408596283e+285
4709,"practical_naive",NA,1.53080490069525,0.438594785565197
4709,"correct_conditional",NA,3.34545554812404,0.7462663080339
4710,"history_naive",14,9.59973305006376e+285,9.59973305006376e+285
4710,"practical_naive",NA,1.0161750195114,0.240021201010137
4710,"correct_conditional",NA,1.00841331301795,0.22010835260804
4711,"history_naive",14,9.65753358155525e+285,9.65753358155525e+285
4711,"practical_naive",NA,1.12724066352662,0.0790640771624457
4711,"correct_conditional",NA,1.19123009073905,0.10929226597204
4712,"history_naive",15,9.99170555330984e+285,9.99170555330984e+285
4712,"practical_naive",NA,2.25341995337317,0.234938153980516
4712,"correct_conditional",NA,2.16010398094313,0.497765961687195
4713,"history_naive",14,7.18540738777245e+285,4.7902715918483e+285
4713,"practical_naive",NA,1.31246285769866,0.0729639752527593
4713,"correct_conditional",NA,1.22849522128894,0.144417798600247
4714,"history_naive",14,7.12812491819692e+285,4.75208327879794e+285
4714,"practical_naive",NA,1.04406874141084,0.13919766950429
4714,"correct_conditional",NA,1.02795663912269,0.121471607876834
4715,"history_naive",14,9.6962604847065e+285,9.6962604847065e+285
4715,"practical_naive",NA,1.40915804001817,0.204484137278222
4715,"correct_conditional",NA,1.12896238253284,0.143388131767933
4716,"history_naive",15,7.18540738777247e+285,4.79027159184831e+285
4716,"practical_naive",NA,1.69090118790782,0.250458862658149
4716,"correct_conditional",NA,2.40741268707088,0.427214503322273
4717,"history_naive",14,9.72540754083175e+285,9.72540754083175e+285
4717,"practical_naive",NA,1.17397887056828,0.183994388006301
4717,"correct_conditional",NA,1.2358146615265,0.317523096779539
4718,"history_naive",14,9.70596645115763e+285,9.70596645115763e+285
4718,"practical_naive",NA,1.34064151327518,0.22413354973545
4718,"correct_conditional",NA,1.31907153405639,0.486200003940073
4719,"history_naive",15,9.48516772864724e+285,9.48516772864724e+285
4719,"practical_naive",NA,1.77139618797761,0.192066170188706
4719,"correct_conditional",NA,1.28137809334354,0.201075880832322
4720,"history_naive",14,9.5709626405129e+285,9.5709626405129e+285
4720,"practical_naive",NA,1.10589562172707,0.213983461385999
4720,"correct_conditional",NA,1.00713939566457,0.203377404208059
4721,"history_naive",15,7.44147981816986e+285,4.96098654544657e+285
4721,"practical_naive",NA,1.14715393755464,0.182154474298796
4721,"correct_conditional",NA,1.043444112357,0.193663054617559
4722,"history_naive",14,7.25765824499812e+285,4.83843882999875e+285
4722,"practical_naive",NA,2.54848568050706,0.36891708863485
4722,"correct_conditional",NA,5.21607496907851,3.8544895393251
4723,"history_naive",14,9.77418080072028e+285,9.77418080072028e+285
4723,"practical_naive",NA,2.28158156368975,0.565811162838775
4723,"correct_conditional",NA,1.0696249026596,0.176026495942754
4724,"history_naive",14,9.98171384775655e+285,9.98171384775655e+285
4724,"practical_naive",NA,1.476323602705,0.186953621127616
4724,"correct_conditional",NA,1.37880948695725,0.267491557775212
4725,"history_naive",14,7.1997997875478e+285,4.79986652503187e+285
4725,"practical_naive",NA,1.00520250068275,0.212353526962174
4725,"correct_conditional",NA,1.07361686636821,0.0956844318839888
4726,"history_naive",14,9.65753358155523e+285,9.65753358155523e+285
4726,"practical_naive",NA,1.9467954215,0.113470421514272
4726,"correct_conditional",NA,2.74476780930105,0.188237835096201
4727,"history_naive",15,7.29405565562378e+285,4.86270377041585e+285
4727,"practical_naive",NA,1.3116580005447,0.210625946864882
4727,"correct_conditional",NA,1.36887920211962,0.736152227585827
4728,"history_naive",15,7.22144245781528e+285,4.81429497187685e+285
4728,"practical_naive",NA,2.0218900883159,0.461722765384558
4728,"correct_conditional",NA,3.07265106266621,1.67034755953954
4729,"history_naive",14,7.1854073877725e+285,4.79027159184833e+285
4729,"practical_naive",NA,1.72818771262373,0.173404738452479
4729,"correct_conditional",NA,1.45995919379698,0.162489968666871
4730,"history_naive",14,9.97173213390883e+285,9.97173213390883e+285
4730,"practical_naive",NA,5.39095460765938,0.845934136955877
4730,"correct_conditional",NA,7.23052466573853,0.745759175733942
4731,"history_naive",14,9.57096264051299e+285,9.57096264051299e+285
4731,"practical_naive",NA,1.02309561850531,0.207774526945137
4731,"correct_conditional",NA,1.34674017102564,0.459172127664086
4732,"history_naive",14,9.8330316919096e+285,9.8330316919096e+285
4732,"practical_naive",NA,1.96291811605276,0.221209456607657
4732,"correct_conditional",NA,1.02706042426251,0.265432002352574
4733,"history_naive",14,7.39694241274009e+285,4.93129494182673e+285
4733,"practical_naive",NA,4.6638818309876,0.0765934533652968
4733,"correct_conditional",NA,1.9724113562798,0.0107823564498837
4734,"history_naive",15,9.59973305006369e+285,9.59973305006369e+285
4734,"practical_naive",NA,1.43615958569317,0.19962851566525
4734,"correct_conditional",NA,1.69175314121507,0.96569918397049
4735,"history_naive",15,7.30866567831478e+285,4.87244378554319e+285
4735,"practical_naive",NA,1.12130698101387,0.193222119691896
4735,"correct_conditional",NA,1.22589617217562,0.300308142861148
4736,"history_naive",14,9.58054318369666e+285,9.58054318369666e+285
4736,"practical_naive",562,41.4632190544041,0.260690054605026
4736,"correct_conditional",298,31.3511857575623,0.0476994270865395
4737,"history_naive",15,9.82319866021763e+285,9.82319866021763e+285
4737,"practical_naive",NA,4.5083128887163,2.61867698132705
4737,"correct_conditional",NA,6.6812916443034,3.977731462078
4738,"history_naive",14,9.842874566476e+285,9.842874566476e+285
4738,"practical_naive",NA,2.86467499812724,2.07224578381236
4738,"correct_conditional",NA,1.62486228049053,0.63983818055749
4739,"history_naive",14,9.59973305006376e+285,9.59973305006376e+285
4739,"practical_naive",NA,5.65745524660548,0.94810034158903
4739,"correct_conditional",NA,4.0074660963936,0.586943049675336
4740,"history_naive",14,7.36739899516321e+285,4.9115993301088e+285
4740,"practical_naive",NA,1.2339303240236,0.245961123390618
4740,"correct_conditional",NA,1.16669679463938,0.279072571743026
4741,"history_naive",14,7.2214424578153e+285,4.81429497187686e+285
4741,"practical_naive",NA,9.3110618781708,2.95906099653416
4741,"correct_conditional",NA,17.7147401745825,7.27484293721178
4742,"history_naive",14,9.91205111780229e+285,9.91205111780229e+285
4742,"practical_naive",NA,4.87620701650261,0.287200813879574
4742,"correct_conditional",NA,18.5000751216357,1.46461783230621
4743,"history_naive",14,9.59013331701366e+285,9.59013331701366e+285
4743,"practical_naive",NA,2.14592098409031,0.170186253253504
4743,"correct_conditional",NA,2.12795107213701,0.238302520953874
4744,"history_naive",15,9.37196965492434e+285,9.37196965492434e+285
4744,"practical_naive",NA,3.67019936620489,0.132974416583201
4744,"correct_conditional",NA,6.72800466880713,1.29458052689507
4745,"history_naive",14,7.31598165997471e+285,4.87732110664981e+285
4745,"practical_naive",NA,1.12825561891543,0.1372928070211
4745,"correct_conditional",NA,1.27558525977374,0.301417481446658
4746,"history_naive",14,9.79375852400977e+285,9.79375852400977e+285
4746,"practical_naive",NA,1.34039434683544,0.1814413740673
4746,"correct_conditional",NA,1.44702433452344,0.379881974810557
4747,"history_naive",15,7.2214424578153e+285,4.81429497187687e+285
4747,"practical_naive",NA,1.42740933242043,0.190272120277213
4747,"correct_conditional",NA,1.42146261644167,0.451012404189728
4748,"history_naive",14,9.6575335815552e+285,9.6575335815552e+285
4748,"practical_naive",NA,2.45090051532287,0.268939510028802
4748,"correct_conditional",NA,1.20252311453924,0.252932867739573
4749,"history_naive",15,9.54227845590837e+285,9.54227845590837e+285
4749,"practical_naive",NA,1.09353683752109,0.211665971934011
4749,"correct_conditional",NA,1.28959725213584,0.41888310267888
4750,"history_naive",15,9.50416655759592e+285,9.50416655759592e+285
4750,"practical_naive",NA,1.18622036579497,0.193533933734976
4750,"correct_conditional",NA,1.11500409453925,0.326528279248937
4751,"history_naive",14,9.59973305006375e+285,9.59973305006375e+285
4751,"practical_naive",NA,2.69544089809837,1.1531034305242
4751,"correct_conditional",NA,3.00626433962071,1.52469742085062
4752,"history_naive",15,9.75464221329965e+285,9.75464221329965e+285
4752,"practical_naive",NA,1.46687358632863,0.195991911125708
4752,"correct_conditional",NA,1.26775955073278,0.248362311088477
4753,"history_naive",14,9.6865642242218e+285,9.6865642242218e+285
4753,"practical_naive",NA,1.01465971934432,0.406785019484947
4753,"correct_conditional",NA,1.0568822862124,0.48601650018939
4754,"history_naive",14,9.60934239245619e+285,9.60934239245619e+285
4754,"practical_naive",NA,1.97862564473424,0.173761185652832
4754,"correct_conditional",NA,2.66680509755979,1.33282301777363
4755,"history_naive",14,9.5901333170136e+285,9.5901333170136e+285
4755,"practical_naive",NA,1.60857008769559,0.280493014448265
4755,"correct_conditional",NA,1.57499018509923,0.585512641025822
4756,"history_naive",15,9.46620687835776e+285,9.46620687835776e+285
4756,"practical_naive",NA,3.09774453869334,0.173732191268789
4756,"correct_conditional",NA,2.05780889681471,0.444107376553221
4757,"history_naive",15,9.523203441275e+285,9.523203441275e+285
4757,"practical_naive",NA,1.42903786173502,0.244905209455991
4757,"correct_conditional",NA,1.10208969351281,0.301219652227396
4758,"history_naive",15,9.75464221329963e+285,9.75464221329963e+285
4758,"practical_naive",NA,1.11612197377299,0.193023556528226
4758,"correct_conditional",NA,1.1777095436346,0.600683459878193
4759,"history_naive",15,9.79375852400978e+285,9.79375852400978e+285
4759,"practical_naive",NA,1.56349560696794,0.125618075659435
4759,"correct_conditional",NA,1.95360715145099,0.219462287815282
4760,"history_naive",14,9.73514268351522e+285,9.73514268351522e+285
4760,"practical_naive",NA,1.57591625607211,0.249714160915601
4760,"correct_conditional",NA,1.26008749669425,0.452464098867875
4761,"history_naive",14,9.61896135381002e+285,9.61896135381002e+285
4761,"practical_naive",247,22.349243310766,0.38267236525329
4761,"correct_conditional",NA,7.28044267266373,0.119855232697431
4762,"history_naive",14,9.69626048470646e+285,9.69626048470646e+285
4762,"practical_naive",NA,1.39193882464213,0.383342519282338
4762,"correct_conditional",NA,1.15609525895304,0.127514246391189
4763,"history_naive",15,9.67687765999754e+285,9.67687765999754e+285
4763,"practical_naive",NA,6.2898082854976,0.0937773985114016
4763,"correct_conditional",NA,19.1618952768258,0.284845461765563
4764,"history_naive",15,9.84287456647605e+285,9.84287456647605e+285
4764,"practical_naive",NA,1.4847564297097,0.0965084813405132
4764,"correct_conditional",NA,1.27139669553842,0.121549451276712
4765,"history_naive",14,7.17104375840431e+285,4.7806958389362e+285
4765,"practical_naive",NA,1.0940251149985,0.23480590513963
4765,"correct_conditional",NA,1.07826118591036,0.29660084007335
4766,"history_naive",15,9.77418080072031e+285,9.77418080072031e+285
4766,"practical_naive",1022,133.017447875956,1.64149475940747
4766,"correct_conditional",719,148.092983978668,2.35588122404966
4767,"history_naive",14,9.87246234599945e+285,9.87246234599945e+285
4767,"practical_naive",NA,1.2798123595946,0.252945982858938
4767,"correct_conditional",NA,1.33402713636862,0.292851968937891
4768,"history_naive",14,7.1567088419313e+285,4.7711392279542e+285
4768,"practical_naive",NA,1.51537461602474,0.203945837421841
4768,"correct_conditional",NA,1.34415880219462,0.36957982532757
4769,"history_naive",15,7.26492316816634e+285,4.84328211211089e+285
4769,"practical_naive",NA,7.7602077569678,0.111392931908568
4769,"correct_conditional",NA,5.82910976692745,0.0789406762138449
4770,"history_naive",15,9.75464221329961e+285,9.75464221329961e+285
4770,"practical_naive",NA,6.23383857619886,0.112079138910784
4770,"correct_conditional",NA,3.24102192321265,0.065425901751669
4771,"history_naive",15,9.52320344127501e+285,9.52320344127501e+285
4771,"practical_naive",NA,1.00111004102518,0.253400382174163
4771,"correct_conditional",NA,1.00104244061801,0.254237515403597
4772,"history_naive",15,9.62858994375371e+285,9.62858994375371e+285
4772,"practical_naive",NA,1.49906345544873,0.167570933748832
4772,"correct_conditional",NA,2.89272659678456,1.61785257947588
4773,"history_naive",15,7.1567088419313e+285,4.7711392279542e+285
4773,"practical_naive",NA,1.09585989678956,0.158951857748661
4773,"correct_conditional",NA,1.03949807091664,0.176069403444756
4774,"history_naive",14,9.62858994375375e+285,9.62858994375375e+285
4774,"practical_naive",NA,1.56721368776428,0.206442115105929
4774,"correct_conditional",NA,1.53115215716869,0.24475678452583
4775,"history_naive",14,7.19259998776028e+285,4.79506665850685e+285
4775,"practical_naive",NA,1.3341289059337,0.212534782683139
4775,"correct_conditional",NA,1.12632934501693,0.412646906542065
4776,"history_naive",14,9.61896135381e+285,9.61896135381e+285
4776,"practical_naive",NA,2.61546706393865,0.133039802355671
4776,"correct_conditional",NA,5.30723272977658,1.11393208189503
4777,"history_naive",14,7.02897724119325e+285,4.68598482746216e+285
4777,"practical_naive",NA,1.79793799431049,0.177723746693144
4777,"correct_conditional",NA,2.85125679974916,0.979879352085021
4778,"history_naive",15,7.30135701263645e+285,4.86757134175764e+285
4778,"practical_naive",NA,1.22626685944175,0.122248065159083
4778,"correct_conditional",NA,1.08617368499627,0.133982094759021
4779,"history_naive",15,7.2214424578153e+285,4.81429497187687e+285
4779,"practical_naive",NA,1.10870571075997,0.20084447158921
4779,"correct_conditional",NA,1.19253452833856,0.350108589357234
4780,"history_naive",14,9.79375852400978e+285,9.79375852400978e+285
4780,"practical_naive",NA,1.11816149999965,0.199551713994543
4780,"correct_conditional",NA,1.31506069223702,0.189845769230787
4781,"history_naive",14,9.64787604797365e+285,9.64787604797365e+285
4781,"practical_naive",NA,4.10445405959578,0.0512600469635589
4781,"correct_conditional",NA,1.97029526176283,0.246743059357944
4782,"history_naive",14,7.36003159616809e+285,4.90668773077873e+285
4782,"practical_naive",NA,1.08598739243129,0.215543115881988
4782,"correct_conditional",NA,1.07091701126696,0.173064863975656
4783,"history_naive",14,7.14955213308935e+285,4.76636808872624e+285
4783,"practical_naive",NA,3.818853453926,0.19554780385982
4783,"correct_conditional",NA,4.38712410098791,0.888579389457052
4784,"history_naive",15,9.56139167787241e+285,9.56139167787241e+285
4784,"practical_naive",NA,17.6677750626989,0.0817311872646626
4784,"correct_conditional",NA,9.95462976348886,0.164190992906869
4785,"history_naive",14,9.64787604797364e+285,9.64787604797364e+285
4785,"practical_naive",NA,1.5335662742786,0.23839636981643
4785,"correct_conditional",NA,1.50430138201951,0.236193219483625
4786,"history_naive",15,7.39694241274013e+285,4.93129494182675e+285
4786,"practical_naive",NA,1.23080506916035,0.148549981720508
4786,"correct_conditional",NA,1.0773442804336,0.25616937977764
4787,"history_naive",15,9.6672007823375e+285,9.6672007823375e+285
4787,"practical_naive",NA,1.19224866100831,0.256204728099567
4787,"correct_conditional",NA,1.17586801818526,0.201093238193064
4788,"history_naive",14,9.77418080072029e+285,9.77418080072029e+285
4788,"practical_naive",NA,1.35168697472481,0.33808189899996
4788,"correct_conditional",NA,1.23691812359044,0.646358133003177
4789,"history_naive",14,9.44728393080785e+285,9.44728393080785e+285
4789,"practical_naive",NA,1.53443917013275,0.116209431434316
4789,"correct_conditional",NA,1.55050528210599,0.150990801242086
4790,"history_naive",15,9.45674067147934e+285,9.45674067147934e+285
4790,"practical_naive",NA,4.0861704644078,0.108973241370315
4790,"correct_conditional",NA,3.7759927513437,0.391579944312376
4791,"history_naive",14,9.87246234599947e+285,9.87246234599947e+285
4791,"practical_naive",NA,4.24986905132166,0.320694186387291
4791,"correct_conditional",NA,1.01040593835683,0.326753964492736
4792,"history_naive",14,7.2794748383682e+285,4.8529832255788e+285
4792,"practical_naive",NA,4.51978349968805,0.159427086473929
4792,"correct_conditional",NA,8.56252553765095,2.97868047305676
4793,"history_naive",15,9.65753358155522e+285,9.65753358155522e+285
4793,"practical_naive",NA,2.95885330172985,0.185649539306025
4793,"correct_conditional",NA,2.69230312290167,0.704716868904742
4794,"history_naive",14,9.67687765999749e+285,9.67687765999749e+285
4794,"practical_naive",NA,2.00831657348575,0.167007729142331
4794,"correct_conditional",NA,1.80566092788813,0.797828272174699
4795,"history_naive",14,9.68656422422172e+285,9.68656422422172e+285
4795,"practical_naive",NA,1.31532158016189,0.26394689091731
4795,"correct_conditional",NA,1.35607486643323,0.181951250597596
4796,"history_naive",14,9.73514268351524e+285,9.73514268351524e+285
4796,"practical_naive",NA,1.906505027756,0.0642367912663184
4796,"correct_conditional",NA,1.2306630538127,0.1318008534317
4797,"history_naive",15,9.90213906668441e+285,9.90213906668441e+285
4797,"practical_naive",NA,1.2148131871671,0.255729124883834
4797,"correct_conditional",NA,1.0420441843852,0.300604428556251
4798,"history_naive",14,9.72540754083171e+285,9.72540754083171e+285
4798,"practical_naive",NA,2.84983394088613,0.19044235731625
4798,"correct_conditional",NA,1.8891364507352,0.151131894256242
4799,"history_naive",14,9.75464221329964e+285,9.75464221329964e+285
4799,"practical_naive",NA,1.53894236989778,0.216061478447766
4799,"correct_conditional",NA,1.36021018292698,0.0876766717196427
4800,"history_naive",15,7.36739899516322e+285,4.91159933010882e+285
4800,"practical_naive",NA,3.96331173644989,0.0908642863998538
4800,"correct_conditional",NA,2.8552093983541,0.295010525132356
4801,"history_naive",14,7.27947483836823e+285,4.85298322557882e+285
4801,"practical_naive",590,30.0970726214852,5.14400757895327
4801,"correct_conditional",NA,7.8696763585793,3.06132605621943
4802,"history_naive",14,7.31598165997474e+285,4.87732110664983e+285
4802,"practical_naive",NA,2.66716982326321,0.088550484771543
4802,"correct_conditional",NA,1.56866435625343,0.0945238175569308
4803,"history_naive",14,9.76440661991954e+285,9.76440661991954e+285
4803,"practical_naive",NA,1.32995386464376,0.174535132620008
4803,"correct_conditional",NA,2.0380242997585,0.373949791465025
4804,"history_naive",14,9.73514268351526e+285,9.73514268351526e+285
4804,"practical_naive",NA,2.67309051493659,0.0963291512100155
4804,"correct_conditional",NA,2.24446058872309,0.761772398748527
4805,"history_naive",14,9.76440661991954e+285,9.76440661991954e+285
4805,"practical_naive",NA,4.1409062062982,0.49112168996964
4805,"correct_conditional",NA,3.56520530689511,0.692282304119431
4806,"history_naive",14,7.2649231681663e+285,4.84328211211087e+285
4806,"practical_naive",NA,2.66126793266986,0.589969306915923
4806,"correct_conditional",NA,2.63149742495379,0.179223371864851
4807,"history_naive",15,9.55183028619455e+285,9.55183028619455e+285
4807,"practical_naive",NA,1.5090943934761,0.190975911289007
4807,"correct_conditional",NA,1.73089024178975,0.21040571337196
4808,"history_naive",15,7.19979978754779e+285,4.79986652503186e+285
4808,"practical_naive",NA,2.50985394050681,0.104885057078918
4808,"correct_conditional",NA,1.839804696022,0.247294996294613
4809,"history_naive",14,9.77418080072025e+285,9.77418080072025e+285
4809,"practical_naive",NA,1.52533271350949,0.169540502250404
4809,"correct_conditional",NA,1.37293299012598,0.715031545539028
4810,"history_naive",15,9.93190499588905e+285,9.93190499588905e+285
4810,"practical_naive",NA,2.90915389366447,0.0569615595740586
4810,"correct_conditional",NA,2.87582690541065,1.25435261963528
4811,"history_naive",14,7.2431501861664e+285,4.8287667907776e+285
4811,"practical_naive",NA,1,0.21626540848831
4811,"correct_conditional",NA,1.03784646670494,0.356057002122285
4812,"history_naive",14,9.842874566476e+285,9.842874566476e+285
4812,"practical_naive",NA,1.13511755499584,0.219541686249251
4812,"correct_conditional",NA,1.5278157281215,0.361760118164635
4813,"history_naive",14,9.82319866021766e+285,9.82319866021766e+285
4813,"practical_naive",NA,1.31646592845398,0.300935976047197
4813,"correct_conditional",NA,1.11677592903702,0.438562837520772
4814,"history_naive",14,7.30135701263644e+285,4.86757134175763e+285
4814,"practical_naive",235,22.9180317473714,0.147540503832947
4814,"correct_conditional",NA,5.18019768156001,0.520302086842244
4815,"history_naive",14,9.76440661991959e+285,9.76440661991959e+285
4815,"practical_naive",NA,2.31277414314638,0.368365193815997
4815,"correct_conditional",NA,1.7310862577348,0.522589403580723
4816,"history_naive",15,9.60934239245621e+285,9.60934239245621e+285
4816,"practical_naive",NA,2.02247794041335,0.0848680150413247
4816,"correct_conditional",NA,2.03106469736016,0.177528631818624
4817,"history_naive",15,9.62858994375373e+285,9.62858994375373e+285
4817,"practical_naive",NA,6.41550915928938,0.343982292885624
4817,"correct_conditional",NA,2.77336136664939,0.174398821830039
4818,"history_naive",14,9.56139167787246e+285,9.56139167787246e+285
4818,"practical_naive",NA,1.44923718648429,0.164817639919017
4818,"correct_conditional",NA,1.32725786546235,0.101120876487535
4819,"history_naive",14,7.41175851801763e+285,4.94117234534509e+285
4819,"practical_naive",NA,1.21777078179444,0.207634239551829
4819,"correct_conditional",NA,1.1812273012705,0.618060179465589
4820,"history_naive",15,9.68656422422173e+285,9.68656422422173e+285
4820,"practical_naive",NA,1.41024493552309,0.0550104834227605
4820,"correct_conditional",NA,1.27505173599963,0.0230703665317011
4821,"history_naive",14,9.58054318369665e+285,9.58054318369665e+285
4821,"practical_naive",NA,1.01306183952894,0.334306207156984
4821,"correct_conditional",NA,1.00441319564578,0.268701322880611
4822,"history_naive",14,9.42839881023018e+285,9.42839881023018e+285
4822,"practical_naive",NA,1.71560978374606,0.335357916386888
4822,"correct_conditional",NA,1.1058823617573,0.148715193596123
4823,"history_naive",14,9.28795853287183e+285,9.28795853287183e+285
4823,"practical_naive",NA,5.22831985082223,0.204549257167722
4823,"correct_conditional",NA,2.82028716974501,0.372798973407219
4824,"history_naive",15,9.64787604797361e+285,9.64787604797361e+285
4824,"practical_naive",NA,1.17656929912304,0.164468096891598
4824,"correct_conditional",NA,1.1138460054798,0.0488523475995301
4825,"history_naive",15,9.48516772864724e+285,9.48516772864724e+285
4825,"practical_naive",NA,1.31752842582365,0.214170299384095
4825,"correct_conditional",NA,1.17647280625367,0.193888996158512
4826,"history_naive",15,9.48516772864725e+285,9.48516772864725e+285
4826,"practical_naive",NA,1.36865435120321,0.249930884530477
4826,"correct_conditional",NA,1.05764766899889,0.26083153764602
4827,"history_naive",14,9.63822817192562e+285,9.63822817192562e+285
4827,"practical_naive",NA,1.16735685764269,0.992311243242201
4827,"correct_conditional",NA,1.74784319311911,1.64958495792979
4828,"history_naive",15,7.34531889300732e+285,4.89687926200488e+285
4828,"practical_naive",NA,1.535899152526,0.221569931351571
4828,"correct_conditional",NA,1.36905190536895,0.543298080974219
4829,"history_naive",15,9.76440661991959e+285,9.76440661991959e+285
4829,"practical_naive",NA,1.26400605335044,0.205741843039575
4829,"correct_conditional",NA,1.30618237497083,0.374882681015327
4830,"history_naive",15,9.54227845590835e+285,9.54227845590835e+285
4830,"practical_naive",NA,1.86734916493866,0.3377037583365
4830,"correct_conditional",NA,1.08913898363846,0.123255501669583
4831,"history_naive",14,9.76440661991954e+285,9.76440661991954e+285
4831,"practical_naive",NA,1.17509502763245,0.228254017376756
4831,"correct_conditional",NA,1.35704804411968,0.253841474356568
4832,"history_naive",15,7.30135701263645e+285,4.86757134175764e+285
4832,"practical_naive",NA,1.28648677061653,0.25630128644598
4832,"correct_conditional",NA,1.27505274434812,0.557757070105068
4833,"history_naive",14,7.4191776957133e+285,4.94611846380887e+285
4833,"practical_naive",NA,1.02564498606946,0.205887054000506
4833,"correct_conditional",NA,1.02165161458368,0.256279458183546
4834,"history_naive",15,9.54227845590837e+285,9.54227845590837e+285
4834,"practical_naive",NA,1.21989374946118,0.173664769364748
4834,"correct_conditional",NA,1.17516771027499,0.23169026443046
4835,"history_naive",14,7.27219536352986e+285,4.84813024235324e+285
4835,"practical_naive",NA,1.05084050258117,0.337752594354697
4835,"correct_conditional",NA,1.04705642556363,0.489360290371819
4836,"history_naive",14,7.1997997875478e+285,4.79986652503187e+285
4836,"practical_naive",NA,1.56388624733308,0.224810065577284
4836,"correct_conditional",NA,4.19259981162272,0.482681481412552
4837,"history_naive",14,9.72540754083175e+285,9.72540754083175e+285
4837,"practical_naive",NA,17.4157983415374,0.245577347135983
4837,"correct_conditional",NA,6.55326397884266,0.0773684707939802
4838,"history_naive",14,9.65753358155517e+285,9.65753358155517e+285
4838,"practical_naive",NA,1.9908872047057,0.221208078612491
4838,"correct_conditional",NA,1.20202186077207,0.60065891574749
4839,"history_naive",14,9.73514268351525e+285,9.73514268351525e+285
4839,"practical_naive",NA,1.41428066432929,0.209507376790023
4839,"correct_conditional",NA,1.45897875142573,0.272918685427724
4840,"history_naive",14,9.5613916778724e+285,9.5613916778724e+285
4840,"practical_naive",NA,2.00009672563094,0.151100039839659
4840,"correct_conditional",NA,1.50640563165093,0.231079469601925
4841,"history_naive",15,9.72540754083172e+285,9.72540754083172e+285
4841,"practical_naive",NA,8.64014047561805,0.379017035097988
4841,"correct_conditional",NA,1.25516866108169,0.0388971759315295
4842,"history_naive",14,9.61896135380994e+285,9.61896135380994e+285
4842,"practical_naive",NA,1.05619625738916,0.200718532668778
4842,"correct_conditional",NA,1.03582284702641,0.176155675601924
4843,"history_naive",15,9.60934239245619e+285,9.60934239245619e+285
4843,"practical_naive",NA,1.51448363076773,0.630529983246079
4843,"correct_conditional",NA,1.64501107914334,0.879124599958194
4844,"history_naive",15,9.70596645115764e+285,9.70596645115764e+285
4844,"practical_naive",NA,3.24843597554454,0.137221349437674
4844,"correct_conditional",NA,2.34696292041163,0.210910483035237
4845,"history_naive",15,9.62858994375374e+285,9.62858994375374e+285
4845,"practical_naive",NA,1.02607135613132,0.119706469529936
4845,"correct_conditional",NA,1.00609557532022,0.225939998974818
4846,"history_naive",14,9.47568256091864e+285,9.47568256091864e+285
4846,"practical_naive",NA,4.18843659776757,0.422440572014499
4846,"correct_conditional",NA,4.29638455078179,1.10816441945581
4847,"history_naive",15,7.23590703598022e+285,4.82393802398682e+285
4847,"practical_naive",NA,1.04059196896079,0.215416624572035
4847,"correct_conditional",NA,1.00864782881925,0.220329861839436
4848,"history_naive",14,7.42660430001335e+285,4.95106953334223e+285
4848,"practical_naive",NA,1.25021046715176,0.193567784827923
4848,"correct_conditional",NA,1.35262471829386,0.281524194896157
4849,"history_naive",14,9.67687765999757e+285,9.67687765999757e+285
4849,"practical_naive",NA,1.40162694126146,0.490727974194378
4849,"correct_conditional",NA,1.6885325951398,0.388682568471042
4850,"history_naive",14,7.22144245781535e+285,4.8142949718769e+285
4850,"practical_naive",510,29.6474631038793,0.216843026895621
4850,"correct_conditional",511,22.3220038971114,0.791980953871774
4851,"history_naive",15,7.26492316816631e+285,4.84328211211087e+285
4851,"practical_naive",NA,1.00790415127443,0.285529585656446
4851,"correct_conditional",NA,1.24231647833413,0.471414069284012
4852,"history_naive",14,9.53273617745248e+285,9.53273617745248e+285
4852,"practical_naive",NA,1.15402443865277,0.263697517285581
4852,"correct_conditional",NA,1.29328961781292,0.372750142285216
4853,"history_naive",15,9.67687765999752e+285,9.67687765999752e+285
4853,"practical_naive",NA,1.78654618958125,0.226987284459019
4853,"correct_conditional",NA,2.14620222042739,0.492797625350801
4854,"history_naive",14,7.14240258095628e+285,4.76160172063752e+285
4854,"practical_naive",NA,1.01450077917756,0.201180644791385
4854,"correct_conditional",NA,1.05549739652078,0.346178009404876
4855,"history_naive",14,7.41175851801759e+285,4.94117234534506e+285
4855,"practical_naive",NA,3.20242551346892,0.159518426170235
4855,"correct_conditional",NA,4.71393655596814,1.05948499846876
4856,"history_naive",14,7.22867112894423e+285,4.81911408596282e+285
4856,"practical_naive",NA,8.70956251947874,0.204297310940315
4856,"correct_conditional",NA,19.3963485315523,3.81166204747462
4857,"history_naive",15,9.60934239245619e+285,9.60934239245619e+285
4857,"practical_naive",NA,1.10182717829849,0.335623424810624
4857,"correct_conditional",NA,1.09031988876644,0.12595617095778
4858,"history_naive",14,9.82319866021767e+285,9.82319866021767e+285
4858,"practical_naive",NA,1.68975086169048,0.103476436145908
4858,"correct_conditional",NA,1.49772979124479,0.2963534846944
4859,"history_naive",14,7.33797357411433e+285,4.89198238274288e+285
4859,"practical_naive",NA,1.54721300200017,0.872231132529796
4859,"correct_conditional",NA,1.59773605846076,0.950605139743501
4860,"history_naive",15,9.67687765999746e+285,9.67687765999746e+285
4860,"practical_naive",NA,1.50094558367823,0.190893060116624
4860,"correct_conditional",NA,1.3260830671614,0.212942493052808
4861,"history_naive",14,7.37477376893218e+285,4.91651584595478e+285
4861,"practical_naive",NA,2.00835588681804,0.195764819457497
4861,"correct_conditional",NA,1.03718890939296,0.268773409238618
4862,"history_naive",15,9.4472839308079e+285,9.4472839308079e+285
4862,"practical_naive",NA,3.03924215270166,0.0247516433800248
4862,"correct_conditional",NA,2.7366496134936,0.0478015524605827
4863,"history_naive",14,9.73514268351521e+285,9.73514268351521e+285
4863,"practical_naive",NA,1.64863114779574,0.150096562699867
4863,"correct_conditional",NA,1.53903604826614,0.120866020648225
4864,"history_naive",14,9.74488757108635e+285,9.74488757108635e+285
4864,"practical_naive",NA,11.2524003178948,4.88848989243568
4864,"correct_conditional",NA,2.57557162119811,1.19420713938671
4865,"history_naive",14,9.73514268351526e+285,9.73514268351526e+285
4865,"practical_naive",NA,1.14367035622024,0.210839488558525
4865,"correct_conditional",NA,1.00373919548904,0.104745638490642
4866,"history_naive",15,7.23590703598023e+285,4.82393802398682e+285
4866,"practical_naive",NA,2.12699205473713,0.617587252138107
4866,"correct_conditional",NA,1.90479829945601,0.642308666395184
4867,"history_naive",14,7.30135701263645e+285,4.86757134175763e+285
4867,"practical_naive",NA,2.01087280189968,0.203955028322504
4867,"correct_conditional",NA,1.93998108130371,1.07314170056858
4868,"history_naive",14,9.85272729376976e+285,9.85272729376976e+285
4868,"practical_naive",NA,5.56260530983899,0.0411593202608732
4868,"correct_conditional",NA,2.30625148713108,0.0304972229071199
4869,"history_naive",15,9.76440661991956e+285,9.76440661991956e+285
4869,"practical_naive",NA,1.54489164383258,0.214429273255962
4869,"correct_conditional",NA,1.41099924148154,0.187005012419467
4870,"history_naive",14,9.62858994375371e+285,9.62858994375371e+285
4870,"practical_naive",NA,7.71486950557174,0.202374860851078
4870,"correct_conditional",NA,5.02756657181236,0.404938268723952
4871,"history_naive",14,9.91205111780223e+285,9.91205111780223e+285
4871,"practical_naive",NA,1.23823794883569,0.178748903855614
4871,"correct_conditional",NA,1.24956136181344,0.401386257988973
4872,"history_naive",15,9.66720078233754e+285,9.66720078233754e+285
4872,"practical_naive",NA,18.7590894816104,0.0670166991348239
4872,"correct_conditional",NA,13.5596305229474,0.360880318464304
4873,"history_naive",14,7.41917769571332e+285,4.94611846380888e+285
4873,"practical_naive",NA,1.11069694656148,0.192352451854322
4873,"correct_conditional",NA,1.16629412239033,0.374444258181065
4874,"history_naive",15,7.40434675949959e+285,4.93623117299973e+285
4874,"practical_naive",NA,1.33437266987618,0.428643013912608
4874,"correct_conditional",NA,1.7917418507678,0.631542778943128
4875,"history_naive",15,9.5041665575959e+285,9.5041665575959e+285
4875,"practical_naive",NA,2.06734864337427,0.155696060141711
4875,"correct_conditional",NA,1.19788288977303,0.235889968864395
4876,"history_naive",14,9.69626048470644e+285,9.69626048470644e+285
4876,"practical_naive",NA,1.48957433314262,0.287154063316534
4876,"correct_conditional",NA,3.15326912030599,0.60407910917845
4877,"history_naive",14,9.88234469069021e+285,9.88234469069021e+285
4877,"practical_naive",NA,2.73433972703438,0.219251349759384
4877,"correct_conditional",NA,1.8831133214013,0.31128456196407
4878,"history_naive",14,9.72540754083174e+285,9.72540754083174e+285
4878,"practical_naive",NA,5.24464659093842,1.77287405997819
4878,"correct_conditional",NA,1.81944238132932,0.585406235725219
4879,"history_naive",14,7.27219536352982e+285,4.84813024235321e+285
4879,"practical_naive",NA,1.40088323130273,0.349096257926011
4879,"correct_conditional",NA,1.10266421404057,0.646564021212798
4880,"history_naive",14,7.41917769571333e+285,4.94611846380889e+285
4880,"practical_naive",NA,2.24206622387392,0.0935426025938362
4880,"correct_conditional",NA,5.64612821777013,1.54460435856404
4881,"history_naive",14,7.29405565562379e+285,4.86270377041586e+285
4881,"practical_naive",NA,2.05737791318447,0.219253252328224
4881,"correct_conditional",NA,2.83212299565433,0.757097122663305
4882,"history_naive",15,9.65753358155522e+285,9.65753358155522e+285
4882,"practical_naive",NA,18.142491648043,0.607004018430595
4882,"correct_conditional",NA,12.258422315028,0.373514713636226
4883,"history_naive",14,9.48516772864729e+285,9.48516772864729e+285
4883,"practical_naive",NA,2.39428525471039,1.61383307181474
4883,"correct_conditional",NA,1.35516586482657,0.534146739353318
4884,"history_naive",15,9.62858994375374e+285,9.62858994375374e+285
4884,"practical_naive",NA,2.06391759772238,0.152720095197183
4884,"correct_conditional",NA,1.2661097502029,0.094599820352308
4885,"history_naive",14,9.72540754083171e+285,9.72540754083171e+285
4885,"practical_naive",NA,1.25796855698739,0.172044672665979
4885,"correct_conditional",NA,3.90085346583648,1.48931903895455
4886,"history_naive",14,7.30135701263643e+285,4.86757134175762e+285
4886,"practical_naive",NA,1.92801440900278,0.0792091724831205
4886,"correct_conditional",NA,1.50879511023676,0.0795878434734441
4887,"history_naive",14,9.67687765999758e+285,9.67687765999758e+285
4887,"practical_naive",NA,1.7589668183667,0.124451871095525
4887,"correct_conditional",NA,1.48324308076528,0.348595549401476
4888,"history_naive",14,9.73514268351528e+285,9.73514268351528e+285
4888,"practical_naive",NA,1.00265945751903,0.332108589532336
4888,"correct_conditional",NA,1.12820067707272,1.04218091596815
4889,"history_naive",15,9.60934239245614e+285,9.60934239245614e+285
4889,"practical_naive",762,20.0792535703324,0.292955086660571
4889,"correct_conditional",NA,4.22341132741629,0.353348241277322
4890,"history_naive",14,9.6768776599975e+285,9.6768776599975e+285
4890,"practical_naive",NA,1.09519804118858,0.156936856420372
4890,"correct_conditional",NA,1.11910006788552,0.135511805140752
4891,"history_naive",15,9.75464221329965e+285,9.75464221329965e+285
4891,"practical_naive",NA,2.02509800893712,0.135667242770978
4891,"correct_conditional",NA,1.69913401116924,0.163627265103211
4892,"history_naive",15,9.61896135380992e+285,9.61896135380992e+285
4892,"practical_naive",NA,1.18085171791747,0.15447028162248
4892,"correct_conditional",NA,1.67063900542016,0.369435390030024
4893,"history_naive",15,9.81337546155743e+285,9.81337546155743e+285
4893,"practical_naive",NA,1.88931663097014,0.280761332198186
4893,"correct_conditional",NA,1.7191225200828,0.0902147374732906
4894,"history_naive",15,7.19259998776025e+285,4.79506665850683e+285
4894,"practical_naive",NA,1.37166749505867,0.274250435219026
4894,"correct_conditional",NA,1.56892696307198,0.919754517465021
4895,"history_naive",14,9.66720078233754e+285,9.66720078233754e+285
4895,"practical_naive",NA,1.277344870985,0.202030058081678
4895,"correct_conditional",NA,1,0.252202574327826
4896,"history_naive",15,9.56139167787238e+285,9.56139167787238e+285
4896,"practical_naive",NA,3.79296001604832,0.136993096205673
4896,"correct_conditional",NA,2.76761514561528,0.214142892693998
4897,"history_naive",14,7.43403833835167e+285,4.95602555890111e+285
4897,"practical_naive",NA,4.34612569379523,0.21126488052811
4897,"correct_conditional",NA,1.62985365212153,0.133198586236971
4898,"history_naive",15,7.38954547032735e+285,4.9263636468849e+285
4898,"practical_naive",NA,5.47478971545649,0.107854011441314
4898,"correct_conditional",NA,19.3395758242298,0.956759258781657
4899,"history_naive",14,9.79375852400975e+285,9.79375852400975e+285
4899,"practical_naive",2239,46.0315479692793,33.071540072647
4899,"correct_conditional",NA,13.8330698982316,5.05372445561751
4900,"history_naive",14,9.82319866021761e+285,9.82319866021761e+285
4900,"practical_naive",NA,8.85620073549392,0.234374419132869
4900,"correct_conditional",NA,6.12150193831725,0.347624113301426
4901,"history_naive",15,7.2431501861664e+285,4.8287667907776e+285
4901,"practical_naive",NA,2.2276573677135,0.100305578953775
4901,"correct_conditional",NA,2.79823704586919,0.101520911502196
4902,"history_naive",14,9.78396476548576e+285,9.78396476548576e+285
4902,"practical_naive",NA,2.09441003624361,0.574655423379372
4902,"correct_conditional",NA,1.18198654925116,0.393379211301733
4903,"history_naive",14,9.59013331701368e+285,9.59013331701368e+285
4903,"practical_naive",NA,1.04058686785139,0.181988748155013
4903,"correct_conditional",NA,1.01843243134045,0.452925457502272
4904,"history_naive",14,9.56139167787247e+285,9.56139167787247e+285
4904,"practical_naive",NA,7.0580091866744,0.113445502005307
4904,"correct_conditional",NA,1.17862127091976,0.0412726262695727
4905,"history_naive",14,9.70596645115763e+285,9.70596645115763e+285
4905,"practical_naive",NA,1.37818047318485,0.182378595096804
4905,"correct_conditional",NA,1.1992770365078,0.20149631538385
4906,"history_naive",15,9.85272729376977e+285,9.85272729376977e+285
4906,"practical_naive",NA,2.52759564131956,1.35634556360598
4906,"correct_conditional",NA,4.96857632523764,4.55872124350604
4907,"history_naive",14,7.29405565562381e+285,4.86270377041587e+285
4907,"practical_naive",NA,1.1916837619501,0.15407308523051
4907,"correct_conditional",NA,1.22830995017738,0.0789696514955107
4908,"history_naive",14,9.94184684273177e+285,9.94184684273177e+285
4908,"practical_naive",NA,1.29585745676571,0.465879426219627
4908,"correct_conditional",NA,1.00402783461187,0.384596927807984
4909,"history_naive",14,9.69626048470644e+285,9.69626048470644e+285
4909,"practical_naive",NA,7.71465090712022,0.226387806539606
4909,"correct_conditional",NA,15.9233773446665,1.30490618635335
4910,"history_naive",14,7.28676159996818e+285,4.85784106664546e+285
4910,"practical_naive",NA,1.18372916395277,0.216489870060084
4910,"correct_conditional",NA,1.18427650721358,0.481092880533223
4911,"history_naive",14,9.62858994375375e+285,9.62858994375375e+285
4911,"practical_naive",NA,1.47384517106214,0.162030975958534
4911,"correct_conditional",NA,2.97635752767738,1.45118216698126
4912,"history_naive",14,9.73514268351524e+285,9.73514268351524e+285
4912,"practical_naive",NA,1.16492048438445,0.124345765634604
4912,"correct_conditional",NA,1.11689371524862,0.100568931600665
4913,"history_naive",15,9.59973305006375e+285,9.59973305006375e+285
4913,"practical_naive",NA,1.33503517975756,0.281844077709564
4913,"correct_conditional",NA,1.07304452502229,0.907064385097545
4914,"history_naive",15,9.43783664687707e+285,9.43783664687707e+285
4914,"practical_naive",NA,1.35296119103566,0.207377789748046
4914,"correct_conditional",NA,2.70800672480158,0.74553299639986
4915,"history_naive",15,9.6285899437537e+285,9.6285899437537e+285
4915,"practical_naive",NA,2.49651796945829,0.21861990419408
4915,"correct_conditional",NA,2.39739786025523,0.59344594980265
4916,"history_naive",14,9.57096264051292e+285,9.57096264051292e+285
4916,"practical_naive",NA,1.01876432295729,0.405156332631516
4916,"correct_conditional",NA,2.26489753406638,0.928899918585948
4917,"history_naive",14,9.64787604797363e+285,9.64787604797363e+285
4917,"practical_naive",NA,1.51264543678613,0.260400355602691
4917,"correct_conditional",NA,1.25446006361478,0.156158315790184
4918,"history_naive",15,7.22867112894425e+285,4.81911408596283e+285
4918,"practical_naive",NA,1.01119922381813,0.158253369712046
4918,"correct_conditional",NA,1.01195221439964,0.167962279021242
4919,"history_naive",14,9.64787604797365e+285,9.64787604797365e+285
4919,"practical_naive",NA,2.00884091934237,0.244644239038559
4919,"correct_conditional",NA,4.07968335364035,2.41173394970397
4920,"history_naive",14,9.70596645115757e+285,9.70596645115757e+285
4920,"practical_naive",NA,3.32174324285782,0.927986447336842
4920,"correct_conditional",NA,1.00670207215023,0.0703361747412904
4921,"history_naive",14,7.2214424578153e+285,4.81429497187686e+285
4921,"practical_naive",NA,2.9086401990304,0.0959618897082783
4921,"correct_conditional",NA,2.181098090654,0.0725555341301469
4922,"history_naive",14,7.29405565562378e+285,4.86270377041585e+285
4922,"practical_naive",NA,1.12442069029977,0.201967293546028
4922,"correct_conditional",NA,1.00560893289491,0.241197173904229
4923,"history_naive",14,9.70596645115756e+285,9.70596645115756e+285
4923,"practical_naive",NA,1.05603301025264,0.221844987353198
4923,"correct_conditional",NA,2.26180945976011,0.309579608840111
4924,"history_naive",15,7.25765824499814e+285,4.83843882999876e+285
4924,"practical_naive",NA,5.46533709736596,0.140719010152572
4924,"correct_conditional",NA,1.70528852556862,0.0615997110148017
4925,"history_naive",14,9.57096264051294e+285,9.57096264051294e+285
4925,"practical_naive",NA,1.45097561206082,0.267084926537272
4925,"correct_conditional",NA,1.0440998260092,0.264695950273226
4926,"history_naive",14,9.8231986602176e+285,9.8231986602176e+285
4926,"practical_naive",NA,1.14346334941626,0.206579833923229
4926,"correct_conditional",NA,1.16316987634008,0.382530621863514
4927,"history_naive",14,9.59013331701365e+285,9.59013331701365e+285
4927,"practical_naive",NA,1.71566780541621,0.737532853046621
4927,"correct_conditional",NA,1.84235947779279,0.800970565148045
4928,"history_naive",14,7.47879910043162e+285,4.98586606695442e+285
4928,"practical_naive",NA,1.49034134334641,0.205172783652954
4928,"correct_conditional",NA,1.35889204135129,0.324504912392424
4929,"history_naive",14,9.60934239245616e+285,9.60934239245616e+285
4929,"practical_naive",NA,1.41433670023349,0.210233474030199
4929,"correct_conditional",NA,1.03223062125804,0.4110791567589
4930,"history_naive",14,7.20700679434214e+285,4.80467119622809e+285
4930,"practical_naive",NA,2.42788117435121,0.294884958936309
4930,"correct_conditional",NA,1.45788662893872,0.125358519256793
4931,"history_naive",15,9.6575335815552e+285,9.6575335815552e+285
4931,"practical_naive",NA,1.61943742837132,0.323226850291063
4931,"correct_conditional",NA,2.31100457482475,1.14853364862912
4932,"history_naive",15,7.38215592485701e+285,4.92143728323801e+285
4932,"practical_naive",NA,1.09380860527673,0.746370381543162
4932,"correct_conditional",NA,1.9596291197206,0.852067443334692
4933,"history_naive",14,9.59013331701368e+285,9.59013331701368e+285
4933,"practical_naive",NA,1.02443552924463,0.566841881915831
4933,"correct_conditional",NA,1.93326370278653,1.09758960535748
4934,"history_naive",14,9.72540754083172e+285,9.72540754083172e+285
4934,"practical_naive",NA,2.04853218417651,0.506946780285601
4934,"correct_conditional",NA,2.58922164270351,0.430788492141398
4935,"history_naive",15,7.4117585180176e+285,4.94117234534507e+285
4935,"practical_naive",NA,2.80659049471305,0.0837875355122262
4935,"correct_conditional",NA,2.67053548371541,0.0424075234291993
4936,"history_naive",14,9.62858994375373e+285,9.62858994375373e+285
4936,"practical_naive",NA,5.72805992889642,0.14680494208395
4936,"correct_conditional",NA,1.9101403613376,0.213233793059683
4937,"history_naive",14,7.23590703598021e+285,4.82393802398681e+285
4937,"practical_naive",NA,2.25627103117263,0.18951185165135
4937,"correct_conditional",NA,1.18452208517981,0.223352367519594
4938,"history_naive",14,9.64787604797371e+285,9.64787604797371e+285
4938,"practical_naive",NA,4.20753242736214,0.378528846863165
4938,"correct_conditional",NA,1.72314008677884,0.296315081752749
4939,"history_naive",14,7.5163055402027e+285,5.01087036013514e+285
4939,"practical_naive",NA,4.38963644894719,0.125389603488605
4939,"correct_conditional",NA,3.37763330088522,0.739791770937808
4940,"history_naive",14,9.55183028619455e+285,9.55183028619455e+285
4940,"practical_naive",NA,1.24985307420503,0.193602668162659
4940,"correct_conditional",NA,1.36563944559272,0.383488285334198
4941,"history_naive",14,9.71568213329089e+285,9.71568213329089e+285
4941,"practical_naive",NA,1.58237161851382,0.180490988112366
4941,"correct_conditional",NA,1.43001228376075,0.778926947050563
4942,"history_naive",15,7.33797357411435e+285,4.8919823827429e+285
4942,"practical_naive",NA,3.4320870773343,0.269764840786837
4942,"correct_conditional",NA,4.0387935430586,0.190689656758694
4943,"history_naive",15,9.75464221329964e+285,9.75464221329964e+285
4943,"practical_naive",NA,7.48626153790614,0.300151271112835
4943,"correct_conditional",NA,15.1444557016029,2.63778502438614
4944,"history_naive",14,7.50878923466253e+285,5.00585948977502e+285
4944,"practical_naive",NA,2.5141043875073,0.219051819253383
4944,"correct_conditional",NA,1.68123649437386,0.276600716050666
4945,"history_naive",14,7.12099679327873e+285,4.74733119551915e+285
4945,"practical_naive",NA,1.31416567858952,0.16371738169923
4945,"correct_conditional",NA,1.46937098409822,0.129313020132304
4946,"history_naive",14,9.7351426835152e+285,9.7351426835152e+285
4946,"practical_naive",NA,1.44450280526688,0.168054189134563
4946,"correct_conditional",NA,1.37304235791509,0.453387113700896
4947,"history_naive",14,9.77418080072027e+285,9.77418080072027e+285
4947,"practical_naive",1841,39.3620719043166,0.657859316700311
4947,"correct_conditional",1233,100.135113028467,9.01047551006913
4948,"history_naive",14,9.59973305006366e+285,9.59973305006366e+285
4948,"practical_naive",NA,1.59181623556572,0.410773179267134
4948,"correct_conditional",NA,1.72550229655659,0.334608536684851
4949,"history_naive",14,7.05716358075639e+285,4.70477572050426e+285
4949,"practical_naive",NA,1.19629160872728,0.19912552593854
4949,"correct_conditional",NA,1.02343365591626,0.0564588964601771
4950,"history_naive",14,9.92197309089311e+285,9.92197309089311e+285
4950,"practical_naive",NA,1.74102834623379,0.225486271769865
4950,"correct_conditional",NA,1.43558014586357,0.353486475445642
4951,"history_naive",14,9.7254075408317e+285,9.7254075408317e+285
4951,"practical_naive",NA,1.17410269293381,0.216007986722355
4951,"correct_conditional",NA,1.07471440598624,0.37964039107264
4952,"history_naive",14,9.5901333170136e+285,9.5901333170136e+285
4952,"practical_naive",NA,1.37044722380044,1.0751390103743
4952,"correct_conditional",NA,4.95583410841314,3.220343160956
4953,"history_naive",14,9.79375852400977e+285,9.79375852400977e+285
4953,"practical_naive",NA,6.31709261496137,1.15396401669691
4953,"correct_conditional",1342,29.7864046295583,3.39507749553121
4954,"history_naive",15,7.33797357411435e+285,4.8919823827429e+285
4954,"practical_naive",NA,1.0850582692005,0.186612191847867
4954,"correct_conditional",NA,1.13981620889159,0.5150398951284
4955,"history_naive",15,9.76440661991956e+285,9.76440661991956e+285
4955,"practical_naive",NA,1.10060094732345,0.154267652200908
4955,"correct_conditional",NA,1.07977162676405,0.380900665763709
4956,"history_naive",14,9.8527272937698e+285,9.8527272937698e+285
4956,"practical_naive",NA,13.9382077376604,0.362903409015201
4956,"correct_conditional",NA,4.86149567342657,0.581638188791991
4957,"history_naive",14,9.88234469069016e+285,9.88234469069016e+285
4957,"practical_naive",NA,1.66659818284014,0.218292526313295
4957,"correct_conditional",NA,5.6808547558426,1.86296144325729
4958,"history_naive",14,9.66720078233752e+285,9.66720078233752e+285
4958,"practical_naive",NA,1.22168941032364,0.237817345242069
4958,"correct_conditional",NA,1.35203708432778,0.241347085958177
4959,"history_naive",14,9.75464221329968e+285,9.75464221329968e+285
4959,"practical_naive",NA,2.72788021456254,0.175715797903975
4959,"correct_conditional",NA,1.3459815708044,0.0858178329619714
4960,"history_naive",14,9.67687765999752e+285,9.67687765999752e+285
4960,"practical_naive",NA,1.4822110845916,0.160311925567805
4960,"correct_conditional",NA,1.32512021206363,0.199164036507732
4961,"history_naive",15,9.76440661991955e+285,9.76440661991955e+285
4961,"practical_naive",NA,3.44288377457216,1.77698606742727
4961,"correct_conditional",NA,1.10054583340023,0.929671984848595
4962,"history_naive",15,7.1352601783753e+285,4.75684011891686e+285
4962,"practical_naive",NA,1,0.23046987134608
4962,"correct_conditional",NA,1.13839115794606,0.495363432143195
4963,"history_naive",14,9.59013331701364e+285,9.59013331701364e+285
4963,"practical_naive",NA,1.06153152188345,0.199222620913401
4963,"correct_conditional",NA,1.06183949753935,0.273129828755779
4964,"history_naive",14,7.38954547032736e+285,4.92636364688491e+285
4964,"practical_naive",NA,1.60126868529244,0.632780175388332
4964,"correct_conditional",NA,3.12618410618742,0.199662756383481
4965,"history_naive",14,9.80356208609589e+285,9.80356208609589e+285
4965,"practical_naive",NA,6.93185822817625,0.216437873521568
4965,"correct_conditional",NA,4.25095787526348,0.157605349036962
4966,"history_naive",15,7.1997997875478e+285,4.79986652503187e+285
4966,"practical_naive",NA,8.97748344691957,0.722772315632544
4966,"correct_conditional",NA,13.5874992546803,0.270685125782589
4967,"history_naive",14,7.38954547032733e+285,4.92636364688489e+285
4967,"practical_naive",NA,1.96388406118753,0.270926599270359
4967,"correct_conditional",NA,1.29241074281782,0.241841097904806
4968,"history_naive",14,7.19259998776024e+285,4.79506665850682e+285
4968,"practical_naive",NA,1.09334038476156,0.245087528766475
4968,"correct_conditional",NA,1.10869834878336,0.578613387198803
4969,"history_naive",14,9.92197309089311e+285,9.92197309089311e+285
4969,"practical_naive",NA,4.93169610856573,0.131137182500504
4969,"correct_conditional",NA,7.96092680655503,1.77637986832671
4970,"history_naive",14,7.23590703598022e+285,4.82393802398681e+285
4970,"practical_naive",NA,1.04710177831775,0.176556932379461
4970,"correct_conditional",NA,1.14773530479382,0.19949347485736
4971,"history_naive",14,9.66720078233754e+285,9.66720078233754e+285
4971,"practical_naive",NA,1.20197097823604,0.150809148275228
4971,"correct_conditional",NA,1.23154020287363,0.15018834553233
4972,"history_naive",14,7.30135701263642e+285,4.86757134175762e+285
4972,"practical_naive",NA,1.6950012853542,0.206253726692673
4972,"correct_conditional",NA,1.10986164234302,0.20162074753833
4973,"history_naive",14,9.60934239245618e+285,9.60934239245618e+285
4973,"practical_naive",NA,1.38430793421102,0.123773022775239
4973,"correct_conditional",NA,1.32721846252596,0.0690791391586056
4974,"history_naive",14,9.59013331701369e+285,9.59013331701369e+285
4974,"practical_naive",NA,2.59839427293169,0.0904340261061588
4974,"correct_conditional",NA,1.77785856774493,0.103300294171944
4975,"history_naive",14,7.22867112894426e+285,4.81911408596284e+285
4975,"practical_naive",NA,1.01150091750021,0.225866909443703
4975,"correct_conditional",NA,2.09464715227441,0.763990443295977
4976,"history_naive",14,7.17104375840437e+285,4.78069583893625e+285
4976,"practical_naive",NA,1.12733081837074,0.21474806920536
4976,"correct_conditional",NA,1.71278557899938,0.562611864477664
4977,"history_naive",15,9.66720078233752e+285,9.66720078233752e+285
4977,"practical_naive",NA,2.71967636460576,0.207291079538093
4977,"correct_conditional",NA,1.49337297311257,0.122633883105175
4978,"history_naive",14,7.25765824499815e+285,4.83843882999877e+285
4978,"practical_naive",NA,1.11252684350022,0.218383827020468
4978,"correct_conditional",NA,1.06582491053191,0.26774393781589
4979,"history_naive",14,7.27947483836823e+285,4.85298322557882e+285
4979,"practical_naive",NA,1.9013167350642,0.170722029919986
4979,"correct_conditional",NA,1.00265091128033,0.234436564832056
4980,"history_naive",15,9.70596645115764e+285,9.70596645115764e+285
4980,"practical_naive",NA,5.81397764621837,0.922648104739142
4980,"correct_conditional",758,62.4499080781991,35.0783142604635
4981,"history_naive",14,9.83303169190959e+285,9.83303169190959e+285
4981,"practical_naive",NA,1.19828056871524,0.173297156538716
4981,"correct_conditional",NA,1.34805988341446,0.194858419619191
4982,"history_naive",14,9.75464221329968e+285,9.75464221329968e+285
4982,"practical_naive",NA,9.20321609709128,0.234711040419899
4982,"correct_conditional",NA,16.2149183649641,0.465297429104718
4983,"history_naive",14,7.19259998776022e+285,4.79506665850681e+285
4983,"practical_naive",NA,1.45762970910149,0.403647255748084
4983,"correct_conditional",NA,1.43903731626207,0.817989865245717
4984,"history_naive",15,9.8823446906902e+285,9.8823446906902e+285
4984,"practical_naive",NA,1.13934742581127,0.246045076945068
4984,"correct_conditional",NA,1.13612335334655,0.573499849714539
4985,"history_naive",14,7.23590703598023e+285,4.82393802398682e+285
4985,"practical_naive",NA,5.3700980773311,0.606218411180794
4985,"correct_conditional",NA,4.75221191886311,3.73947046444031
4986,"history_naive",15,9.84287456647601e+285,9.84287456647601e+285
4986,"practical_naive",NA,1.22568898060627,0.209775101536716
4986,"correct_conditional",NA,3.01042790031772,0.6543642178305
4987,"history_naive",14,9.86258988365347e+285,9.86258988365347e+285
4987,"practical_naive",NA,1.01284185734677,0.298240786346792
4987,"correct_conditional",NA,1.52957455471939,0.714271162268833
4988,"history_naive",14,9.73514268351526e+285,9.73514268351526e+285
4988,"practical_naive",NA,1.24421032397119,0.22679916804469
4988,"correct_conditional",NA,1.06723408448835,0.166463749999413
4989,"history_naive",14,9.59973305006373e+285,9.59973305006373e+285
4989,"practical_naive",NA,1.6075873854676,0.617732719629657
4989,"correct_conditional",NA,1.86166488816759,0.841265078929914
4990,"history_naive",14,9.73514268351527e+285,9.73514268351527e+285
4990,"practical_naive",NA,1.17899542624708,0.193128171598522
4990,"correct_conditional",NA,2.85008465225775,1.08141297165432
4991,"history_naive",14,7.42660430001334e+285,4.95106953334223e+285
4991,"practical_naive",NA,1.06476113423074,0.163464351572079
4991,"correct_conditional",NA,1.08483143509636,0.735948943334832
4992,"history_naive",14,9.57096264051294e+285,9.57096264051294e+285
4992,"practical_naive",NA,3.31069840542576,0.209407689585524
4992,"correct_conditional",NA,9.85856863719533,0.823060312837156
4993,"history_naive",15,9.92197309089317e+285,9.92197309089317e+285
4993,"practical_naive",NA,1.08846486115311,0.339602290481573
4993,"correct_conditional",NA,1.14242088103763,0.483161469277724
4994,"history_naive",15,7.20700679434214e+285,4.8046711962281e+285
4994,"practical_naive",NA,4.5016525390252,0.0885353942248449
4994,"correct_conditional",NA,4.63935372301073,0.0441945730602086
4995,"history_naive",14,9.76440661991954e+285,9.76440661991954e+285
4995,"practical_naive",NA,3.57166229997763,0.318855686678482
4995,"correct_conditional",NA,3.13783841375143,0.477459960869724
4996,"history_naive",14,9.72540754083175e+285,9.72540754083175e+285
4996,"practical_naive",NA,1.39323488741423,0.181182238541807
4996,"correct_conditional",NA,1.13207719842444,0.264462959388971
4997,"history_naive",14,9.88234469069012e+285,9.88234469069012e+285
4997,"practical_naive",NA,1.04488261188816,0.200359337258219
4997,"correct_conditional",NA,1.00161293857851,0.401954817200839
4998,"history_naive",14,9.92197309089314e+285,9.92197309089314e+285
4998,"practical_naive",NA,1.0993354437573,0.210906935491101
4998,"correct_conditional",NA,1.87735963179259,0.944510121568503
4999,"history_naive",14,9.74488757108633e+285,9.74488757108633e+285
4999,"practical_naive",NA,1.12454669826975,0.301234567454787
4999,"correct_conditional",NA,2.21713270783787,1.31284563819853
5000,"history_naive",14,9.69626048470643e+285,9.69626048470643e+285
5000,"practical_naive",NA,1.5898486892902,0.0876935821648057
5000,"correct_conditional",NA,1.46476607229387,0.224647167568731
